date,TX_C_city_mean,TN_C_city_mean,RR_mm_city_mean,PP_hPa_city_mean,FG_ms_city_mean,NDVI_city,TX_C_city_mean_anom,TN_C_city_mean_anom,NDVI_city_anom,ERA5_t2m_max_C,ERA5_tp_m,ERA5_u10_ms,ERA5_v10_ms,ERA5_t2m_min_C,ERA5_t2m_max_C_anom
2020-01-01,13.029032258064516,-0.4021505376344085,0.3736263736263736,1026.3266666666666,0.951948051948052,,-7.497440214642845,-8.558342555715223,,11.437592,3.2236176e-07,-0.50311935,-0.20598412,3.4375916,1.2544327
2020-01-02,12.129032258064514,-0.7182795698924731,0.3736263736263736,1025.3433333333337,1.0753246753246752,,-8.397440214642847,-8.874471587973288,,9.301971,6.9662923e-07,-0.7442603,-0.12390518,1.3019714,-0.88118744
2020-01-03,7.856989247311828,-0.2827956989247311,0.1428571428571428,1028.4566666666667,1.5376623376623375,,-12.669483225395531,-8.438987717005546,,9.165497,1.2146311e-06,-0.5488031,-0.39897856,1.1654968,-1.017662
2020-01-04,9.11720430107527,-0.467741935483871,0.0879120879120879,1029.13,2.135064935064935,,-11.40926817163209,-8.623933953564686,,10.44165,9.207917e-07,-1.1032616,-1.8610157,2.4416504,0.25849152
2020-01-05,9.881720430107526,-1.3075268817204304,0.1978021978021978,1025.0233333333333,1.018181818181818,,-10.644752042599835,-9.463718899801243,,11.763184,6.479968e-07,-0.5096033,-0.4196135,3.7631836,1.5800247
2020-01-06,11.896774193548389,-1.060215053763441,0.4725274725274725,1024.4800000000002,0.9907894736842104,,-8.629698279158973,-9.216407071844255,,11.032623,5.7006713e-07,-0.5515531,-0.4691944,3.0326233,0.8494644
2020-01-07,12.024731182795698,-0.8634408602150537,0.1538461538461538,1026.87,1.05974025974026,,-8.501741289911664,-9.019632878295868,,11.766022,3.551443e-08,-0.3193612,-0.38106093,3.7660217,1.5828629
2020-01-08,13.554838709677425,-0.543010752688172,0.1758241758241758,1024.3100000000002,0.985714285714286,,-6.9716337630299385,-8.699202770768986,,13.393585,0.0,-0.6023992,-0.5802498,5.393585,3.2104263
2020-01-09,12.58315789473684,0.4526315789473684,0.3076923076923077,1021.6566666666666,2.1455696202531644,,-7.94331457797052,-7.703560439133446,,11.489227,2.1619104e-07,-0.09820048,0.31643233,3.4892273,1.3060684
2020-01-10,9.41157894736842,-0.2894736842105263,0.0439560439560439,1024.193103448276,2.7187500000000004,,-11.11489352533894,-8.44566570229134,,10.300751,2.0784637e-06,-0.22024281,-2.2662544,2.3007507,0.11759186
2020-01-11,9.438541666666667,-2.4125,0.0434782608695652,1027.1833333333334,1.2175,,-11.087930806040694,-10.568692018080814,,10.068573,1.3286869e-07,-0.124601364,-0.7310975,2.068573,-0.11458588
2020-01-12,9.875,-3.305263157894737,0.2391304347826087,1026.0633333333333,1.097435897435897,,-10.65147247270736,-11.461455175975551,,8.856598,0.0,-0.28780982,-0.034852386,0.8565979,-1.326561
2020-01-13,8.995833333333334,-2.7906250000000004,0.2826086956521739,1021.5166666666668,1.5775,,-11.530639139374028,-10.946817018080814,,6.8875427,4.664064e-07,-0.25136438,0.5883904,-1.1124573,-3.2956161
2020-01-14,8.962500000000002,-2.263541666666667,7.9021739130434785,1017.69,2.085,,-11.56397247270736,-10.41973368474748,,7.2989197,4.0785721e-07,0.067269646,1.0379009,-0.7010803,-2.8842392
2020-01-15,9.253125,3.2739583333333333,34.20879120879121,1018.7533333333336,2.7212500000000004,,-11.27334747270736,-4.882233684747481,,8.863251,5.7811663e-05,-0.13658778,0.9663221,0.86325073,-1.3199081
2020-01-16,12.439583333333331,5.211458333333334,11.791208791208792,1019.9933333333332,3.585000000000001,,-8.086889139374028,-2.9447336847474803,,11.750122,6.97213e-05,0.38087428,1.3298529,3.750122,1.5669632
2020-01-17,10.923157894736844,3.4457446808510643,26.471910112359552,1023.6172413793104,2.69493670886076,,-9.603314577970515,-4.71044733722975,,11.748016,2.4281291e-05,1.8763738,1.0040885,3.7480164,1.5648575
2020-01-18,10.150000000000002,3.5446808510638297,36.71111111111111,1019.3206896551724,3.5089743589743594,,-10.37647247270736,-4.611511167016984,,8.828796,0.0010617196,0.6345664,1.4815513,0.8287964,-1.3543625
2020-01-19,7.68494623655914,0.6301075268817206,3.258426966292135,1018.3821428571428,6.102597402597403,,-12.84152623614822,-7.526084491199094,,8.302673,0.00024231493,-0.53000134,-3.9961917,0.30267334,-1.8804855
2020-01-20,4.352747252747252,-1.221978021978022,8.454545454545455,1019.603846153846,5.71578947368421,,-16.173725219960108,-9.378170040058835,,5.7568665,0.0010691759,-2.6579874,-4.7271404,-2.2431335,-4.4262924
2020-01-21,5.908695652173915,0.7684782608695654,24.89887640449438,1015.1407407407409,5.392105263157895,,-14.617776820533448,-7.387713757211249,,7.087677,0.0019632725,-3.4489567,-4.111673,-0.912323,-3.0954819
2020-01-22,8.669148936170213,2.6957446808510643,15.719101123595506,1012.886206896552,3.2620253164556963,,-11.857323536537148,-5.46044733722975,,8.258392,0.0031349445,-1.9931964,-2.0139074,0.25839233,-1.9247665
2020-01-23,8.835106382978724,1.7095744680851062,49.59340659340659,1013.1551724137933,2.7202531645569623,,-11.691366089728636,-6.446617549995708,,10.759552,0.00035785788,-1.3852749,-0.5774161,2.759552,0.5763931
2020-01-24,8.327956989247314,3.5602150537634403,55.40449438202247,1013.9892857142856,1.9307692307692308,,-12.198515483460048,-4.595976964317374,,8.602997,0.0031518403,-1.1966146,-0.25975227,0.6029968,-1.580162
2020-01-25,8.57741935483871,3.206451612903226,33.766666666666666,1011.9827586206897,1.7714285714285718,,-11.949053117868653,-4.949740405177588,,8.393829,0.0063613565,-0.57407254,0.8096389,0.39382935,-1.7893295
2020-01-26,9.348387096774193,1.5817204301075272,0.8222222222222222,1016.7275862068966,1.888311688311689,,-11.178085375933168,-6.574471587973287,,10.460175,0.0006979827,1.2092539,0.7363904,2.4601746,0.2770157
2020-01-27,9.54945054945055,2.2021978021978024,21.149425287356323,1017.7724137931036,3.7815789473684207,,-10.977021923256812,-5.953994215883012,,8.729767,0.00012894014,1.9473705,2.0577793,0.72976685,-1.453392
2020-01-28,11.319565217391307,7.840217391304349,25.45054945054945,1015.9620689655172,4.203896103896104,,-9.206907255316054,-0.3159746267764651,,12.311005,6.412274e-05,2.8264267,2.2590287,4.3110046,2.1278458
2020-01-29,12.20744680851064,8.160638297872342,6.417582417582418,1017.6896551724138,2.753846153846154,,-8.319025664196722,0.0044462797915283,,12.807739,6.716078e-05,1.9560909,1.7279582,4.8077393,2.6245804
2020-01-30,10.64105263157895,6.162105263157894,18.08695652173913,1018.1862068965517,2.6500000000000004,,-9.885419841128412,-1.99408675492292,,12.536102,9.869459e-05,1.9616982,1.9280692,4.5361023,2.3529434
2020-01-31,13.598947368421056,8.472631578947368,20.0,1017.6241379310344,2.41,,-6.927525104286305,0.316439560866554,,14.797699,5.039044e-05,1.6497763,1.6155711,6.797699,4.61454
2020-02-01,15.545744680851064,9.189473684210528,2.241758241758242,1018.8517241379312,2.963291139240507,,-4.980727791856298,1.0332816661297135,,15.971344,0.0008804396,1.9377403,1.7261658,7.971344,1.9236517
2020-02-02,15.659574468085106,7.12421052631579,0.2087912087912088,1024.1620689655172,1.4063291139240508,,-4.866898004622255,-1.0319814917650243,,14.79129,0.00011327208,0.13527997,0.65098,6.7912903,0.743598
2020-02-03,18.576344086021507,5.050000000000001,0.3370786516853932,1024.1344827586208,1.7025316455696202,,-1.9501283866858543,-3.1061920180808134,,17.175934,5.791114e-05,-0.08094704,0.11948395,9.175934,3.1282415
2020-02-04,16.795744680851065,3.898936170212768,0.0879120879120879,1023.9206896551724,1.9551282051282053,,-3.730727791856296,-4.257255847868048,,18.148224,3.067404e-06,-0.5922985,-1.0748196,10.148224,4.1005316
2020-02-05,14.118085106382978,1.6294736842105264,0.0219780219780219,1021.5172413793103,1.727848101265823,,-6.408387366324384,-6.526718333870288,,13.632843,6.049872e-07,-1.516791,-1.1598215,5.632843,-0.41484928
2020-02-06,13.415957446808513,1.652631578947369,0.0444444444444444,1017.8413793103448,1.759493670886076,,-7.110515025898849,-6.503560439133445,,12.904999,1.4182097e-05,-0.9058552,-0.7430694,4.904999,-1.1426935
2020-02-07,13.44421052631579,2.741052631578948,1.2808988764044944,1017.7655172413794,1.450632911392405,,-7.082261946391572,-5.415139386501867,,13.826233,1.1456509e-06,-0.08813095,0.33268747,5.826233,-0.22145939
2020-02-08,11.920212765957446,3.798936170212767,6.561797752808989,1019.9103448275864,1.8569620253164552,,-8.606259706749915,-4.357255847868047,,11.929779,0.00015070701,0.6542301,0.70534706,3.929779,-2.1179132
2020-02-09,12.135483870967745,3.942553191489362,0.8777777777777778,1024.1068965517245,2.033333333333334,,-8.390988601739618,-4.213638826591453,,10.331207,6.120664e-05,0.31826612,0.81277466,2.3312073,-3.716485
2020-02-10,15.821739130434782,6.0774193548387085,0.4719101123595505,1025.025,2.522077922077922,,-4.704733342272579,-2.078772663242105,,16.935455,8.235996e-06,0.9769828,1.0590891,8.935455,2.887763
2020-02-11,13.884210526315792,5.114736842105263,0.2333333333333333,1021.8689655172416,1.321518987341772,,-6.642261946391569,-3.0414551759755515,,15.824402,3.2679793e-05,-0.04619026,0.42715898,7.824402,1.7767096
2020-02-12,13.189247311827955,6.629787234042554,1.696629213483146,1017.3793103448274,1.1468354430379746,,-7.337225160879406,-1.5264047840382604,,14.326233,6.9271614e-06,-0.07614008,0.19739163,6.326233,0.2785406
2020-02-13,13.358064516129032,5.558510638297872,0.5054945054945055,1018.0103448275864,2.337974683544304,,-7.168407956578328,-2.5976813797829417,,14.809418,8.628125e-05,1.497357,0.9985058,6.8094177,0.7617254
2020-02-14,14.572340425531916,2.891489361702128,0.1538461538461538,1020.1896551724136,1.208860759493671,,-5.954132047175445,-5.264702656378686,,14.437775,3.3497625e-05,0.04543813,-0.0630525,6.4377747,0.39008236
2020-02-15,15.929032258064517,2.2180851063829787,0.1428571428571428,1020.2068965517244,1.5481012658227848,,-4.597440214642845,-5.938106911697835,,15.076111,4.766633e-06,-0.04139288,0.391131,7.076111,1.0284185
2020-02-16,16.980645161290326,3.4617021276595747,0.2197802197802197,1020.255172413793,2.6417721518987345,,-3.545827311417036,-4.69448989042124,,16.812958,1.9897861e-06,0.79601145,1.2400233,8.812958,2.7652655
2020-02-17,12.922580645161297,3.44731182795699,3.0,1022.9655172413792,2.630379746835444,,-7.603891827546066,-4.708880190123824,,14.6736145,3.164054e-05,1.2424506,0.39343962,6.6736145,0.6259222
2020-02-18,12.548387096774194,1.4311827956989247,0.1666666666666666,1026.0655172413794,1.8341772151898728,,-7.978085375933167,-6.725009222381889,,12.980255,1.3345045e-05,-1.071345,-1.6318506,4.980255,-1.0674372
2020-02-19,14.68494623655914,-0.2414893617021277,0.0222222222222222,1024.8689655172411,1.370886075949367,,-5.841526236148221,-8.397681379782941,,14.368683,1.804406e-06,-0.6469269,-1.0658054,6.368683,0.32099056
2020-02-20,16.19148936170213,0.3521276595744681,0.0,1019.8827586206896,1.5164556962025315,,-4.334983111005233,-7.804064358506346,,16.091705,7.1649744e-08,-0.6746076,-0.7897962,8.091705,2.044013
2020-02-21,18.606382978723403,1.4297872340425533,0.0,1022.7896551724136,1.5925000000000005,,-1.9200894939839583,-6.726404784038261,,17.740082,3.9065876e-07,-0.861866,-0.97545177,9.740082,3.6923895
2020-02-22,20.316129032258065,1.8021505376344085,0.0,1025.492857142857,1.4725,,-0.2103434404492965,-6.354041480446406,,19.9122,6.046767e-07,-0.3407724,-0.63472074,11.912201,5.8645086
2020-02-23,20.861702127659576,2.527659574468086,0.0,1026.3620689655174,1.4205128205128206,,0.3352296549522151,-5.628532443612729,,19.498932,5.688519e-07,-0.5018876,-0.72263646,11.498932,5.4512396
2020-02-24,20.106382978723406,2.5372340425531914,0.0,1020.7931034482758,1.712658227848101,,-0.420089493983955,-5.618957975527623,,19.647308,1.072317e-06,0.44820467,0.19834399,11.647308,5.599616
2020-02-25,15.159574468085106,3.719148936170213,0.0109890109890109,1015.9344827586208,3.4696202531645564,,-5.366898004622255,-4.437043081910601,,15.429749,5.1730996e-07,1.3827301,-0.58836323,7.4297485,1.3820562
2020-02-26,13.392553191489364,2.554255319148937,0.0,1016.6344827586206,3.277215189873417,,-7.133919281217999,-5.601936698931878,,13.484985,5.345792e-07,1.6699175,-1.4603535,5.4849854,-0.56270695
2020-02-27,16.200000000000003,2.801075268817205,1.211111111111111,1017.0724137931034,4.230769230769232,,-4.326472472707359,-5.355116749263609,,18.424713,3.563861e-08,2.1165326,0.07707385,10.424713,4.377021
2020-02-28,18.230526315789472,2.837894736842105,0.2417582417582417,1013.0689655172414,1.880769230769231,,-2.295946156917889,-5.318297281238708,,18.042694,1.4205771e-07,0.23882484,0.19143446,10.042694,3.9950018
2020-02-29,13.28842105263158,5.062105263157894,12.89010989010989,1007.448275862069,5.844303797468355,,-7.238051420075781,-3.09408675492292,,11.152832,2.0088431e-05,3.0674686,2.9015462,3.152832,-2.8948603
2020-03-01,14.045744680851064,6.663829787234044,127.52747252747253,1003.3655172413794,5.682278481012658,0.40419894,-6.480727791856298,-1.49236223084677,0.075968206,12.287079,0.0009904708,3.4157746,3.3661938,4.287079,-2.9566927
2020-03-02,11.543617021276598,3.714893617021276,12.833333333333334,1003.3357142857142,7.037179487179487,0.40419894,-8.982855451430764,-4.441298401059537,0.075968206,11.51828,0.0029855175,5.1950135,0.1250788,3.51828,-3.7254915
2020-03-03,13.897872340425533,3.6340425531914895,18.177777777777777,1012.4482758620692,5.902531645569621,0.40419894,-6.628600132281829,-4.522149464889324,0.075968206,15.338837,0.00026001027,3.5952542,1.6292816,7.3388367,0.09506512
2020-03-04,15.045744680851064,9.030851063829788,4.144444444444445,1013.4551724137932,3.956962025316456,0.40419894,-5.480727791856296,0.8746590457489738,0.075968206,17.218597,1.8283294e-05,2.334749,1.0103259,9.218597,1.9748259
2020-03-05,13.240860215053765,5.394623655913979,21.56179775280899,1008.8344827586204,6.0538461538461545,0.40419894,-7.285612257653597,-2.7615683621668348,0.075968206,15.4930725,0.00030209823,3.4453022,1.0211016,7.4930725,0.24930096
2020-03-06,10.559782608695654,2.9358695652173914,0.3409090909090909,1014.3821428571428,6.002564102564103,0.40419894,-9.966689864011707,-5.220322452863423,0.075968206,11.272675,2.8993012e-05,2.8781033,-1.9713284,3.2726746,-3.971097
2020-03-07,14.251063829787231,0.8074468085106383,0.2666666666666666,1020.6482758620692,2.115189873417721,0.40419894,-6.275408642920128,-7.348745209570175,0.075968206,14.910126,1.0410946e-06,0.86189395,-1.0534364,6.9101257,-0.33364582
2020-03-08,14.519148936170213,0.2893617021276596,0.0666666666666666,1020.110344827586,2.5050632911392405,0.40419894,-6.0073235365371485,-7.866830315953154,0.075968206,17.684875,5.764723e-07,1.046676,0.23379178,9.6848755,2.441104
2020-03-09,15.713829787234042,3.35,0.0,1020.8,2.5961538461538463,0.40419894,-4.812642685473319,-4.806192018080814,0.075968206,16.254486,4.6252447e-07,1.0180143,-1.3100281,8.254486,1.0107145
2020-03-10,21.961052631578955,4.521052631578947,0.0,1019.693103448276,1.8607594936708864,0.40419894,1.4345801588715936,-3.635139386501866,0.075968206,21.847076,3.5514432e-08,0.37798882,0.39883614,13.847076,6.603305
2020-03-11,24.340000000000003,6.72,0.0,1016.5517241379312,1.4962025316455696,0.40419894,3.813527527292642,-1.4361920180808143,0.075968206,24.675476,6.051113e-07,0.15494473,0.34221968,16.675476,9.4317045
2020-03-12,23.75894736842105,8.969473684210527,0.0,1011.8586206896553,2.00125,0.40419894,3.2324748957136897,0.8132816661297131,0.075968206,25.252533,7.127722e-08,0.48166528,0.07355436,17.252533,10.008761
2020-03-13,19.478947368421053,7.231914893617023,0.0,1011.0758620689656,2.2430379746835447,0.40419894,-1.047525104286308,-0.9242771244637912,0.075968206,21.876404,0.0,-0.08180431,-0.45527044,13.876404,6.6326323
2020-03-14,20.297894736842103,4.785263157894737,0.0,1012.693103448276,1.5925,0.40419894,-0.2285777358652581,-3.370928860186077,0.075968206,21.237823,8.199365e-07,-0.45186806,-0.7654025,13.2378235,5.994052
2020-03-15,18.973684210526315,3.6189473684210527,58.47191011235955,1007.0206896551724,3.446249999999999,0.40419894,-1.5527882621810465,-4.537244649659762,0.075968206,19.510315,0.0005457739,0.67753536,1.473374,11.510315,4.2665434
2020-03-16,7.044680851063831,1.369148936170213,103.74157303370788,1009.4689655172416,3.847435897435897,0.40419894,-13.48179162164353,-6.787043081910602,0.075968206,10.390778,0.0028688693,-0.66133565,-0.5674212,2.3907776,-4.852994
2020-03-17,14.809782608695654,2.740217391304348,9.627906976744184,1016.3178571428572,3.8324675324675326,0.40419894,-5.716689864011707,-5.415974626776466,0.075968206,14.652069,0.005151581,-2.204071,-1.3996931,6.652069,-0.59170246
2020-03-18,16.67717391304348,6.685869565217391,0.0112359550561797,1017.1259259259258,2.496153846153846,0.40419894,-3.8492985596638825,-1.470322452863423,0.075968206,19.782501,0.00031692415,-1.6568354,-1.1149254,11.782501,4.5387297
2020-03-19,15.553763440860216,6.839784946236559,3.752808988764045,1012.4821428571428,2.3142857142857136,0.40419894,-4.972709031847145,-1.3164070718442549,0.075968206,18.086945,1.0794084e-05,-1.4925553,0.66508305,10.086945,2.843173
2020-03-20,12.829032258064515,7.021505376344086,80.05681818181819,1008.4535714285714,2.9576923076923074,0.40419894,-7.697440214642844,-1.134686641736728,0.075968206,15.658447,4.110932e-05,-2.1601868,0.6978306,7.6584473,0.4146757
2020-03-21,10.46236559139785,4.937634408602151,36.75,1005.9642857142856,2.347435897435897,0.40419894,-10.064106881309511,-3.2185576094786628,0.075968206,9.759308,0.0019104112,-1.1319853,0.5917125,1.7593079,-5.4844637
2020-03-22,12.823655913978495,4.153763440860216,29.09090909090909,1005.8999999999996,1.8012820512820515,0.40419894,-7.702816558728864,-4.002428577220599,0.075968206,12.725952,0.0011340446,-1.2725,-1.54667,4.725952,-2.5178194
2020-03-23,13.920430107526885,5.227956989247312,17.7816091954023,1008.1,2.8103896103896107,0.40419894,-6.606042365180478,-2.9282350288335026,0.075968206,14.150909,0.0017052855,-2.0144958,-0.9046531,6.1509094,-1.0928621
2020-03-24,14.68494623655914,5.626881720430107,0.3977272727272727,1008.9142857142856,3.302597402597403,0.40419894,-5.841526236148221,-2.529310297650708,0.075968206,15.7152405,0.00027130052,-1.8145167,-1.2345303,7.7152405,0.47146893
2020-03-25,16.457608695652176,3.385869565217391,8.89655172413793,1007.6821428571428,2.2363636363636363,0.40419894,-4.068863777055185,-4.770322452863423,0.075968206,16.535248,0.00011222344,1.1858387,0.68747044,8.535248,1.2914762
2020-03-26,14.631182795698924,1.726881720430108,0.0804597701149425,1004.3785714285714,2.876623376623377,0.40419894,-5.895289677008439,-6.429310297650706,0.075968206,13.299835,8.30926e-06,-0.2490762,-2.3530948,5.299835,-1.9439363
2020-03-27,10.873118279569896,0.5924731182795699,1.3295454545454546,1006.8821428571428,3.278947368421053,0.40419894,-9.653354193137464,-7.563718899801244,0.075968206,11.236206,0.0014315197,-2.210549,-0.7233098,3.236206,-4.0075655
2020-03-28,15.306451612903231,-0.2827956989247313,0.0224719101123595,1011.1392857142856,1.9921052631578948,0.40419894,-5.22002085980413,-8.438987717005546,0.075968206,14.821289,0.00010000865,-0.23145168,-0.17555833,6.821289,-0.4224825
2020-03-29,17.422580645161293,1.875268817204301,0.247191011235955,1010.4178571428572,1.9350649350649347,0.40419894,-3.103891827546068,-6.280923200876513,0.075968206,18.072388,1.756077e-05,0.3428243,-0.4719428,10.072388,2.8286161
2020-03-30,8.450537634408603,0.8666666666666668,48.92134831460674,1007.3464285714286,4.1302631578947375,0.40419894,-12.07593483829876,-7.289525351414147,0.075968206,9.177521,0.0014814497,-2.4978817,-2.5258949,1.1775208,-6.066251
2020-03-31,9.95483870967742,0.4451612903225806,129.93258426966293,1002.1857142857144,3.2220779220779225,0.40419894,-10.571633763029942,-7.711030727758233,0.075968206,10.762146,0.014757547,-2.399969,-0.62290466,2.762146,-4.4816256
2020-04-01,12.69782608695652,2.805434782608696,19.40229885057472,1004.489285714286,2.073684210526315,0.40419894,-7.828646385750842,-5.350757235472118,0.075968206,13.375641,0.005041589,0.290514,1.0743243,5.375641,-5.63183
2020-04-02,13.677173913043475,1.683695652173913,4.172413793103448,1007.2857142857144,2.5,0.40419894,-6.849298559663884,-6.472496365906901,0.075968206,13.791351,0.0004613337,-0.68961525,-1.3472214,5.7913513,-5.21612
2020-04-03,16.383695652173916,1.7054347826086953,0.3863636363636363,1010.0,1.5657894736842106,0.40419894,-4.142776820533445,-6.450757235472119,0.075968206,15.364746,2.3323735e-05,-0.4333814,-0.3120683,7.364746,-3.642725
2020-04-04,17.083695652173912,3.1119565217391307,0.3522727272727273,1008.4535714285712,3.769333333333333,0.40419894,-3.442776820533449,-5.044235496341683,0.075968206,17.674042,7.475756e-07,-2.1163082,1.0966266,9.674042,-1.3334293
2020-04-05,17.51413043478261,7.823913043478262,61.77272727272727,1008.8321428571433,3.365333333333333,0.40419894,-3.01234203792475,-0.332278974602552,0.075968206,18.686676,6.029593e-05,0.17994054,1.9264663,10.686676,-0.32079506
2020-04-06,16.207608695652176,9.955434782608696,50.17045454545455,1012.1357142857142,2.3,0.40419894,-4.318863777055185,1.7992427645278823,0.075968206,17.5448,0.0014573495,0.744154,1.7580694,9.5448,-1.4626713
2020-04-07,18.215217391304343,9.054347826086955,23.13793103448276,1015.5250000000002,2.0763157894736843,0.40419894,-2.311255081403015,0.8981558080061429,0.075968206,18.250305,0.0060566696,-0.31595865,0.6350575,10.250305,-0.7571659
2020-04-08,20.426086956521743,8.756521739130434,1.75,1014.2535714285716,1.6776315789473684,0.40419894,-0.1003855161856179,0.6003297210496203,0.075968206,19.65451,0.0005488863,-0.8079522,-0.057135265,11.6545105,0.6470394
2020-04-09,15.710869565217392,10.207608695652176,105.03448275862068,1012.5214285714286,1.8092105263157896,0.40419894,-4.8156029074899696,2.0514166775713605,0.075968206,16.13742,0.00093951216,-1.4362398,0.05342734,8.137421,-2.8700504
2020-04-10,16.22826086956522,9.978260869565217,33.13793103448276,1013.5607142857144,1.9533333333333336,0.40419894,-4.298211603142143,1.8220688514844028,0.075968206,13.584473,0.0069816746,-1.179472,0.67629266,5.5844727,-5.4229984
2020-04-11,18.24021739130435,9.713043478260868,52.36046511627907,1012.2821428571428,1.7000000000000002,0.40419894,-2.286255081403013,1.556851460180054,0.075968206,17.40213,0.0010412413,-1.249869,-0.2298991,9.40213,-1.605341
2020-04-12,18.421978021978024,8.8,26.5,1006.8037037037038,2.326315789473684,0.40419894,-2.1044944507293373,0.6438079819191866,0.075968206,18.81842,0.00036751802,-1.211043,0.5434119,10.81842,-0.18905067
2020-04-13,16.72747252747253,7.852747252747254,16.186046511627907,1001.6214285714284,2.078666666666667,0.40419894,-3.798999945234833,-0.3034447653335599,0.075968206,17.310791,0.0005528613,-0.93200177,-0.0014311472,9.310791,-1.6966801
2020-04-14,17.41413043478261,7.741758241758241,81.97701149425288,1003.875,2.544,0.40419894,-3.112342037924752,-0.4144337763225731,0.075968206,17.441498,0.00200521,-1.4844608,0.18467712,9.441498,-1.5659733
2020-04-15,14.609890109890111,7.542857142857144,104.80232558139537,1006.2285714285714,4.0729729729729724,0.40419894,-5.916582362817248,-0.6133348752236705,0.075968206,16.333496,0.0071679647,-1.2075247,1.851728,8.333496,-2.673975
2020-04-16,15.04021739130435,8.543010752688172,97.47674418604652,1007.0642857142858,3.931578947368421,0.40419894,-5.48625508140301,0.3868187346073579,0.075968206,18.265594,0.002922226,0.23145103,2.4214835,10.2655945,-0.7418766
2020-04-17,16.123655913978496,8.512903225806454,25.48275862068965,1007.8678571428574,3.228947368421053,0.40419894,-4.4028165587288655,0.35671120772564,0.075968206,17.014435,0.0007277497,0.8457165,1.5990696,9.014435,-1.9930363
2020-04-18,18.397826086956524,7.544565217391304,43.54022988505747,1006.377777777778,1.424675324675325,0.40419894,-2.1286463857508373,-0.6116268006895096,0.075968206,19.0607,0.00037191683,-0.15011533,-0.29154524,11.060699,0.05322838
2020-04-19,17.153260869565216,7.535869565217391,30.816091954022987,1003.3814814814816,1.9961038961038964,0.40419894,-3.373211603142145,-0.620322452863423,0.075968206,18.040192,0.0017602356,0.24207687,-0.55863184,10.040192,-0.96727943
2020-04-20,16.211827956989247,5.225806451612904,39.75862068965517,1002.05,2.524675324675324,0.40419894,-4.314644515718115,-2.93038556646791,0.075968206,17.271759,0.00025451434,1.5344499,0.76360226,9.271759,-1.735712
2020-04-21,14.133333333333336,6.405376344086022,16.93103448275862,1002.9000000000002,2.316883116883117,0.40419894,-6.393139139374027,-1.7508156739947918,0.075968206,13.888306,0.0024275263,1.5298074,0.63144666,5.8883057,-5.1191654
2020-04-22,17.319565217391304,7.242391304347826,0.1162790697674418,1007.8925925925926,1.607792207792208,0.40419894,-3.2069072553160574,-0.9138007137329875,0.075968206,17.652618,0.0001912944,-0.1386795,-0.45270777,9.652618,-1.3548527
2020-04-23,19.57741935483871,8.26666666666667,1.3448275862068966,1009.8035714285714,1.751948051948052,0.40419894,-0.949053117868651,0.1104746485858552,0.075968206,19.168732,0.00016593903,-1.1437778,-0.06773416,11.168732,0.1612606
2020-04-24,21.15913978494624,9.3247311827957,9.183908045977011,1005.5321428571432,2.1818181818181817,0.40419894,0.6326673122388762,1.1685391647148862,0.075968206,20.591034,9.314088e-05,-1.4519024,0.08631706,12.591034,1.5835629
2020-04-25,20.41521739130435,8.997826086956522,43.24705882352941,1002.1107142857144,2.056,0.40419894,-0.1112550814030122,0.8416340688757078,0.075968206,21.531647,0.00013674195,-0.49331537,-0.3027903,13.531647,2.5241756
2020-04-26,17.47888888888889,9.174444444444443,14.833333333333334,1003.7777777777778,2.6297297297297297,0.40419894,-3.047583583818472,1.0182524263636292,0.075968206,19.0495,0.00028319328,1.7466717,1.4548277,11.0494995,0.042028427
2020-04-27,15.271428571428572,7.562222222222222,23.906976744186046,1005.277777777778,2.9824324324324327,0.40419894,-5.255043901278789,-0.5939697958585919,0.075968206,15.524048,0.0002226516,2.521021,2.0044174,7.524048,-3.4834232
2020-04-28,15.51428571428572,5.819780219780221,0.7906976744186046,1008.8592592592591,3.4157894736842107,0.40419894,-5.012186758421642,-2.3364117983005928,0.075968206,15.816467,0.0003137508,2.3067093,1.1804327,7.8164673,-3.1910038
2020-04-29,17.423333333333336,5.216666666666667,4.767441860465116,1010.0576923076924,4.302597402597403,0.40419894,-3.1031391393740257,-2.939525351414148,0.075968206,17.9747,2.3785478e-05,2.9211628,2.0140429,9.974701,-1.0327702
2020-04-30,16.261538461538464,8.565934065934066,1.2413793103448276,1011.2142857142856,4.61842105263158,0.40419894,-4.264934011168897,0.4097420478532516,0.075968206,16.768524,4.912801e-05,3.4600594,2.0942204,8.768524,-2.238947
2020-05-01,20.24945054945056,10.001098901098905,0.2558139534883721,1012.5185185185188,4.485333333333332,0.40419894,-0.2770219232568074,1.8449068830180888,0.075968206,22.098602,2.2316528e-05,2.7421787,2.0613773,14.098602,-2.0821743
2020-05-02,24.12282608695652,10.033695652173916,0.0,1012.8714285714286,2.565789473684211,0.40419894,3.596353614249157,1.8775036340931024,0.075968206,25.046173,1.914055e-06,1.6794382,1.353351,17.046173,0.8653965
2020-05-03,27.55760869565217,9.50108695652174,0.0,1009.2642857142856,2.053333333333333,0.40419894,7.031136222944813,1.344894938440925,0.075968206,27.875275,5.338962e-07,-0.19941647,-0.03741781,19.875275,3.694498
2020-05-04,27.63111111111112,12.30879120879121,0.0975609756097561,1003.8185185185184,4.567123287671233,0.40419894,7.1046386384037525,4.152599190710395,0.075968206,29.772614,0.00028429966,0.47235617,0.8744003,21.772614,5.591837
2020-05-05,22.02967032967033,9.126373626373626,0.0,1008.8035714285714,2.4306666666666668,0.40419894,1.50319785696297,0.970181608292812,0.075968206,23.00003,2.8993927e-05,2.0272903,1.5329604,15.0000305,-1.1807461
2020-05-06,23.795652173913048,7.496739130434785,0.0,1010.5750000000002,1.5090909090909093,0.40419894,3.2691797012056867,-0.6594528876460295,0.075968206,24.40506,0.0,0.44791284,-0.2304898,16.40506,0.22428322
2020-05-07,25.84395604395604,10.76703296703297,8.046511627906977,1006.7576923076922,3.1662337662337667,0.40419894,5.31748357124868,2.610840948952156,0.075968206,27.300568,8.095056e-06,-2.1384342,0.7189229,19.300568,3.119791
2020-05-08,25.35108695652174,12.56195652173913,6.151162790697675,1005.0629629629632,2.5376623376623377,0.40419894,4.824614483814379,4.405764503658316,0.075968206,27.215424,0.0017454148,-0.50299263,0.5552165,19.215424,3.034647
2020-05-09,20.53152173913044,10.304347826086955,37.54022988505747,1002.1888888888892,3.261538461538462,0.40419894,0.0050492664230752,2.148155808006143,0.075968206,22.521729,0.00018976325,2.0100186,2.0587761,14.5217285,-1.6590481
2020-05-10,16.994565217391305,7.782795698924731,19.71264367816092,1000.6035714285716,3.623076923076924,0.40419894,-3.5319072553160566,-0.3733963191560834,0.075968206,18.505157,0.00077270204,2.94085,1.4209961,10.505157,-5.675619
2020-05-11,17.545161290322582,8.334408602150539,34.55172413793103,1002.6,3.157142857142857,0.40419894,-2.981311182384779,0.1782165840697249,0.075968206,18.436066,0.0009856073,3.0164814,2.1129694,10.436066,-5.744711
2020-05-12,15.208695652173914,8.089130434782607,132.375,1002.1214285714284,1.762337662337662,0.40419894,-5.317776820533448,-0.0670615832982068,0.075968206,15.177643,0.00452131,0.14295642,0.59288985,7.177643,-9.003134
2020-05-13,17.18709677419355,8.396774193548389,62.36363636363637,998.25,2.401282051282051,0.40419894,-3.339375698513813,0.2405821754675745,0.075968206,17.43155,0.0011345128,0.8091984,1.3347276,9.431549,-6.7492275
2020-05-14,14.349462365591398,7.834408602150539,23.89772727272728,1000.0,2.0371794871794866,0.40419894,-6.177010107115963,-0.321783415930275,0.075968206,16.32431,0.0025592735,1.1998113,1.2107483,8.32431,-7.8564663
2020-05-15,16.561290322580646,7.775268817204301,51.37078651685393,1006.6392857142856,2.4692307692307693,0.40419894,-3.965182150126715,-0.3809232008765129,0.075968206,18.215607,0.0013316119,-1.142718,-0.5012179,10.215607,-5.96517
2020-05-16,18.491397849462366,7.933333333333335,5.909090909090909,1011.9178571428572,2.8166666666666664,0.40419894,-2.035074623244995,-0.2228586847474787,0.075968206,18.798035,0.000318932,-1.7437238,-2.2539568,10.798035,-5.382742
2020-05-17,21.160215053763444,6.336559139784946,0.0224719101123595,1015.4892857142858,2.2153846153846155,0.40419894,0.633742581056083,-1.8196328782958684,0.075968206,21.808197,1.180296e-05,-1.0123566,-1.1423694,13.808197,-2.3725796
2020-05-18,25.05434782608696,7.48586956521739,0.0,1014.588888888889,2.1705128205128204,0.40419894,4.527875353379596,-0.6703224528634237,0.075968206,25.652435,3.5762785e-08,-0.055281956,-1.3686442,17.652435,1.4716587
2020-05-19,26.603191489361706,9.545744680851064,0.0,1012.5827586206898,1.9645569620253165,0.40419894,6.076719016654344,1.3895526627702512,0.075968206,27.337158,0.0,-0.48586592,-1.3446016,19.337158,3.1563816
2020-05-20,28.468817204301075,10.555913978494624,0.0,1009.492857142857,1.9115384615384607,0.40419894,7.942344731593714,2.3997219604138103,0.075968206,29.421417,8.9593215e-07,0.2063071,-0.8712967,21.421417,5.2406406
2020-05-21,29.297826086956523,11.46195652173913,0.0,1011.7925925925924,2.0589743589743583,0.40419894,8.771353614249161,3.3057645036583168,0.075968206,30.379883,7.177392e-08,0.44554076,-0.036553543,22.379883,6.199106
2020-05-22,29.98913043478261,12.92717391304348,0.0,1014.4370370370372,2.072727272727273,0.40419894,9.462657962075248,4.770981894962667,0.075968206,31.53952,0.0,0.99917096,0.4388282,23.53952,7.3587437
2020-05-23,29.31413043478261,13.744565217391306,0.0,1016.1074074074072,2.185714285714286,0.40419894,8.787657962075247,5.588373199310492,0.075968206,31.459015,0.0,0.21789677,-1.0360608,23.459015,7.2782383
2020-05-24,29.29456521739131,13.14891304347826,0.1111111111111111,1015.7592592592594,2.191025641025641,0.40419894,8.768092744683948,4.992721025397447,0.075968206,31.13736,2.1516256e-07,-1.0403467,-0.63755524,23.13736,6.956583
2020-05-25,28.52282608695652,14.2445652173913,24.133333333333333,1014.5333333333336,2.598717948717949,0.40419894,7.996353614249159,6.088373199310487,0.075968206,30.553528,0.0002560385,-1.257707,-0.060359955,22.553528,6.372751
2020-05-26,26.36847826086957,13.396739130434783,10.477272727272728,1015.5148148148148,2.849350649350649,0.40419894,5.842005788162204,5.240547112353969,0.075968206,26.922913,0.001249449,-2.0323303,-1.3718864,18.922913,2.742136
2020-05-27,28.5021978021978,13.785714285714286,0.3636363636363636,1013.7884615384615,3.2197368421052626,0.40419894,7.975725329490437,5.629522267633472,0.075968206,29.088318,8.853035e-05,-2.177789,0.5144258,21.088318,4.9075413
2020-05-28,28.31868131868132,13.424175824175826,0.0,1011.9346153846152,2.680263157894737,0.40419894,7.792208845973956,5.267983806095012,0.075968206,28.3013,1.8002136e-07,-1.7344335,0.49329272,20.3013,4.1205235
2020-05-29,30.070329670329667,12.923076923076923,0.0227272727272727,1006.4230769230768,1.803896103896104,0.40419894,9.543857197622303,4.766884904996109,0.075968206,29.881622,3.5834123e-08,-0.37010193,-0.23616052,21.881622,5.7008457
2020-05-30,30.61521739130435,14.31086956521739,5.816091954022989,1003.5407407407408,2.240789473684211,0.40419894,10.088744918596989,6.154677547136576,0.075968206,31.145935,1.1672079e-05,-0.11454073,-0.13737933,23.145935,6.9651585
2020-05-31,28.55888888888889,14.10777777777778,71.02272727272727,1003.2307692307694,2.544736842105263,0.40419894,8.03241641618153,5.951585759696966,0.075968206,30.948639,0.00013712868,-0.6124757,-0.25119913,22.948639,6.7678623
2020-06-01,26.99130434782609,12.69010989010989,0.0674157303370786,1005.9370370370372,1.953947368421053,0.26150364,6.46483187511873,4.533917872029075,-0.0667271,29.272858,2.3877312e-05,0.14477475,0.11163437,21.272858,-0.09898186
2020-06-02,27.883516483516484,13.964835164835169,0.9545454545454546,1004.5961538461538,2.371428571428572,0.26150364,7.357044010809123,5.808643146754354,-0.0667271,29.973358,6.085151e-07,1.0962931,0.7691217,21.973358,0.60151863
2020-06-03,26.165934065934074,13.069230769230767,53.4367816091954,1001.0777777777776,3.614473684210525,0.26150364,5.639461593226713,4.913038751149955,-0.0667271,28.737946,7.606974e-05,2.8085938,1.2255511,20.737946,-0.63389397
2020-06-04,21.543333333333333,11.474444444444442,7.546511627906977,1000.8037037037036,4.1,0.26150364,1.0168608606259717,3.318252426363628,-0.0667271,21.223846,0.003027996,2.315295,-1.2331054,13.223846,-8.147993
2020-06-05,26.447777777777784,8.324719101123597,0.0,1003.8807692307691,2.1276315789473683,0.26150364,5.921305305070423,0.1685270830427825,-0.0667271,26.68753,0.00018256629,0.87224895,0.90024596,18.68753,-2.684309
2020-06-06,25.60898876404495,11.923595505617978,7.046511627906977,1000.052,3.405263157894737,0.26150364,5.082516291337587,3.767403487537164,-0.0667271,26.385223,3.2133565e-05,2.7559407,2.0645168,18.385223,-2.9866161
2020-06-07,21.911235955056178,10.632584269662924,22.458823529411763,1001.5800000000004,3.418421052631579,0.26150364,1.3847634823488164,2.4763922515821086,-0.0667271,23.405457,0.002798592,1.3890772,0.14582896,15.405457,-5.966383
2020-06-08,21.053409090909096,8.24494382022472,0.2941176470588235,1007.8807692307691,3.025333333333333,0.26150364,0.5269366182017343,0.0887518021439053,-0.0667271,21.945496,0.0012408495,-0.911925,-2.5131767,13.945496,-7.426344
2020-06-09,22.407954545454547,7.311363636363636,0.0,1010.0,2.5273972602739727,0.26150364,1.8814820727471864,-0.8448283817171776,-0.0667271,22.269806,4.080385e-05,-0.46015993,-1.9478079,14.269806,-7.1020336
2020-06-10,25.02022471910113,8.334065934065935,0.0,1006.6692307692308,2.465333333333333,0.26150364,4.493752246393765,0.1778739159851206,-0.0667271,25.384064,1.4429288e-07,0.60054654,0.31232905,17.384064,-3.9877758
2020-06-11,21.70769230769231,9.821978021978024,1.2988505747126438,1000.5703703703704,5.45,0.26150364,1.1812198349849474,1.6657860038972083,-0.0667271,22.570984,8.056263e-05,3.6605408,1.9045562,14.570984,-6.8008556
2020-06-12,17.791208791208792,7.659340659340658,26.568181818181817,1001.3185185185184,4.92077922077922,0.26150364,-2.7352636814985694,-0.4968513587401562,-0.0667271,18.102264,0.00017262693,3.6435947,2.289683,10.102264,-11.269575
2020-06-13,20.93076923076923,7.98021978021978,0.1022727272727272,1007.485185185185,3.3000000000000003,0.26150364,0.4042967580618679,-0.1759722378610337,-0.0667271,22.804596,1.1584107e-05,2.347253,1.2003477,14.804596,-6.5672436
2020-06-14,23.57582417582417,9.05054945054945,0.0,1011.9555555555556,2.675,0.26150364,3.049351703116809,0.8943574324686363,-0.0667271,25.93039,7.1028865e-08,1.6853237,0.592474,17.93039,-3.44145
2020-06-15,24.65824175824176,10.792307692307691,0.3908045977011494,1012.6074074074072,2.7026315789473685,0.26150364,4.131769285534396,2.636115674226879,-0.0667271,26.686127,7.851086e-07,1.5261421,0.27299404,18.686127,-2.6857128
2020-06-16,23.634065934065937,11.997802197802198,2.552941176470588,1010.6259259259258,3.706578947368422,0.26150364,3.107593461358576,3.841610179721384,-0.0667271,25.074493,1.3228445e-05,1.9099554,-1.1005892,17.074493,-4.297346
2020-06-17,24.09888888888889,9.71,0.0,1007.3153846153848,2.284210526315789,0.26150364,3.572416416181529,1.553807981919185,-0.0667271,24.944946,2.9382845e-06,1.4397932,-0.043851852,16.944946,-4.426893
2020-06-18,26.60439560439561,10.410989010989011,0.0,1005.8185185185184,2.446052631578948,0.26150364,6.0779231316882445,2.254796992908199,-0.0667271,28.330963,2.9875957e-07,0.75720215,-0.0961717,20.330963,-1.0408764
2020-06-19,28.25434782608696,11.1989010989011,0.0,1009.4444444444446,2.6973684210526314,0.26150364,7.727875353379595,3.042709080820286,-0.0667271,30.024933,1.109153e-06,0.9118824,0.35953665,22.024933,0.65309334
2020-06-20,30.366304347826084,12.21195652173913,0.0,1012.4222222222224,2.523376623376623,0.26150364,9.839831875118724,4.055764503658317,-0.0667271,31.967255,7.13301e-08,1.6458708,0.69374704,23.967255,2.595415
2020-06-21,31.528260869565216,13.348913043478262,0.0,1013.6555555555556,2.207792207792208,0.26150364,11.001788396857854,5.192721025397448,-0.0667271,33.3472,7.199005e-08,0.69214696,-1.0005188,25.347198,3.975359
2020-06-22,33.84021739130435,15.129347826086958,0.0,1010.8074074074074,2.1923076923076925,0.26150364,13.313744918596988,6.973155808006144,-0.0667271,34.28842,1.7953438e-08,-1.6470159,-1.3286368,26.288422,4.916582
2020-06-23,35.38924731182796,17.174193548387098,5.52808988764045,1006.0185185185184,2.3102564102564105,0.26150364,14.862774839120595,9.018001530306284,-0.0667271,36.14453,0.0,-0.81234235,-0.21589279,28.144531,6.7726917
2020-06-24,31.870114942528733,18.716853932584275,8.011904761904763,1006.3814814814816,2.8000000000000003,0.26150364,11.343642469821372,10.56066191450346,-0.0667271,35.40451,0.000380413,-0.96291417,0.60346943,27.40451,6.032671
2020-06-25,32.09318181818182,17.14886363636364,5.116279069767442,1004.537037037037,2.83972602739726,0.26150364,11.566709345474456,8.992671618282825,-0.0667271,33.822906,0.00014781287,0.12788646,0.70119506,25.822906,4.451067
2020-06-26,28.624175824175826,14.962222222222223,0.0,1005.8392857142856,3.4586666666666663,0.26150364,8.09770335146846,6.806030204141409,-0.0667271,30.969818,1.4610064e-05,1.7034212,1.6244978,22.969818,1.5979786
2020-06-27,29.45777777777777,14.06777777777778,0.0,1008.1185185185188,2.7266666666666666,0.26150364,8.931305305070413,5.911585759696965,-0.0667271,31.428009,1.7757218e-08,1.6005751,0.7754955,23.428009,2.0561695
2020-06-28,32.12777777777778,15.215555555555556,0.0,1008.8,2.2333333333333334,0.26150364,11.60130530507042,7.059363537474743,-0.0667271,33.64627,5.183943e-07,1.1176497,-0.031468075,25.64627,4.274431
2020-06-29,34.23820224719101,16.387640449438205,0.0,1005.6692307692308,2.183783783783784,0.26150364,13.71172977448365,8.231448431357391,-0.0667271,35.5141,5.1580315e-07,0.8180936,0.23661609,27.5141,6.1422596
2020-06-30,35.120000000000005,17.696666666666665,3.264367816091954,1002.2037037037042,2.8946666666666667,0.26150364,14.593527527292643,9.540474648585851,-0.0667271,36.94272,5.349089e-08,0.78693265,0.2540014,28.942719,7.570879
2020-07-01,32.507777777777775,17.256666666666668,0.0,1003.7111111111112,3.466666666666667,0.26150364,11.981305305070414,9.100474648585854,-0.0667271,34.279053,4.6403386e-07,2.7360802,1.3608812,26.279053,0.0098724365
2020-07-02,29.629670329670333,15.18901098901099,0.0,1007.2555555555556,3.542105263157894,0.26150364,9.103197856962971,7.032818970930176,-0.0667271,32.324615,5.684595e-07,2.2719002,0.31163892,24.324615,-1.9445648
2020-07-03,30.284782608695654,12.22717391304348,0.0,1011.0333333333334,2.4181818181818184,0.26150364,9.758310135988292,4.0709818949626655,-0.0667271,30.844208,5.908486e-07,-1.0460128,-1.8599749,22.844208,-3.4249725
2020-07-04,33.033333333333324,13.751612903225809,0.0,1012.3074074074076,2.0441558441558443,0.26150364,12.506860860625965,5.595420885144993,-0.0667271,33.66571,1.8080073e-07,-0.9474034,-1.4655838,25.66571,-0.60346985
2020-07-05,35.330107526881726,15.810752688172045,0.0,1010.2074074074072,1.9792207792207792,0.26150364,14.803635054174364,7.6545606700912305,-0.0667271,35.500397,4.4466444e-07,-0.54866475,-0.81961125,27.500397,1.2312164
2020-07-06,35.32580645161291,17.968817204301075,0.0,1007.6703703703704,2.47012987012987,0.26150364,14.799333978905551,9.81262518622026,-0.0667271,36.407745,1.923405e-05,-1.1990389,-1.7698975,28.407745,2.138565
2020-07-07,36.77173913043479,17.608602150537635,1.2823529411764707,1005.4666666666668,2.535526315789474,0.26150364,16.245266657727427,9.45241013245682,-0.0667271,37.70331,2.722442e-06,0.16649644,0.077190876,29.703308,3.4341278
2020-07-08,34.63186813186813,18.993333333333336,21.58333333333333,1004.4821428571432,3.94,0.26150364,14.10539565916077,10.837141315252522,-0.0667271,35.552185,0.0010970725,-1.4956442,0.7378848,27.552185,1.2830048
2020-07-09,32.96777777777777,16.46777777777778,14.047058823529412,1006.7392857142858,2.627027027027028,0.26150364,12.441305305070408,8.311585759696966,-0.0667271,32.45633,0.00029095565,-1.915842,0.12537408,24.45633,-1.812851
2020-07-10,32.58426966292135,15.667045454545455,0.0235294117647058,1006.1444444444444,2.068918918918919,0.26150364,12.05779719021399,7.510853436464641,-0.0667271,31.32132,2.802548e-05,-1.2027162,-0.6624628,23.32132,-2.9478607
2020-07-11,34.93888888888888,17.52888888888889,6.7011494252873565,1005.6222222222224,2.635135135135135,0.26150364,14.412416416181522,9.372696870808076,-0.0667271,35.108307,4.6168762e-07,-2.0355988,0.078327656,27.108307,0.8391266
2020-07-12,31.627777777777784,18.30333333333333,14.116279069767442,1007.5962962962964,2.8608108108108112,0.26150364,11.101305305070422,10.14714131525252,-0.0667271,34.251465,0.00077982765,-1.87073,0.39250764,26.251465,-0.017715454
2020-07-13,32.592222222222226,16.503333333333334,0.0,1009.3037037037036,2.660810810810811,0.26150364,12.065749749514865,8.34714131525252,-0.0667271,31.575592,7.231695e-05,-1.8109545,-1.8151264,23.575592,-2.6935883
2020-07-14,31.83666666666667,16.168539325842698,0.0,1006.3538461538463,2.858108108108108,0.26150364,11.310194193959308,8.012347307761884,-0.0667271,32.109924,3.20375e-07,-2.2819965,-1.5577546,24.109924,-2.159256
2020-07-15,31.569230769230767,14.728571428571431,0.0,1008.537037037037,2.932894736842105,0.26150364,11.042758296523406,6.572379410490617,-0.0667271,31.46524,8.965341e-07,-2.0814068,-1.7814616,23.46524,-2.8039398
2020-07-16,33.85274725274726,15.924175824175828,0.0,1008.4423076923076,2.3289473684210527,0.26150364,13.326274780039896,7.767983806095014,-0.0667271,33.827454,8.437932e-07,-1.4203581,-1.0399985,25.827454,-0.44172668
2020-07-17,33.57802197802198,16.66043956043956,0.0,1007.311111111111,2.968421052631579,0.26150364,13.051549505314618,8.504247542358746,-0.0667271,34.626892,4.2691826e-07,-1.2878838,-2.3383827,26.626892,0.3577118
2020-07-18,34.816483516483515,14.380219780219782,0.0674157303370786,1006.0037037037038,2.1733333333333333,0.26150364,14.290011043776154,6.224027762138968,-0.0667271,35.1232,3.551443e-08,-0.67167157,-0.7321246,27.1232,0.85401917
2020-07-19,35.59340659340659,17.252747252747252,1.264367816091954,1004.077777777778,3.147368421052632,0.26150364,15.06693412069923,9.096555234666438,-0.0667271,36.452484,0.0,0.47450256,0.5690632,28.452484,2.1833038
2020-07-20,35.78913043478261,16.919565217391305,0.1123595505617977,1005.288888888889,2.2,0.26150364,15.262657962075243,8.763373199310491,-0.0667271,36.280243,1.1102246e-06,0.85116273,1.2165016,28.280243,2.0110626
2020-07-21,32.93626373626373,18.17252747252748,27.573033707865168,1007.1925925925926,2.9131578947368424,0.26150364,12.409791263556372,10.01633545444666,-0.0667271,35.037537,0.0004989737,-1.1728758,-0.09545195,27.037537,0.7683563
2020-07-22,32.64555555555556,17.023333333333333,0.2386363636363636,1007.8076923076924,2.08,0.26150364,12.1190830828482,8.86714131525252,-0.0667271,31.053772,8.744411e-05,-0.5697543,0.72260314,23.053772,-3.2154083
2020-07-23,35.018681318681324,17.952747252747255,0.2045454545454545,1005.7500000000002,2.302666666666667,0.26150364,14.492208845973964,9.79655523466644,-0.0667271,35.278625,3.6660582e-05,0.5447877,0.54833055,27.278625,1.0094452
2020-07-24,34.517391304347825,18.4956043956044,0.0,1004.036,2.4773333333333336,0.26150364,13.990918831640464,10.339412377523583,-0.0667271,35.74997,6.1448627e-06,0.30426154,-1.0403506,27.74997,1.4807892
2020-07-25,35.58152173913044,17.33516483516484,0.0,1004.3851851851848,2.6578947368421058,0.26150364,15.055049266423076,9.178972817084023,-0.0667271,36.1821,1.8378099e-08,0.06690661,-0.12064934,28.182098,1.9129181
2020-07-26,36.94835164835165,17.521978021978022,0.0,1004.9518518518518,2.161842105263158,0.26150364,16.421879175644285,9.365786003897208,-0.0667271,37.792633,0.0,0.77217865,0.24763568,29.792633,3.5234528
2020-07-27,37.92717391304348,19.630769230769232,0.0227272727272727,1004.348148148148,2.905333333333334,0.26150364,17.40070144033612,11.474577212688418,-0.0667271,38.807526,5.3644175e-07,0.30179468,0.5143829,30.807526,4.5383453
2020-07-28,34.82391304347826,19.63516483516484,0.0,1004.8740740740742,2.325,0.26150364,14.297440570770895,11.478972817084026,-0.0667271,35.10446,4.810759e-07,0.8788338,1.2205809,27.104462,0.8352814
2020-07-29,37.12934782608696,19.15384615384616,0.0689655172413793,1003.9703703703703,2.180263157894737,0.26150364,16.602875353379595,10.997654135765345,-0.0667271,36.95291,1.8055239e-07,-1.2496367,-0.0005738735,28.952911,2.683731
2020-07-30,36.857608695652175,20.871739130434783,1.367816091954023,1002.8740740740742,3.689473684210527,0.26150364,16.331136222944814,12.715547112353969,-0.0667271,38.444458,0.00062057533,-1.0098413,0.5547266,30.444458,4.1752777
2020-07-31,36.91011235955057,18.47865168539326,0.0,1005.226923076923,2.4453333333333336,0.26150364,16.383639886843206,10.322459667312446,-0.0667271,36.94571,8.4434134e-05,0.9240284,0.9910197,28.94571,2.676529
2020-08-01,35.24891304347827,17.979347826086958,0.0,1007.3370370370368,3.150649350649351,0.26150364,14.722440570770909,9.823155808006144,-0.0667271,37.14682,6.130824e-07,1.83988,0.7556824,29.14682,3.5700455
2020-08-02,32.75869565217391,16.45108695652174,0.0,1006.4148148148148,2.814285714285714,0.26150364,12.232223179466551,8.294894938440924,-0.0667271,34.794952,3.625949e-08,-0.35029003,-1.3515596,26.794952,1.2181778
2020-08-03,30.65652173913043,16.141304347826086,0.0,1006.203846153846,2.805194805194805,0.26150364,10.130049266423068,7.985112329745272,-0.0667271,32.2334,0.0,-0.9714419,-2.1436958,24.233398,-1.3433762
2020-08-04,32.10652173913043,15.497826086956522,0.0,1005.837037037037,2.28961038961039,0.26150364,11.580049266423067,7.341634068875708,-0.0667271,32.427734,2.5070503e-07,-1.3351345,-0.74008876,24.427734,-1.1490402
2020-08-05,35.29021739130435,16.17717391304348,0.0,1003.2846153846156,1.8896103896103893,0.26150364,14.763744918596991,8.020981894962665,-0.0667271,35.283173,3.579498e-08,-0.5829328,-0.1461935,27.283173,1.706398
2020-08-06,37.02934782608696,19.65,0.0,1004.2740740740744,2.8565789473684213,0.26150364,16.5028753533796,11.493807981919185,-0.0667271,37.262146,3.919835e-07,-0.94441414,0.13191397,29.262146,3.6853714
2020-08-07,36.978260869565226,20.711956521739133,0.1797752808988764,1006.5814814814812,2.867532467532467,0.26150364,16.451788396857864,12.55576450365832,-0.0667271,37.730988,0.00017665792,-0.38586172,0.32115194,29.730988,4.154213
2020-08-08,35.53152173913043,20.007608695652173,2.227272727272727,1008.1111111111112,2.412987012987013,0.26150364,15.005049266423072,11.85141667757136,-0.0667271,36.027344,2.8147051e-05,-0.1016922,0.3223841,28.027344,2.4505692
2020-08-09,36.14891304347826,19.431521739130435,1.1910112359550562,1004.5185185185184,3.001298701298701,0.26150364,15.622440570770898,11.27532972104962,-0.0667271,37.379364,1.4332153e-06,0.7363078,0.4317576,29.379364,3.8025894
2020-08-10,32.52903225806451,17.95268817204301,15.840909090909092,1002.9333333333336,3.237662337662338,0.26150364,12.00255978535715,9.796496153962195,-0.0667271,35.10385,0.0012028032,0.14729881,1.4543384,27.103851,1.5270767
2020-08-11,25.723333333333336,15.083333333333334,127.60919540229884,1005.7037037037036,3.1293333333333337,0.26150364,5.196860860625975,6.92714131525252,-0.0667271,26.061584,0.0030518218,-0.2648233,0.8143807,18.061584,-7.51519
2020-08-12,26.561538461538465,13.305494505494508,3.8045977011494254,1006.3481481481482,2.632467532467533,0.26150364,6.035065988831104,5.149302487413694,-0.0667271,27.192535,0.00056383444,0.7991422,0.8066802,19.192535,-6.384239
2020-08-13,29.359782608695657,13.53478260869565,0.0,1007.0269230769233,1.957142857142857,0.26150364,8.833310135988295,5.378590590614836,-0.0667271,28.702545,2.695946e-06,0.86301357,0.7518156,20.702545,-4.8742294
2020-08-14,31.017582417582418,14.06593406593407,0.0,1005.2925925925928,2.5259740259740258,0.26150364,10.491109944875056,5.909742047853255,-0.0667271,30.668243,1.0715175e-07,0.8421824,0.51741534,22.668243,-2.9085312
2020-08-15,27.342857142857145,12.868131868131869,0.0,1005.562962962963,3.5233766233766235,0.26150364,6.816384670149784,4.711939850051055,-0.0667271,28.687103,3.551443e-08,2.1601474,1.9351414,20.687103,-4.8896713
2020-08-16,26.629670329670333,11.325274725274724,0.0,1006.4807692307694,2.9706666666666663,0.26150364,6.103197856962972,3.16908270719391,-0.0667271,27.539612,0.0,1.6031405,0.5853273,19.539612,-6.037163
2020-08-17,27.613043478260867,12.989130434782613,0.3258426966292135,1006.9666666666668,3.075324675324675,0.26150364,7.086571005553505,4.832938416701797,-0.0667271,28.644318,0.0,1.7175509,1.0459065,20.644318,-4.932457
2020-08-18,29.248351648351647,15.929670329670328,0.0,1006.1,2.247368421052632,0.26150364,8.721879175644286,7.773478311589514,-0.0667271,29.755585,1.8378099e-08,1.0773767,0.7620764,21.755585,-3.8211899
2020-08-19,31.789130434782614,14.27717391304348,0.0,1002.188888888889,3.4065789473684216,0.26150364,11.262657962075252,6.120981894962666,-0.0667271,32.3909,9.5081435e-07,1.8563315,1.329832,24.3909,-1.1858749
2020-08-20,32.25434782608695,14.312087912087913,5.298850574712644,1001.2259259259258,3.617105263157895,0.26150364,11.727875353379588,6.155895894007097,-0.0667271,33.40747,9.4630263e-07,1.7591724,1.4648123,25.40747,-0.1693039
2020-08-21,29.43369565217392,16.22967032967033,5.46067415730337,1006.651851851852,3.0802631578947373,0.26150364,8.907223179466552,8.073478311589517,-0.0667271,31.554138,4.9734746e-07,2.305626,1.9033073,23.554138,-2.0226364
2020-08-22,31.19670329670329,13.773626373626374,0.0,1011.9518518518518,2.110666666666667,0.26150364,10.670230823995936,5.61743435554556,-0.0667271,33.028534,1.4296086e-07,0.66028595,-0.2550342,25.028534,-0.54824066
2020-08-23,31.8978021978022,13.51758241758242,0.0,1010.7444444444444,2.0802631578947377,0.26150364,11.37132972509484,5.361390399501605,-0.0667271,32.653015,1.0303014e-06,-1.1459287,-1.8554382,24.653015,-0.92375946
2020-08-24,33.00659340659341,14.946153846153845,0.0,1007.2962962962964,1.911842105263158,0.26150364,12.480120933886049,6.789961828073031,-0.0667271,33.05887,7.1028865e-08,-0.7976036,-0.7213381,25.058868,-0.5179062
2020-08-25,35.15384615384615,16.17912087912088,0.0,1006.3259259259256,2.307894736842105,0.26150364,14.627373681138792,8.022928861040066,-0.0667271,35.28409,0.0,0.37896094,0.5215629,27.284088,1.7073135
2020-08-26,35.53846153846154,16.492307692307694,0.0,1008.8111111111112,2.2171052631578947,0.26150364,15.01198906575418,8.33611567422688,-0.0667271,36.295166,1.8129741e-08,0.9518725,0.6873956,28.295166,2.7183914
2020-08-27,35.143956043956045,17.28901098901099,0.0,1006.477777777778,2.222368421052632,0.26150364,14.617483571248684,9.132818970930176,-0.0667271,36.2377,1.8129741e-08,0.5663034,-0.03256297,28.237701,2.6609268
2020-08-28,29.544444444444444,15.457777777777778,0.0,1001.4851851851852,4.044,0.26150364,9.017971971737085,7.301585759696964,-0.0667271,32.34445,4.6733768e-07,1.9430238,-1.3761259,24.344452,-1.2323227
2020-08-29,22.456666666666667,10.73,3.033707865168539,1003.3777777777776,3.94,0.26150364,1.9301941939593057,2.5738079819191864,-0.0667271,24.236938,8.800452e-05,0.2727159,-3.2425182,16.236938,-9.339836
2020-08-30,22.3021978021978,7.713186813186814,0.0,1009.2851851851852,2.3710526315789475,0.26150364,1.775725329490438,-0.4430052048939998,-0.0667271,22.397797,1.0086597e-05,-0.71439487,-1.8589777,14.397797,-11.178978
2020-08-31,25.698901098901096,7.7010989010989,0.0112359550561797,1010.5777777777776,1.9171052631578949,0.26150364,5.172428626193735,-0.4550931169819137,-0.0667271,24.815155,8.91586e-08,-0.4935595,-0.27278543,16.815155,-8.76162
2020-09-01,27.8945652173913,12.742391304347825,0.1111111111111111,1005.748148148148,1.6526315789473685,0.34486485,7.368092744683938,4.586199286267011,0.016634107,27.43216,3.551443e-08,-0.6261673,-0.6497801,19.43216,1.6308537
2020-09-02,29.19347826086957,11.639130434782608,0.0,1008.0407407407408,2.074025974025974,0.34486485,8.66700578816221,3.482938416701794,0.016634107,28.737366,0.0,-1.0564855,-1.0972918,20.737366,2.93606
2020-09-03,31.65869565217391,12.470652173913043,0.0,1011.6037037037036,1.6922077922077925,0.34486485,11.13222317946655,4.314460155832229,0.016634107,30.591888,0.0,-0.6747659,-0.49173114,22.591888,4.7905827
2020-09-04,32.53804347826087,14.782608695652174,0.0,1012.7,2.1038961038961044,0.34486485,12.011571005553506,6.62641667757136,0.016634107,31.690338,5.7139493e-07,-0.78906506,0.3221877,23.690338,5.8890324
2020-09-05,33.05326086956522,15.10217391304348,0.0,1009.2666666666668,2.003896103896104,0.34486485,12.52678839685786,6.9459818949626655,0.016634107,32.24655,8.191293e-07,-0.6393566,-0.016642252,24.246552,6.4452457
2020-09-06,31.72717391304348,15.039130434782608,0.0,1007.8370370370372,2.479220779220779,0.34486485,11.200701440336118,6.882938416701794,0.016634107,31.635986,4.465999e-07,-0.97137195,-0.9517147,23.635986,5.8346806
2020-09-07,26.367391304347823,12.309782608695652,0.0,1011.925925925926,3.4688311688311693,0.34486485,5.840918831640462,4.153590590614838,0.016634107,26.212708,6.25321e-07,-2.5336177,-2.359567,18.212708,0.41140175
2020-09-08,26.66333333333333,9.954444444444446,0.0,1013.173076923077,2.638157894736842,0.34486485,6.136860860625969,1.798252426363632,0.016634107,26.08554,3.258386e-07,-1.6907877,-1.170311,18.08554,0.284235
2020-09-09,28.911956521739125,11.621739130434785,0.0,1012.4296296296296,1.8051948051948048,0.34486485,8.385484049031763,3.4655471123539687,0.016634107,27.785309,8.0322616e-07,-0.103201546,-0.03233405,19.785309,1.9840031
2020-09-10,30.04239130434783,12.897826086956526,0.0,1009.9074074074076,1.7714285714285718,0.34486485,9.51591883164047,4.741634068875712,0.016634107,30.110565,6.1213814e-07,-0.602946,-0.9690282,22.110565,4.3092594
2020-09-11,31.221739130434784,13.533695652173911,0.0,1006.551851851852,1.7194805194805198,0.34486485,10.695266657727425,5.377503634093099,0.016634107,30.93283,3.6011134e-08,-0.5342312,-0.33490482,22.93283,5.131525
2020-09-12,32.4195652173913,14.61413043478261,0.0,1008.4346153846152,1.871428571428572,0.34486485,11.89309274468394,6.457938416701795,0.016634107,31.905304,0.0,-1.0764745,-0.8575406,23.905304,6.103998
2020-09-13,32.27282608695652,16.44782608695652,0.0,1011.3346153846154,2.7870129870129867,0.34486485,11.74635361424916,8.291634068875707,0.016634107,32.428314,0.0,-1.4532694,0.63971066,24.428314,6.6270084
2020-09-14,29.771428571428576,16.759340659340662,32.247191011235955,1011.0222222222224,2.805194805194805,0.34486485,9.244956098721214,8.603148641259848,0.016634107,31.063202,0.00010363783,-1.0230128,0.96851796,23.063202,5.261896
2020-09-15,27.958695652173912,14.92173913043478,0.1797752808988764,1011.9185185185185,2.031168831168831,0.34486485,7.4322231794665505,6.765547112353966,0.016634107,27.59076,0.0058587524,0.31533113,0.39422736,19.59076,1.7894535
2020-09-16,29.56521739130435,13.706521739130435,9.02247191011236,1008.9074074074074,1.848051948051948,0.34486485,9.03874491859699,5.550329721049623,0.016634107,28.965485,0.0002769525,-0.5728925,-0.4765396,20.965485,3.1641788
2020-09-17,25.314130434782605,15.871739130434785,165.75,1005.5074074074076,3.2605263157894733,0.34486485,4.787657962075244,7.715547112353969,0.016634107,26.458374,0.0019754763,-0.85841495,0.8946082,18.458374,0.65706825
2020-09-18,21.14444444444445,13.277777777777777,254.26136363636363,1004.4888888888888,2.9157894736842107,0.34486485,0.6179719717370844,5.121585759696961,0.016634107,20.510895,0.0075535723,0.22225444,1.4346523,12.510895,-5.290411
2020-09-19,19.43076923076924,13.437362637362638,34.64772727272727,1007.188888888889,3.793421052631579,0.34486485,-1.0957032419381283,5.281170619281824,0.016634107,20.649323,0.002415945,2.5771396,2.8818023,12.6493225,-5.1519833
2020-09-20,21.318888888888893,13.411111111111111,34.13636363636363,1009.7222222222224,2.7896103896103903,0.34486485,0.7924164161815312,5.254919093030297,0.016634107,21.309357,0.0004303028,2.079507,1.7276121,13.309357,-4.491949
2020-09-21,22.98351648351648,11.131868131868131,0.4044943820224719,1010.0666666666666,1.7539473684210527,0.34486485,2.4570440108091205,2.975676113787319,0.016634107,23.026611,6.3199965e-05,1.0880934,0.5521084,15.026611,-2.7746944
2020-09-22,23.484615384615395,10.571428571428571,3.8068181818181817,1007.5222222222224,2.1500000000000004,0.34486485,2.958142911908034,2.415236553347757,0.016634107,23.69101,3.6842008e-05,1.1416124,1.0418638,15.6910095,-2.1102962
2020-09-23,22.15666666666667,14.003333333333336,27.808988764044944,1005.5884615384616,3.065789473684211,0.34486485,1.6301941939593083,5.847141315252522,0.016634107,22.383972,0.00038593798,2.1692402,1.7357054,14.383972,-3.4173336
2020-09-24,20.83736263736264,12.079120879120882,7.633333333333334,1008.3037037037038,4.188157894736842,0.34486485,0.3108901646552766,3.922928861040068,0.016634107,21.834167,0.00045389115,3.0630875,1.6539041,13.8341675,-3.9671383
2020-09-25,17.905494505494506,8.782417582417583,0.0111111111111111,1013.7148148148148,4.511842105263157,0.34486485,-2.6209779672128555,0.6262255643367691,0.016634107,17.097015,2.7310345e-05,2.359562,-2.3572128,9.097015,-8.70429
2020-09-26,19.63666666666667,6.495555555555556,0.8651685393258427,1012.0703703703704,3.2186666666666666,0.34486485,-0.889805806040691,-1.6606364625252583,0.016634107,19.003235,1.8129741e-08,1.599289,-1.2576393,11.003235,-6.798071
2020-09-27,20.9956043956044,9.05054945054945,0.1,1008.262962962963,2.509210526315789,0.34486485,0.4691319228970378,0.8943574324686363,0.016634107,20.784943,1.8067654e-07,0.6065108,-1.6929389,12.784943,-5.016363
2020-09-28,23.21648351648352,6.248351648351648,0.0,1010.5370370370372,1.4065789473684212,0.34486485,2.69001104377616,-1.9078403697291657,0.016634107,22.62857,1.8129741e-08,-0.5377261,-0.11476958,14.628571,-3.1727352
2020-09-29,25.754945054945058,9.006593406593405,0.0,1009.577777777778,1.3592105263157896,0.34486485,5.228472582237696,0.8504013885125907,0.016634107,25.483307,5.178788e-07,-0.38981947,-0.29684195,17.483307,-0.3179989
2020-09-30,26.158241758241765,9.176923076923078,0.0,1007.4925925925924,2.0631578947368423,0.34486485,5.631769285534404,1.020731058842264,0.016634107,26.48825,1.271355e-06,0.6108837,0.48142686,18.48825,0.68694496
2020-10-01,21.078888888888887,10.06222222222222,30.13483146067416,1001.925925925926,3.653947368421053,0.34486485,0.5524164161815257,1.9060302041414072,0.016634107,23.524933,8.953114e-08,2.3414707,0.8829872,15.524933,2.249651
2020-10-02,15.135164835164836,7.328571428571429,68.82954545454545,993.8518518518518,6.328947368421053,0.34486485,-5.391307637542527,-0.8276205895093849,0.016634107,14.987671,0.0067759394,4.05127,0.85072106,6.987671,-6.287611
2020-10-03,15.68131868131868,5.746153846153847,0.2790697674418604,1001.2962962962964,4.319736842105263,0.34486485,-4.845153791388681,-2.410038171926967,0.016634107,17.432495,0.0004974138,3.0511658,-0.08593305,9.432495,-3.8427868
2020-10-04,16.777173913043477,6.673913043478263,5.7727272727272725,1004.3222222222224,4.494805194805195,0.34486485,-3.7492985596638846,-1.4822789746025515,0.016634107,17.44516,0.00017359066,2.6178513,0.73653966,9.44516,-3.830122
2020-10-05,18.485714285714288,7.001098901098901,0.0,1010.5444444444446,2.867532467532468,0.34486485,-2.0407581869930738,-1.155093116981913,0.016634107,18.77182,1.2769674e-05,1.4924272,-0.6091016,10.77182,-2.5034618
2020-10-06,23.82717391304348,9.843478260869563,0.1704545454545454,1014.6037037037036,2.398701298701299,0.34486485,3.30070144033612,1.6872862427887512,0.016634107,24.33014,5.3395826e-07,0.8813858,-0.07059312,16.33014,3.0548573
2020-10-07,25.3554347826087,9.57608695652174,0.0113636363636363,1015.4407407407408,1.377922077922078,0.34486485,4.828962309901339,1.419894938440926,0.016634107,24.181488,3.551443e-08,-0.24172528,-0.71437144,16.181488,2.9062061
2020-10-08,25.667032967032966,10.324175824175825,0.0114942528735632,1014.4370370370372,1.4337662337662338,0.34486485,5.140560494325605,2.1679838060950107,0.016634107,25.0654,5.36606e-07,-0.5715389,-0.48787162,17.0654,3.7901173
2020-10-09,26.043478260869566,10.131521739130434,0.0,1013.9148148148148,1.4532467532467537,0.34486485,5.517005788162205,1.9753297210496203,0.016634107,26.137207,3.7769564e-07,-0.031921387,0.06434313,18.137207,4.861925
2020-10-10,23.31847826086957,8.993478260869566,0.0,1015.6962962962964,2.749350649350649,0.34486485,2.7920057881622107,0.8372862427887515,0.016634107,23.602905,1.8129745e-08,-1.4974283,-2.5574076,15.602905,2.3276234
2020-10-11,17.959782608695654,5.992391304347828,0.0,1018.6185185185188,3.0636363636363635,0.34486485,-2.566689864011707,-2.1638007137329858,0.016634107,19.207672,3.062189e-07,-1.3250345,-2.5764148,11.207672,-2.0676098
2020-10-12,18.23260869565218,4.110869565217391,0.0,1017.0555555555557,2.0064935064935066,0.34486485,-2.293863777055183,-4.045322452863423,0.016634107,19.015717,9.4927583e-07,-0.25396347,-1.68577,11.015717,-2.2595654
2020-10-13,21.721978021978025,6.825,0.0114942528735632,1009.2925925925928,2.61948051948052,0.34486485,1.1955055492706634,-1.331192018080814,0.016634107,21.587982,4.0220866e-06,1.5713059,-0.23375802,13.587982,0.31270027
2020-10-14,16.680434782608696,5.303260869565218,0.0,1008.188888888889,2.6328947368421054,0.34486485,-3.846037690098665,-2.852931148515596,0.016634107,16.831818,1.3300528e-06,0.8768565,-2.459573,8.831818,-4.4434643
2020-10-15,16.052747252747256,2.771428571428572,0.0,1012.048148148148,2.113157894736842,0.34486485,-4.473725219960105,-5.384763446652242,0.016634107,16.891724,6.61922e-06,-0.19619453,-1.599049,8.891724,-4.3835583
2020-10-16,15.893406593406596,1.3923076923076922,0.0,1012.574074074074,1.4693333333333332,0.34486485,-4.633065879300766,-6.763884325773121,0.016634107,15.806946,1.1897722e-06,-0.29487887,-0.117638625,7.806946,-5.468336
2020-10-17,18.912222222222223,2.614444444444445,0.0,1011.388888888889,1.5052631578947369,0.34486485,-1.6142502504851386,-5.5417475736363695,0.016634107,18.466095,3.7754128e-07,-0.14992015,0.15134215,10.466095,-2.809187
2020-10-18,21.05444444444445,4.408888888888889,0.0,1012.9,1.785333333333334,0.34486485,0.5279719717370845,-3.747303129191925,0.016634107,20.639862,5.3395823e-08,-0.82965785,-0.93860024,12.639862,-0.63541985
2020-10-19,23.126966292134835,7.319101123595507,94.19767441860463,1007.492307692308,3.762666666666668,0.34486485,2.6004938194274736,-0.837090894485307,0.016634107,24.57547,4.880084e-07,-0.84063214,0.78526384,16.57547,3.300188
2020-10-20,17.422727272727276,11.819318181818184,467.5529411764706,998.1615384615386,4.789333333333334,0.34486485,-3.103745199980086,3.6631261637373687,0.016634107,17.565277,0.011527814,-0.28992972,2.2735195,9.565277,-3.7100048
2020-10-21,16.585227272727273,11.109090909090911,119.70588235294116,1000.4500000000002,3.566666666666667,0.34486485,-3.941245199980088,2.952898891010097,0.016634107,16.528534,0.0046723327,1.1417841,3.0743234,8.528534,-4.746748
2020-10-22,15.919101123595505,9.225842696629217,99.95348837209302,1007.0884615384616,2.365333333333333,0.34486485,-4.607371349111856,1.0696506785484008,0.016634107,16.212341,0.007027202,0.5441678,2.1579046,8.212341,-5.0629406
2020-10-23,14.588764044943824,6.751685393258427,12.576470588235294,1014.3615384615384,2.227027027027028,0.34486485,-5.937708427763537,-1.4045066248223872,0.016634107,14.430084,0.0007608636,2.091665,1.6355025,6.430084,-6.8451977
2020-10-24,15.070786516853934,4.907865168539327,6.418604651162791,1016.453846153846,2.3679999999999994,0.34486485,-5.455685955853427,-3.2483268495414874,0.016634107,16.04126,2.2543221e-05,1.4398632,1.4735737,8.04126,-5.234022
2020-10-25,14.000000000000002,6.410227272727273,95.75862068965516,1009.0538461538462,5.020270270270269,0.34486485,-6.52647247270736,-1.7459647453535414,0.016634107,14.846985,0.0017573233,2.7753735,3.0002644,6.846985,-6.428297
2020-10-26,12.019101123595506,4.449438202247191,0.5116279069767442,1011.0461538461542,3.347297297297298,0.34486485,-8.507371349111855,-3.706753815833623,0.016634107,13.793762,0.00048150518,2.1198947,-0.5862446,5.793762,-7.4815197
2020-10-27,13.610112359550564,3.955056179775281,5.767441860465116,1013.7115384615385,2.9216216216216218,0.34486485,-6.916360113156797,-4.201135838305533,0.016634107,14.575287,0.00013458727,1.4978346,1.2769829,6.575287,-6.699995
2020-10-28,15.28131868131868,7.258241758241758,3.1927710843373496,1017.3333333333334,1.8697368421052631,0.34486485,-5.245153791388681,-0.8979502598390559,0.016634107,15.563599,5.1281106e-05,0.3941733,1.0821266,7.5635986,-5.7116833
2020-10-29,17.88409090909091,6.432954545454546,0.2823529411764706,1021.2074074074076,1.2972972972972974,0.34486485,-2.64238156361645,-1.723237472626268,0.016634107,16.19223,0.00022879738,-0.28502908,-0.12670787,8.19223,-5.0830517
2020-10-30,20.67555555555556,5.191111111111111,0.1176470588235294,1021.074074074074,1.3364864864864865,0.34486485,0.1490830828481968,-2.965080906969704,0.016634107,19.254578,1.4593611e-05,-0.4657942,-0.8375327,11.254578,-2.0207043
2020-10-31,21.45730337078652,6.716853932584269,0.0714285714285714,1019.7846153846154,1.414864864864865,0.34486485,0.9308308980791544,-1.4393380854965452,0.016634107,20.562103,3.4501878e-07,0.16236877,-0.022395452,12.562103,-0.71317863
2020-11-01,20.794318181818184,7.496590909090909,0.0238095238095238,1017.4159999999996,1.2561643835616438,0.34486485,0.2678457091108228,-0.6596011089899045,0.016634107,20.105377,3.551443e-08,0.07734171,0.2459399,12.105377,5.375042
2020-11-02,19.35057471264368,9.973563218390806,7.325301204819277,1015.4599999999998,1.2125,0.34486485,-1.175897760063684,1.817371200309992,0.016634107,20.1893,2.1755693e-07,-0.06849035,0.075260796,12.189301,5.4589653
2020-11-03,15.51609195402299,7.967816091954023,13.89156626506024,1018.1,2.6229729729729727,0.34486485,-5.010380518684372,-0.188375926126791,0.016634107,15.94342,0.0041293534,-1.3762336,-1.9625124,7.9434204,1.2130852
2020-11-04,10.341379310344829,5.765116279069767,110.65060240963857,1014.412,3.521621621621622,0.34486485,-10.185093162362532,-2.391075739011047,0.016634107,9.605255,0.002371196,-2.5249527,-2.9306061,1.6052551,-5.12508
2020-11-05,13.059550561797751,7.935955056179776,135.96470588235294,1011.5307692307694,4.830666666666668,0.34486485,-7.466921910909608,-0.2202369619010378,0.016634107,14.8003845,0.008382847,-3.0421247,-0.9333,6.8003845,0.070049286
2020-11-06,17.53111111111111,10.194382022471911,128.72619047619048,1007.4384615384618,4.874666666666668,0.34486485,-2.9953613615962524,2.038190004391097,0.016634107,20.09491,0.0018106626,-2.2424197,0.65524864,12.09491,5.3645744
2020-11-07,14.601111111111113,8.032222222222222,15.627906976744184,1010.1846153846157,2.7578947368421054,0.34486485,-5.92536136159625,-0.1239697958585921,0.016634107,14.454193,0.008408301,0.9282405,1.9509478,6.454193,-0.27614212
2020-11-08,14.91,7.48888888888889,92.85882352941177,1014.65,2.7026315789473694,0.34486485,-5.616472472707361,-0.6673031291919242,0.016634107,14.917664,0.0005560376,-0.41808954,0.664177,6.9176636,0.18732834
2020-11-09,15.272222222222224,6.882222222222223,5.305882352941176,1015.7346153846152,1.3473684210526315,0.34486485,-5.254250250485137,-1.2739697958585907,0.016634107,14.942841,0.0016831318,0.21085103,0.56826025,6.9428406,0.21250534
2020-11-10,15.197777777777777,5.047777777777778,0.7976190476190477,1019.9615384615386,1.2078947368421051,0.34486485,-5.328694694929585,-3.108414240303036,0.016634107,15.419037,0.0001013017,-0.3584722,-0.6615922,7.419037,0.6887016
2020-11-11,15.488888888888887,4.711111111111112,0.1411764705882353,1018.3615384615384,1.523684210526316,0.34486485,-5.037583583818472,-3.445080906969702,0.016634107,15.442627,2.5016126e-07,-0.372118,-0.255633,7.442627,0.7122917
2020-11-12,15.58666666666667,6.286666666666667,0.1294117647058823,1015.2307692307692,1.3421052631578947,0.34486485,-4.939805806040692,-1.869525351414147,0.016634107,15.107025,1.7757215e-07,-0.78281146,-1.0307792,7.107025,0.3766899
2020-11-13,15.307777777777778,6.231111111111111,3.235294117647059,1013.5423076923076,1.35,0.34486485,-5.218694694929583,-1.9250809069697032,0.016634107,14.905182,8.449704e-06,-0.7078673,-0.5152697,6.905182,0.17484665
2020-11-14,14.069999999999997,8.394444444444444,22.458823529411763,1013.4153846153848,1.5315789473684212,0.34486485,-6.456472472707365,0.2382524263636298,0.016634107,11.68045,0.0013837082,-0.25024033,-0.012142897,3.6804504,-3.0498848
2020-11-15,16.52888888888889,10.511111111111113,5.879518072289157,1013.45,3.15,0.34486485,-3.997583583818472,2.354919093030299,0.016634107,15.275299,0.0004226568,1.4226335,1.7531818,7.275299,0.54496384
2020-11-16,17.52921348314607,7.555056179775282,0.3809523809523809,1016.7115384615385,1.3144736842105265,0.34486485,-2.997258989561292,-0.6011358383055319,0.016634107,17.092682,3.109587e-05,0.31127802,-0.03933553,9.092682,2.3623466
2020-11-17,18.17111111111112,5.314444444444446,0.5714285714285714,1019.6807692307692,1.2342105263157892,0.34486485,-2.3553613615962483,-2.8417475736363684,0.016634107,16.805206,3.1442494e-06,-0.3583258,-0.07054707,8.805206,2.074871
2020-11-18,18.613333333333333,6.592222222222224,0.3764705882352941,1020.8653846153846,1.2236842105263157,0.34486485,-1.913139139374028,-1.56396979585859,0.016634107,16.810852,2.0509608e-05,-0.44052443,-0.38943365,8.810852,2.0805168
2020-11-19,19.80666666666667,6.195555555555556,0.0352941176470588,1024.1076923076923,1.75,0.34486485,-0.7198058060406929,-1.960636462525258,0.016634107,19.953888,1.2524425e-06,-1.0164566,-1.5828749,11.953888,5.2235527
2020-11-20,15.744444444444447,4.287777777777778,0.0705882352941176,1023.7538461538462,2.1092105263157896,0.34486485,-4.782028028262912,-3.868414240303036,0.016634107,15.85379,0.0,-1.2614855,-1.7155517,7.8537903,1.123455
2020-11-21,16.0561797752809,2.116853932584269,0.0,1020.6307692307691,1.2894736842105263,0.34486485,-4.470292697426462,-6.039338085496545,0.016634107,14.48053,2.9007583e-07,-1.2405186,-1.0302863,6.48053,-0.24980545
2020-11-22,15.621348314606744,1.826966292134832,0.0,1021.0807692307692,1.072,0.34486485,-4.905124158100618,-6.329225725945982,0.016634107,13.637299,1.8129741e-08,-0.5708771,-0.10926028,5.6372986,-1.0930367
2020-11-23,15.876404494382024,1.5786516853932584,0.0,1019.9846153846156,1.0039473684210527,0.34486485,-4.650067978325337,-6.577540332687556,0.016634107,14.174469,0.0,-0.54439926,-0.40608108,6.174469,-0.55586624
2020-11-24,13.46818181818182,1.644318181818182,4.880952380952381,1015.1076923076924,1.388,0.34486485,-7.058290654525541,-6.511873836262632,0.016634107,11.938416,8.1968807e-07,-0.39177322,0.24600382,3.9384155,-2.7919197
2020-11-25,11.363333333333337,3.3711111111111114,100.8313253012048,1007.6846153846157,3.013157894736843,0.34486485,-9.163139139374026,-4.785080906969703,0.016634107,12.20462,0.00055954076,-1.1768526,0.30094376,4.2046204,-2.5257149
2020-11-26,10.906666666666666,7.097777777777779,101.1547619047619,1003.269230769231,3.8907894736842095,0.34486485,-9.619805806040697,-1.0584142403030352,0.016634107,11.632599,0.005627846,-2.7778225,0.010773818,3.6325989,-3.0977364
2020-11-27,11.426666666666666,5.882222222222223,37.79268292682927,1002.2769230769233,2.930263157894737,0.34486485,-9.099805806040695,-2.2739697958585907,0.016634107,13.1484375,0.002322606,-2.0618699,-2.1349308,5.1484375,-1.5818977
2020-11-28,10.987777777777778,3.9100000000000006,12.129411764705882,1002.0,1.6250000000000002,0.34486485,-9.538694694929584,-4.246192018080814,0.016634107,11.138641,0.00032718937,-0.013936917,-0.37191758,3.1386414,-3.5916939
2020-11-29,12.413333333333336,4.61888888888889,28.73809523809524,1009.0846153846154,2.0763157894736843,0.34486485,-8.113139139374026,-3.5373031291919244,0.016634107,12.6267395,3.101658e-05,-1.0616677,-1.0415449,4.6267395,-2.1035957
2020-11-30,14.59318181818182,3.8931818181818176,0.1428571428571428,1015.124,1.6386666666666665,0.34486485,-5.933290654525543,-4.263010199898996,0.016634107,14.1032715,1.5219051e-06,-1.0722033,-1.4920979,6.1032715,-0.62706375
2020-12-01,14.2,1.8977272727272727,0.1097560975609756,1015.569230769231,1.5945205479452056,0.34279534,-6.326472472707362,-6.258464745353542,0.014564604,14.622528,1.8129741e-08,-0.258837,-1.1755395,6.622528,3.4302416
2020-12-02,10.008045977011497,0.1758620689655173,0.048780487804878,1012.6769230769232,2.7351351351351347,0.34279534,-10.518426495695865,-7.980329949115297,0.014564604,9.685822,9.103431e-07,-0.40178183,-1.925054,1.6858215,-1.506465
2020-12-03,9.72093023255814,-2.3151162790697675,34.148148148148145,1003.6653846153846,2.916666666666667,0.34279534,-10.80554224014922,-10.471308297150582,0.014564604,9.05719,8.8910234e-08,1.1517576,1.0098814,1.05719,-2.1350965
2020-12-04,7.032183908045977,0.1602272727272727,6.060975609756097,992.2346153846154,4.598648648648648,0.34279534,-13.494288564661383,-7.995964745353541,0.014564604,6.4326477,0.0037132099,3.187126,1.1238897,-1.5673523,-4.759639
2020-12-05,6.351685393258427,-1.167415730337079,1.2195121951219512,998.2,4.389333333333333,0.34279534,-14.174787079448931,-9.323607748417892,0.014564604,7.1005554,0.00027289795,2.6567402,0.58496994,-0.8994446,-4.091731
2020-12-06,6.903370786516855,-0.0202247191011235,13.573170731707316,1004.3884615384616,3.9613333333333336,0.34279534,-13.623101686190504,-8.176416737181938,0.014564604,8.185577,1.5348443e-05,2.6766827,0.5547039,0.1855774,-3.006709
2020-12-07,10.029545454545456,4.842045454545455,58.75,1001.4846153846154,6.447297297297298,0.34279534,-10.496927018161903,-3.314146563535359,0.014564604,10.453644,0.0010645295,3.717004,1.9137315,2.4536438,-0.7386427
2020-12-08,8.297752808988765,1.997752808988764,3.5058823529411764,1005.6038461538462,4.310666666666666,0.34279534,-12.228719663718596,-6.15843920909205,0.014564604,8.758942,0.0014035376,3.2079582,-0.6824341,0.75894165,-2.4333448
2020-12-09,8.59550561797753,-0.4460674157303371,29.27710843373494,1012.5384615384615,2.3080000000000003,0.34279534,-11.930966854729832,-8.60225943381115,0.014564604,8.621918,5.3149473e-05,1.6513964,0.53525305,0.6219177,-2.5703688
2020-12-10,12.457303370786518,5.49438202247191,66.0,1006.7884615384615,4.756,0.34279534,-8.069169101920844,-2.661809995608904,0.014564604,12.43161,0.0019537567,2.6787655,1.8455807,4.43161,1.2393236
2020-12-11,14.482022471910112,9.810112359550564,41.75,1002.4769230769232,6.652,0.34279534,-6.044450000797248,1.6539203414697496,0.014564604,13.025299,0.003952565,3.519923,1.688471,5.025299,1.8330126
2020-12-12,13.02921348314607,5.4460674157303375,0.1176470588235294,1007.9,4.164000000000001,0.34279534,-7.497258989561292,-2.7101246023504766,0.014564604,12.283783,0.00025381809,2.2988331,-0.16107003,4.283783,1.0914965
2020-12-13,12.997752808988766,4.0528089887640455,4.530120481927711,1009.0884615384616,1.7173333333333334,0.34279534,-7.528719663718595,-4.103383029316769,0.014564604,12.598236,4.662264e-06,0.023152351,0.57810885,4.598236,1.4059496
2020-12-14,12.625842696629212,7.179775280898877,67.95294117647059,1004.796153846154,2.6,0.34279534,-7.90062977607815,-0.9764167371819372,0.014564604,12.083008,0.0007882617,0.1927969,1.1831719,4.083008,0.8907213
2020-12-15,10.386516853932584,3.851685393258427,8.929411764705883,1008.0576923076924,2.5973333333333337,0.34279534,-10.139955618774776,-4.304506624822388,0.014564604,10.0060425,0.000377532,1.8518385,1.8929948,2.0060425,-1.186244
2020-12-16,9.540449438202248,3.951685393258427,46.892857142857146,1009.323076923077,3.281333333333334,0.34279534,-10.986023034505113,-4.204506624822387,0.014564604,9.928192,0.00024970106,-0.76220196,0.7900184,1.9281921,-1.2640944
2020-12-17,10.777272727272727,3.311363636363637,0.6024096385542169,1015.4307692307692,1.0066666666666666,0.34279534,-9.749199745434634,-4.844828381717177,0.014564604,12.518219,0.0001025009,0.106360115,-0.41125432,4.518219,1.3259325
2020-12-18,9.495555555555557,1.836666666666667,26.058823529411764,1015.9615384615385,1.592,0.34279534,-11.030916917151805,-6.319525351414147,0.014564604,10.622559,1.194744e-05,0.15935588,0.4164922,2.6225586,-0.5697279
2020-12-19,8.56,4.673333333333333,52.88235294117647,1013.4346153846157,2.16,0.34279534,-11.96647247270736,-3.482858684747481,0.014564604,9.333221,0.0021013094,0.78262836,1.8567829,1.3332214,-1.859065
2020-12-20,10.881818181818184,3.106818181818181,4.392857142857143,1018.053846153846,1.3445945945945947,0.34279534,-9.64465429088918,-5.049373836262633,0.014564604,11.40509,0.00017352587,0.5834114,0.54155284,3.4050903,0.21280384
2020-12-21,11.086516853932585,5.398876404494382,1.839506172839506,1021.976923076923,1.5243243243243243,0.34279534,-9.439955618774778,-2.757315613586432,0.014564604,11.758392,0.00038022618,0.07233723,0.926368,3.7583923,0.56610584
2020-12-22,13.498863636363636,5.994318181818182,0.7738095238095238,1019.946153846154,1.7054054054054055,0.34279534,-7.027608836343724,-2.1618738362626324,0.014564604,13.524658,5.406408e-05,-0.33561325,-0.10058204,5.524658,2.3323717
2020-12-23,10.505617977528091,5.195505617977529,11.341176470588236,1017.9653846153848,1.8702702702702705,0.34279534,-10.02085449517927,-2.9606864001032847,0.014564604,10.204163,6.435168e-05,0.27967706,0.79589844,2.2041626,-0.9881239
2020-12-24,9.187640449438202,2.3853932584269666,3.0357142857142856,1018.073076923077,1.8945945945945952,0.34279534,-11.33883202326916,-5.770798759653848,0.014564604,9.432556,0.0009938193,-0.008874972,-0.77472895,1.4325562,-1.7597303
2020-12-25,7.309090909090909,-1.4125,0.238095238095238,1022.2769230769233,3.362162162162163,0.34279534,-13.217381563616453,-9.568692018080814,0.014564604,7.7848816,6.952815e-05,-1.0799071,-2.444516,-0.21511841,-3.407405
2020-12-26,7.286363636363635,-3.377272727272728,0.238095238095238,1021.8769230769232,2.081081081081081,0.34279534,-13.240108836343726,-11.53346474535354,0.014564604,7.2454834,5.375594e-07,0.37138748,-1.5574163,-0.7545166,-3.946803
2020-12-27,7.877011494252875,-3.537931034482759,33.74390243902439,1005.5884615384616,3.721621621621621,0.34279534,-12.649460978454488,-11.694123052563572,0.014564604,7.012848,8.5992116e-07,1.47553,1.7471606,-0.9871521,-4.1794386
2020-12-28,7.973333333333333,1.6700000000000002,1.9,995.4222222222224,5.414666666666667,0.34279534,-12.553139139374029,-6.486192018080814,0.014564604,8.746979,0.001197796,3.7761548,0.7558028,0.74697876,-2.4453077
2020-12-29,6.486363636363638,-0.2602272727272727,3.475609756097561,1002.8423076923076,4.074666666666666,0.34279534,-14.040108836343723,-8.416419290808086,0.014564604,7.1177063,0.00012679535,2.5897548,0.5644703,-0.8822937,-4.07458
2020-12-30,6.779545454545455,-1.8102272727272728,1.7142857142857142,1010.551851851852,2.5702702702702704,0.34279534,-13.746927018161903,-9.966419290808089,0.014564604,7.6009216,6.8540407e-06,1.7651296,-0.1467634,-0.39907837,-3.5913649
2020-12-31,6.468539325842698,-1.6494382022471912,32.88095238095238,1008.1925925925926,3.512162162162163,0.34279534,-14.057933146864665,-9.805630220328004,0.014564604,6.8296204,0.00051942904,1.6930648,1.5499283,-1.1703796,-4.362666
2021-01-01,5.412359550561797,-0.996629213483146,3.891566265060241,1005.577777777778,3.658108108108108,0.34279534,-15.114112922145564,-9.15282123156396,0.014564604,6.016388,0.0006398141,2.2510526,-0.5548604,-1.9836121,-4.166771
2021-01-02,4.286363636363637,-3.3068181818181817,0.3086419753086419,1009.6962962962964,2.8999999999999995,0.34279534,-16.240108836343722,-11.463010199898996,0.014564604,4.75354,2.7623339e-05,1.73009,-1.2323741,-3.24646,-5.429619
2021-01-03,5.666292134831461,-3.982022471910113,2.45679012345679,1009.7074074074076,2.810958904109589,0.34279534,-14.8601803378759,-12.138214489990927,0.014564604,6.3157654,5.2675597e-07,1.649435,0.5588735,-1.6842346,-3.8673935
2021-01-04,4.97159090909091,-2.751136363636364,1.2820512820512822,1005.7576923076928,2.424657534246576,0.34279534,-15.554881563616451,-10.907328381717178,0.014564604,5.7184143,3.588539e-05,1.648943,0.29554176,-2.2815857,-4.4647446
2021-01-05,5.420000000000001,-5.567777777777779,2.5,1007.25,1.2256756756756757,0.34279534,-15.10647247270736,-13.723969795858594,0.014564604,3.6357727,3.822522e-06,0.11056582,0.098202586,-4.3642273,-6.547386
2021-01-06,5.545054945054945,-6.174725274725274,1.6,1008.4178571428572,1.5094594594594597,0.34279534,-14.981417527652416,-14.330917292806088,0.014564604,5.328583,3.573795e-07,-0.98613507,-1.224839,-2.6714172,-4.854576
2021-01-07,2.8200000000000003,-4.092222222222222,12.2125,1007.7428571428572,1.9743243243243247,0.34279534,-17.70647247270736,-12.248414240303036,0.014564604,2.112976,0.0011789121,-1.424734,-1.6764054,-5.887024,-8.070183
2021-01-08,1.1258426966292134,-4.653932584269663,73.1125,1004.1035714285716,3.308219178082192,0.34279534,-19.400629776078148,-12.810124602350475,0.014564604,1.5280151,0.003297884,-2.119833,-2.572956,-6.471985,-8.655144
2021-01-09,0.2191011235955055,-2.295505617977528,33.27272727272727,1000.1535714285716,3.5236111111111112,0.34279534,-20.307371349111857,-10.45169763605834,0.014564604,0.7079773,0.014974028,-2.5019038,-1.8974918,-7.2920227,-9.475182
2021-01-10,3.1505747126436776,-4.053488372093024,7.46875,1008.4000000000002,2.843661971830986,0.34279534,-17.375897760063683,-12.209680390173837,0.014564604,3.368805,0.00096160965,-1.0068964,-2.09787,-4.631195,-6.814354
2021-01-11,3.7079545454545455,-7.047727272727275,2.0303030303030303,1018.7928571428572,2.0875,0.34279534,-16.818517927252817,-15.203919290808088,0.014564604,3.7723083,2.0854502e-06,-0.43943977,-1.9173113,-4.2276917,-6.4108505
2021-01-12,5.701111111111112,-8.671111111111111,3.7313432835820897,1025.267857142857,1.101369863013699,0.34279534,-14.82536136159625,-16.827303129191925,0.014564604,5.7298584,7.3685504e-07,0.07598511,-0.03129947,-2.2701416,-4.4533005
2021-01-13,7.5777777777777775,-6.926666666666667,1.1645569620253164,1026.1642857142858,1.2000000000000002,0.34279534,-12.948694694929584,-15.082858684747482,0.014564604,7.8954773,2.8476518e-07,-0.29979324,-0.29666027,-0.104522705,-2.2876816
2021-01-14,7.93076923076923,-5.884615384615386,0.0,1023.95,1.5638888888888889,0.34279534,-12.595703241938132,-14.0408074026962,0.014564604,8.455475,6.392598e-07,-0.26463827,-0.80535966,0.45547485,-1.727684
2021-01-15,7.430337078651686,-4.277528089887641,0.0253164556962025,1024.696428571429,1.7591549295774649,0.34279534,-13.096135394055676,-12.433720107968457,0.014564604,7.4256287,3.551443e-08,-0.06157176,-0.87483764,-0.57437134,-2.7575302
2021-01-16,9.126136363636364,-4.143181818181818,0.119047619047619,1024.9071428571428,1.1859154929577462,0.34279534,-11.400336109070995,-12.299373836262632,0.014564604,7.8285217,0.0,-0.044909794,-0.54123133,-0.17147827,-2.3546371
2021-01-17,10.076666666666666,-4.3500000000000005,0.1428571428571428,1025.3285714285716,1.323611111111111,0.34279534,-10.449805806040697,-12.506192018080814,0.014564604,6.790497,0.0,-0.50997734,-0.53931236,-1.2095032,-3.392662
2021-01-18,11.062921348314608,-2.7840909090909096,0.0240963855421686,1022.6678571428572,1.1901408450704227,0.34279534,-9.463551124392753,-10.940282927171724,0.014564604,8.126434,2.5381635e-07,-0.30348906,-0.5454632,0.12643433,-2.0567245
2021-01-19,9.660227272727273,-2.647126436781609,24.0375,1016.5074074074072,1.888732394366198,0.34279534,-10.866245199980089,-10.803318454862424,0.014564604,4.401062,5.565087e-06,-0.6339293,-0.39429238,-3.598938,-5.782097
2021-01-20,8.629213483146069,1.2931818181818182,83.87951807228916,1006.188888888889,4.352777777777778,0.34279534,-11.897258989561292,-6.863010199898996,0.014564604,5.7481995,0.0027586657,0.3044103,2.3629453,-2.2518005,-4.4349594
2021-01-21,10.251685393258429,5.74659090909091,87.47560975609755,1004.8925925925926,5.250000000000001,0.34279534,-10.274787079448934,-2.409601108989904,0.014564604,9.262299,0.00074117654,2.646817,2.9731305,1.2622986,-0.9208603
2021-01-22,10.089655172413796,3.45632183908046,25.34567901234568,1003.4703703703703,6.223943661971831,0.34279534,-10.436817300293566,-4.699870179000354,0.014564604,9.099945,0.0015803553,4.205195,1.9815804,1.0999451,-1.0832138
2021-01-23,10.740697674418604,3.03953488372093,83.13253012048193,1005.411111111111,5.875,0.34279534,-9.785774798288756,-5.116657134359884,0.014564604,9.377533,0.0005711541,3.1763208,2.7273915,1.377533,-0.8056259
2021-01-24,10.531818181818185,5.350574712643677,18.09876543209877,1005.6703703703704,4.435616438356164,0.34279534,-9.994654290889178,-2.8056173054371367,0.014564604,10.633881,0.00022963963,2.771618,0.87250584,2.6338806,0.45072174
2021-01-25,12.413793103448276,7.037209302325582,57.4390243902439,1007.8111111111112,5.3500000000000005,0.34279534,-8.112679369259086,-1.118982715755232,0.014564604,12.241119,0.0010571668,2.9574172,1.9495878,4.2411194,2.0579605
2021-01-26,13.680459770114943,8.639534883720932,18.3125,1014.8037037037036,2.4589041095890414,0.34279534,-6.846012702592418,0.4833428656401182,0.014564604,12.8576355,0.00012504593,1.5113264,0.93719167,4.8576355,2.6744766
2021-01-27,16.458620689655174,8.624137931034484,1.0481927710843373,1018.1076923076924,2.1205479452054794,0.34279534,-4.067851783052188,0.4679459129536703,0.014564604,17.290802,1.7199833e-05,1.2920799,0.350832,9.290802,7.107643
2021-01-28,15.616091954022988,7.337209302325581,0.7195121951219512,1017.4576923076924,1.849315068493151,0.34279534,-4.910380518684374,-0.818982715755233,0.014564604,15.219513,4.8972754e-05,0.27177978,0.79939705,7.219513,5.036354
2021-01-29,14.05172413793104,6.572093023255815,46.94117647058823,1012.8230769230772,2.0616438356164384,0.34279534,-6.474748334776322,-1.5840989948249993,0.014564604,15.537384,6.6482666e-05,0.8413474,1.2554041,7.537384,5.354225
2021-01-30,11.565116279069768,6.354117647058824,12.214285714285714,1007.0076923076924,6.4232876712328775,0.34279534,-8.961356193637593,-1.8020743710219904,0.014564604,12.05191,0.0017572421,3.5790577,1.4211451,4.0519104,1.8687515
2021-01-31,12.969767441860466,6.062352941176472,23.841463414634145,1006.323076923077,5.545205479452055,0.34279534,-7.556705030846896,-2.0938390769043425,0.014564604,10.878876,0.000147875,3.3132114,1.7008063,2.8788757,0.69571686
2021-02-01,13.410465116279068,6.67906976744186,3.0609756097560976,1009.4714285714288,5.06,0.34279534,-7.116007356428295,-1.4771222506389536,0.014564604,15.457153,3.734961e-05,3.0793068,1.1511289,7.4571533,1.409461
2021-02-02,12.682954545454548,6.785227272727274,11.642857142857142,1010.1999999999998,3.333333333333334,0.34279534,-7.843517927252813,-1.3709647453535396,0.014564604,11.3508,0.0001323989,1.5820707,2.0592368,3.3507996,-2.6968927
2021-02-03,11.672727272727274,6.8402298850574725,61.72289156626506,1007.489285714286,3.4065789473684216,0.34279534,-8.853745199980088,-1.3159621330233415,0.014564604,11.5486145,0.000227575,0.96196175,2.1753771,3.5486145,-2.4990778
2021-02-04,10.96896551724138,6.205747126436783,79.6,1004.4107142857146,2.062666666666668,0.34279534,-9.557506955465982,-1.950444891644032,0.014564604,14.940643,0.00040033797,-0.25107384,1.0674814,6.9406433,0.892951
2021-02-05,13.482758620689657,5.72906976744186,103.9390243902439,998.2321428571428,2.3,0.34279534,-7.0437138520177065,-2.427122250638954,0.014564604,16.388641,0.0016927981,-1.5433083,-0.22452156,8.388641,2.340949
2021-02-06,9.630681818181818,4.779310344827587,37.35714285714285,997.6642857142856,2.0552631578947373,0.34279534,-10.895790654525545,-3.3768816732532274,0.014564604,10.10788,0.003692033,0.08072599,0.8273565,2.1078796,-3.9398127
2021-02-07,8.939772727272727,2.401136363636364,123.35714285714286,1001.2178571428572,3.093421052631579,0.34279534,-11.586699745434634,-5.75505565444445,0.014564604,10.550568,0.00041845397,1.5814667,0.4925723,2.5505676,-3.4971247
2021-02-08,9.109090909090908,4.479310344827586,69.17857142857143,998.7928571428572,5.309210526315789,0.34279534,-11.417381563616454,-3.676881673253228,0.014564604,10.2352295,0.0024490387,3.4118443,2.2648685,2.2352295,-3.8124628
2021-02-09,8.440909090909091,4.193181818181819,211.78571428571428,998.760714285714,5.165753424657535,0.34279534,-12.08556338179827,-3.963010199898995,0.014564604,8.873383,0.0068556224,3.0046647,3.6471832,0.87338257,-5.1743097
2021-02-10,12.336363636363638,4.628735632183908,15.25609756097561,1003.8071428571428,4.1386666666666665,0.34279534,-8.190108836343724,-3.5274563858969064,0.014564604,12.716705,0.0031723855,3.0745838,1.298027,4.7167053,-1.330987
2021-02-11,12.99662921348315,6.45909090909091,65.48809523809524,1012.8310344827588,2.604,0.34279534,-7.5298432592242115,-1.6971011089899042,0.014564604,13.69574,0.00020551767,1.5037441,1.5275154,5.6957397,-0.35195255
2021-02-12,12.825555555555557,5.529213483146067,3.55421686746988,1014.7655172413791,3.9946666666666655,0.34279534,-7.700916917151806,-2.6269785349347474,0.014564604,13.60321,0.00097516226,2.3638413,0.07285118,5.6032104,-0.44448185
2021-02-13,14.462222222222222,2.714444444444444,0.188235294117647,1020.4310344827588,2.03421052631579,0.34279534,-6.06425025048514,-5.44174757363637,0.014564604,15.415283,5.4380314e-05,0.7055251,0.14359736,7.415283,1.3675909
2021-02-14,15.995555555555557,2.2544444444444447,0.0813953488372093,1022.8413793103448,2.060526315789474,0.34279534,-4.530916917151805,-5.901747573636369,0.014564604,14.878815,9.839179e-07,-0.78825927,-0.2695442,6.8788147,0.8311224
2021-02-15,15.455056179775282,3.9685393258426966,0.1162790697674418,1023.8103448275862,2.882432432432433,0.34279534,-5.07141629293208,-4.187652692238117,0.014564604,14.329712,5.0440376e-05,-1.2326757,-0.13054991,6.329712,0.28201962
2021-02-16,14.89438202247191,4.302272727272728,0.9651162790697676,1020.210344827586,2.7920000000000003,0.34279534,-5.6320904502354505,-3.8539192908080864,0.014564604,14.984528,4.1224084e-06,0.35520363,0.62156993,6.9845276,0.9368353
2021-02-17,15.72359550561798,4.973033707865169,0.0952380952380952,1015.296551724138,2.110666666666668,0.34279534,-4.802876967089382,-3.183158310215645,0.014564604,15.5000305,1.5467405e-06,0.22562484,0.6867078,7.5000305,1.4523382
2021-02-18,14.835227272727275,4.596551724137932,2.8705882352941177,1011.9,3.76891891891892,0.34279534,-5.691245199980086,-3.5596402939428824,0.014564604,15.166809,2.0389751e-07,1.0952238,1.4430727,7.166809,1.1191168
2021-02-19,16.235555555555557,4.084444444444444,0.0,1010.9448275862072,3.446052631578948,0.34279534,-4.2909169171518045,-4.07174757363637,0.014564604,16.168762,1.8129741e-08,0.1649582,1.246463,8.168762,2.12107
2021-02-20,15.26703296703297,5.844444444444444,7.1395348837209305,1005.1827586206896,5.006578947368421,0.34279534,-5.259439505674392,-2.31174757363637,0.014564604,17.59967,0.0,-0.4679303,2.310684,9.59967,3.551978
2021-02-21,11.580219780219782,3.501111111111111,122.0,1001.596551724138,3.4213333333333336,0.34279534,-8.94625269248758,-4.655080906969703,0.014564604,10.704742,0.0017881062,-0.77103424,0.9078388,2.7047424,-3.3429499
2021-02-22,10.428571428571429,1.3122222222222224,9.034883720930232,1013.0068965517244,2.408,0.34279534,-10.097901044135932,-6.843969795858592,0.014564604,10.858856,0.0024948686,1.2666569,-0.47526464,2.8588562,-3.188836
2021-02-23,13.59021739130435,0.0293478260869565,2.2873563218390807,1024.606896551724,2.685714285714286,0.34279534,-6.936255081403012,-8.126844191993857,0.014564604,13.632172,0.00011401767,-0.9905224,0.033036273,5.6321716,-0.41552067
2021-02-24,14.932967032967031,3.249450549450551,1.0930232558139534,1024.1714285714286,3.8171052631578952,0.34279534,-5.59350543974033,-4.906741468630264,0.014564604,15.95932,1.6884255e-06,-1.5027752,0.37179986,7.95932,1.9116278
2021-02-25,13.007608695652175,5.4391304347826095,0.5057471264367817,1021.596551724138,2.2355263157894734,0.34279534,-7.518863777055184,-2.717061583298205,0.014564604,14.662842,0.00015339688,-1.4095234,-1.148911,6.662842,0.6151495
2021-02-26,15.277173913043478,5.204395604395605,0.0,1021.6034482758622,2.327272727272728,0.34279534,-5.249298559663883,-2.951796413685209,0.014564604,16.093628,2.482794e-05,-1.4060644,-1.096402,8.093628,2.0459356
2021-02-27,17.22717391304348,3.2467391304347832,0.0,1017.8379310344828,1.963636363636364,0.34279534,-3.2992985596638817,-4.909452887646031,0.014564604,17.414948,5.0390196e-07,-1.1284555,-1.0126683,9.4149475,3.3672552
2021-02-28,13.981521739130434,1.8793478260869565,1.6941176470588235,1014.0620689655173,2.9337662337662334,0.34279534,-6.544950733576927,-6.276844191993858,0.014564604,13.986633,6.537865e-06,-1.9486834,0.6879031,5.9866333,-0.061058998
2021-03-01,10.891304347826088,5.250000000000001,6.275862068965517,1015.2551724137932,3.4306666666666668,0.41036496,-9.635168124881272,-2.906192018080813,0.08213422,10.201447,0.0009655989,-1.2771193,-0.499789,2.2014465,-5.042325
2021-03-02,13.773626373626378,5.505494505494506,1.2857142857142858,1019.2724137931036,2.294736842105264,0.41036496,-6.752846099080983,-2.650697512586308,0.08213422,13.522614,0.00017961468,-1.1422621,-0.22989953,5.5226135,-1.721158
2021-03-03,15.185714285714289,4.558241758241758,0.1411764705882353,1021.1689655172414,1.6935064935064936,0.41036496,-5.3407581869930745,-3.597950259839056,0.08213422,16.18332,3.3630135e-05,-0.6243178,-0.21306904,8.183319,0.93954754
2021-03-04,15.040217391304347,4.332608695652175,0.4767441860465116,1014.8586206896553,2.0766233766233766,0.41036496,-5.486255081403012,-3.82358332242864,0.08213422,13.303619,3.324784e-05,-0.89591473,-0.1515878,5.3036194,-1.9401522
2021-03-05,14.794565217391304,4.4703296703296695,0.2117647058823529,1010.5892857142856,2.590666666666667,0.41036496,-5.731907255316058,-3.685862347751145,0.08213422,14.519867,3.0411582e-05,-1.4025612,-0.7784729,6.519867,-0.7239046
2021-03-06,14.887912087912088,3.997777777777778,2.744186046511628,1013.3785714285716,1.916,0.41036496,-5.638560384795275,-4.158414240303037,0.08213422,14.136627,6.589796e-05,-1.5691891,-0.45056427,6.136627,-1.1071444
2021-03-07,14.222826086956522,3.8260869565217392,17.91860465116279,1011.2931034482756,1.7311688311688316,0.41036496,-6.30364638575084,-4.330105061559075,0.08213422,12.538055,0.00043319506,-0.84568214,-0.12356905,4.5380554,-2.7057161
2021-03-08,10.546153846153846,3.108888888888889,18.294117647058822,1010.4758620689656,2.0893333333333337,0.41036496,-9.980318626553515,-5.047303129191925,0.08213422,11.144501,0.0025219575,-0.9850089,-1.0952761,3.1445007,-4.099271
2021-03-09,11.51978021978022,1.1351648351648351,0.1162790697674418,1014.0689655172416,2.113157894736842,0.41036496,-9.006692252927142,-7.021027182915979,0.08213422,12.926849,0.00017635072,-0.5789089,-1.8391008,4.9268494,-2.3169222
2021-03-10,15.398888888888887,-0.891111111111111,0.0,1016.875,1.9960000000000009,0.41036496,-5.127583583818474,-9.047303129191924,0.08213422,14.762665,7.9788794e-07,0.39956984,0.26692554,6.762665,-0.48110676
2021-03-11,16.413333333333334,4.753333333333334,2.9651162790697674,1026.1851851851852,3.1776315789473686,0.41036496,-4.113139139374027,-3.40285868474748,0.08213422,18.18576,8.7611056e-07,1.6105309,1.3321675,10.1857605,2.941989
2021-03-12,13.709890109890113,3.3450549450549456,1.2023809523809523,1017.2655172413791,2.94078947368421,0.41036496,-6.81658236281725,-4.8111370730258685,0.08213422,14.384369,1.8945584e-06,1.2912184,-0.9283932,6.384369,-0.85940266
2021-03-13,13.7010989010989,0.589010989010989,0.0,1018.1620689655174,2.95,0.41036496,-6.825373571608461,-7.567181029069825,0.08213422,15.099945,1.0100479e-06,0.7777271,-0.81215733,7.099945,-0.14382648
2021-03-14,14.651648351648353,1.8153846153846152,0.0,1020.4,2.4671052631578947,0.41036496,-5.874824121059008,-6.340807402696199,0.08213422,13.61203,4.2738532e-07,0.02801768,-1.5835629,5.61203,-1.6317415
2021-03-15,16.875824175824178,1.356043956043956,0.0,1019.693103448276,2.3328947368421047,0.41036496,-3.6506482968831833,-6.800148062036858,0.08213422,16.673462,7.1692284e-08,-1.0951742,-1.6384635,8.673462,1.4296904
2021-03-16,16.97252747252747,2.5362637362637366,0.0,1019.8620689655172,3.305333333333333,0.41036496,-3.5539450001798905,-5.619928281817078,0.08213422,17.30838,0.0,-2.1049566,-2.068435,9.30838,2.0646086
2021-03-17,17.63956043956044,3.543333333333334,0.0,1018.1896551724138,4.230263157894737,0.41036496,-2.8869120331469205,-4.61285868474748,0.08213422,17.988434,2.7039394e-07,-2.4382184,-2.8819745,9.988434,2.7446623
2021-03-18,11.355555555555556,1.531111111111111,0.0119047619047619,1015.5689655172416,4.343421052631579,0.41036496,-9.170916917151803,-6.625080906969703,0.08213422,12.54538,2.7145568e-06,-1.4618574,-3.5079346,4.5453796,-2.698392
2021-03-19,11.204395604395604,0.7901098901098902,5.176470588235294,1009.8724137931034,3.724675324675325,0.41036496,-9.322076868311756,-7.366082127970924,0.08213422,10.631561,0.00010369853,0.27035713,-2.9209728,2.6315613,-4.6122103
2021-03-20,9.972826086956522,0.1815217391304348,0.034090909090909,1014.2000000000004,4.831168831168832,0.41036496,-10.55364638575084,-7.974670278950379,0.08213422,11.117279,1.5543996e-05,-2.157531,-3.7820084,3.117279,-4.1264925
2021-03-21,12.928260869565218,-2.073913043478261,0.0,1017.048275862069,3.103896103896104,0.41036496,-7.598211603142143,-10.230105061559076,0.08213422,14.63382,6.98492e-07,-0.5677306,-2.5607655,6.6338196,-0.609952
2021-03-22,15.631868131868137,-0.3978021978021978,0.0,1014.6724137931036,2.5402597402597404,0.41036496,-4.894604340839226,-8.553994215883012,0.08213422,16.251831,7.1649744e-08,-0.527401,-1.701074,8.251831,1.0080595
2021-03-23,18.305494505494504,0.2230769230769231,0.0,1016.0793103448276,1.680263157894737,0.41036496,-2.220977967212857,-7.933115095003891,0.08213422,18.336151,2.1693602e-07,0.15096347,-0.039554596,10.336151,3.0923796
2021-03-24,19.866666666666667,1.5333333333333337,0.0,1017.2535714285711,2.0263157894736845,0.41036496,-0.6598058060406942,-6.622858684747481,0.08213422,19.419403,4.7981734e-07,0.5457554,0.23968506,11.419403,4.1756315
2021-03-25,19.371428571428577,2.5472527472527475,0.0,1016.2586206896552,2.322368421052632,0.41036496,-1.155043901278784,-5.608939270828067,0.08213422,19.834259,4.4530725e-07,0.9799277,0.6854076,11.834259,4.5904875
2021-03-26,16.803296703296706,4.251648351648352,0.0,1016.0655172413792,3.035526315789474,0.41036496,-3.723175769410656,-3.9045436664324624,0.08213422,19.19928,3.3751132e-07,1.6880373,1.1713873,11.19928,3.9555082
2021-03-27,16.94615384615385,2.874725274725275,0.0,1019.1379310344828,2.152631578947368,0.41036496,-3.5803186265535096,-5.281466743355539,0.08213422,19.515747,5.897052e-07,-1.7654947,-0.7852332,11.515747,4.2719755
2021-03-28,20.6934065934066,4.151648351648352,0.0,1019.9551724137932,2.6644736842105265,0.41036496,0.1669341206992349,-4.004543666432462,0.08213422,21.661285,6.4502706e-07,-2.0484772,-0.18687375,13.661285,6.417514
2021-03-29,20.69,7.94888888888889,0.0238095238095238,1017.8071428571428,3.758441558441559,0.41036496,0.1635275272926399,-0.2073031291919242,0.08213422,21.25766,3.7930444e-05,-1.9899031,0.18447876,13.25766,6.0138884
2021-03-30,19.61648351648352,9.483516483516484,0.0,1017.4103448275862,3.603896103896103,0.41036496,-0.9099889562238452,1.3273244654356695,0.08213422,23.934906,5.7173943e-06,-2.2184608,0.36498198,15.934906,8.691134
2021-03-31,23.35888888888889,8.11,0.0,1011.796551724138,4.127272727272727,0.41036496,2.8324164161815304,-0.0461920180808146,0.08213422,24.242706,8.2180355e-07,-2.2874768,0.22439384,16.242706,8.998935
2021-04-01,21.334444444444443,10.066666666666666,58.66279069767442,1007.4586206896552,3.497368421052632,0.41036496,0.8079719717370821,1.9104746485858524,0.08213422,22.536346,6.9638605e-05,-0.26240602,0.44695202,14.536346,3.5288754
2021-04-02,16.102222222222224,8.431111111111111,51.49425287356322,1009.096551724138,2.0157894736842104,0.41036496,-4.424250250485137,0.2749190930302969,0.08213422,16.167938,0.0048476174,1.2736187,1.0428519,8.167938,-2.8395329
2021-04-03,18.932222222222222,5.820000000000001,11.69047619047619,1007.451724137931,2.330263157894737,0.41036496,-1.594250250485139,-2.336192018080813,0.08213422,19.37564,0.000933245,-0.32004037,-1.1737545,11.375641,0.36816978
2021-04-04,19.22197802197802,3.1527472527472526,0.057471264367816,1009.8310344827588,1.966233766233766,0.41036496,-1.30449445072934,-5.003444765333562,0.08213422,19.921417,8.285057e-05,-0.79817647,-1.3212191,11.921417,0.91394615
2021-04-05,20.8989010989011,3.645054945054945,0.0,1010.7931034482758,1.768831168831169,0.41036496,0.3724286261937379,-4.5111370730258695,0.08213422,20.848602,1.9600971e-07,0.037400562,-0.25678825,12.848602,1.8411312
2021-04-06,21.184615384615384,4.051648351648352,0.0229885057471264,1007.5413793103448,2.3269230769230766,0.41036496,0.6581429119080227,-4.104543666432463,0.08213422,21.901367,3.1962995e-07,0.08959663,-0.9047203,13.901367,2.893896
2021-04-07,19.50217391304348,3.4532608695652174,0.0227272727272727,1010.7241379310344,2.4128205128205136,0.41036496,-1.0242985596638832,-4.702931148515597,0.08213422,19.58963,1.7757218e-08,-1.989797,-0.67179745,11.58963,0.58215904
2021-04-08,17.682417582417585,7.394505494505494,43.01136363636363,1013.241379310345,2.514102564102564,0.41036496,-2.844054890289776,-0.7616865235753201,0.08213422,18.426056,0.00010403525,-0.98487025,0.67604953,10.426056,-0.5814152
2021-04-09,14.293478260869565,7.48804347826087,52.22727272727273,1010.9310344827584,2.367532467532467,0.41036496,-6.232994211837799,-0.6681485398199438,0.08213422,14.684906,0.003239463,-1.1157252,0.25067094,6.684906,-4.322565
2021-04-10,16.78021978021978,7.362637362637364,103.0919540229885,1006.1,2.4263157894736844,0.41036496,-3.74625269248758,-0.79355465544345,0.08213422,16.705719,0.0006346468,-0.02863439,0.754872,8.705719,-2.301752
2021-04-11,14.894444444444444,5.896666666666667,17.885057471264368,1010.4827586206898,2.6907894736842106,0.41036496,-5.632028028262917,-2.2595253514141467,0.08213422,15.686554,0.0045598135,0.16027896,-0.07957077,7.686554,-3.3209171
2021-04-12,16.045054945054947,2.7252747252747254,2.4302325581395348,1017.6206896551724,2.225,0.41036496,-4.481417527652415,-5.430917292806089,0.08213422,16.381104,0.00044341688,-1.467997,-0.9611899,8.3811035,-2.6263676
2021-04-13,14.253846153846151,7.256043956043957,22.64367816091954,1015.303448275862,1.9671052631578947,0.41036496,-6.272626318861208,-0.9001480620368572,0.08213422,12.6805725,0.003433889,-1.0782369,-1.3270068,4.6805725,-6.3268986
2021-04-14,18.50555555555556,8.776666666666667,35.616279069767444,1009.748275862069,2.1866666666666665,0.41036496,-2.020916917151805,0.6204746485858532,0.08213422,18.092072,0.00050501345,-1.3632807,-0.34697607,10.092072,-0.91539955
2021-04-15,16.60222222222222,7.204444444444444,9.465116279069768,1008.9172413793104,2.7360000000000007,0.41036496,-3.924250250485141,-0.9517475736363696,0.08213422,15.88562,0.00027837616,-1.3906059,0.30340484,7.88562,-3.121851
2021-04-16,15.876666666666669,3.313333333333333,0.0919540229885057,1011.6517241379312,2.9118421052631582,0.41036496,-4.649805806040694,-4.8428586847474815,0.08213422,16.095276,0.00067540305,-0.6403287,-1.0920143,8.095276,-2.9121952
2021-04-17,15.234065934065931,-0.0274725274725274,0.0,1013.748275862069,2.626315789473684,0.41036496,-5.292406538641428,-8.183664545553341,0.08213422,16.10794,4.1707117e-05,-0.44932047,-2.1175086,8.107941,-2.8995304
2021-04-18,17.724444444444444,1.010989010989011,0.1379310344827586,1015.0689655172416,1.827631578947369,0.41036496,-2.8020280282629173,-7.145203007091803,0.08213422,18.376434,3.588696e-08,0.18013191,-0.019354502,10.376434,-0.63103676
2021-04-19,18.796666666666667,6.006666666666667,11.069767441860463,1010.8724137931032,2.3000000000000003,0.41036496,-1.7298058060406944,-2.1495253514141472,0.08213422,18.889069,0.00036102606,1.2716795,0.5324009,10.889069,-0.11840248
2021-04-20,17.536263736263738,6.935555555555556,12.470588235294118,1006.8551724137932,2.598701298701299,0.41036496,-2.9902087364436234,-1.220636462525258,0.08213422,17.806122,0.0009229292,0.8952268,0.34497452,9.806122,-1.2013493
2021-04-21,15.60777777777778,6.390000000000001,84.4367816091954,1005.0206896551722,2.042857142857143,0.41036496,-4.918694694929583,-1.7661920180808135,0.08213422,16.19403,0.00091374735,0.6732909,0.39081857,8.194031,-2.8134403
2021-04-22,16.45777777777778,7.9460674157303375,17.03448275862069,1006.8285714285716,1.6342105263157896,0.41036496,-4.068694694929583,-0.2101246023504765,0.08213422,16.000183,0.010583744,-0.50384516,0.03075409,8.000183,-3.007288
2021-04-23,17.419780219780222,7.831868131868131,0.1931818181818181,1009.9448275862068,4.173684210526315,0.41036496,-3.1066922529271395,-0.3243238862126834,0.08213422,17.17746,0.00086293666,-2.3091629,1.4089565,9.17746,-1.8300114
2021-04-24,17.697802197802197,8.943333333333335,16.047619047619047,1007.9896551724136,4.007894736842106,0.41036496,-2.828670274905164,0.7871413152525211,0.08213422,19.32428,0.0006991721,-2.4235656,0.6246409,11.32428,0.3168087
2021-04-25,14.910989010989017,8.924444444444445,74.58620689655173,1004.9862068965516,2.921052631578948,0.41036496,-5.615483461718346,0.768252426363631,0.08213422,15.720245,0.0014922967,-1.2897549,-0.1551375,7.7202454,-3.2872257
2021-04-26,18.00879120879121,8.575555555555557,27.091954022988507,1000.5379310344828,1.7671052631578943,0.41036496,-2.5176812639161525,0.4193635374747426,0.08213422,18.139008,0.00043623522,0.5595544,0.54930776,10.139008,-0.8684635
2021-04-27,18.207954545454548,7.396590909090909,55.75,999.0551724137928,1.8743243243243248,0.41036496,-2.318517927252813,-0.7596011089899051,0.08213422,18.564606,0.00065739505,0.5413704,0.81750745,10.564606,-0.44286537
2021-04-28,16.534482758620694,8.324137931034485,54.01176470588236,999.4344827586208,2.32027027027027,0.41036496,-3.9919897140866674,0.1679459129536713,0.08213422,18.143463,0.0010362993,1.3031888,1.7023579,10.143463,-0.86400795
2021-04-29,14.692134831460674,6.853409090909091,21.080459770114945,1001.8586206896554,3.05945945945946,0.41036496,-5.834337641246687,-1.302782927171723,0.08213422,15.706451,0.0004825261,2.1018798,1.9664928,7.7064514,-3.3010197
2021-04-30,14.553333333333336,4.871111111111111,18.74712643678161,1003.8655172413792,2.055844155844156,0.41036496,-5.973139139374027,-3.2850809069697027,0.08213422,14.945953,0.00068920036,1.4084581,0.8074438,6.9459534,-4.0615177
2021-05-01,14.915555555555557,4.581111111111111,3.1686746987951806,1007.493103448276,2.250649350649351,0.41036496,-5.610916917151807,-3.5750809069697027,0.08213422,15.67984,0.00066723424,1.0783762,-0.22422004,7.67984,-8.5009365
2021-05-02,16.165555555555557,4.308888888888889,6.690476190476191,1011.103448275862,1.5181818181818183,0.41036496,-4.360916917151805,-3.847303129191925,0.08213422,17.036407,0.00012085369,-0.8473899,-0.8356511,9.036407,-7.144369
2021-05-03,17.837078651685395,6.35505617977528,11.30232558139535,1012.251724137931,2.403947368421053,0.41036496,-2.689393821021966,-1.8011358383055338,0.08213422,18.022064,0.0022473861,-1.5206343,-0.37768522,10.022064,-6.1587124
2021-05-04,20.93033707865169,5.056179775280899,0.2325581395348837,1011.2758620689656,2.251315789473684,0.41036496,0.4038646059443245,-3.100012242799915,0.08213422,21.248383,0.000114124756,0.14230283,0.21808891,13.248383,-2.932394
2021-05-05,22.621348314606745,6.807865168539325,0.0,1009.8241379310346,2.0618421052631586,0.41036496,2.0948758418993805,-1.3483268495414888,0.08213422,22.98285,4.3325122e-07,0.8571771,0.038414836,14.982849,-1.1979275
2021-05-06,23.697752808988767,8.104494382022473,0.0,1009.9137931034484,3.2381578947368417,0.41036496,3.1712803362814057,-0.0516976360583409,0.08213422,24.785736,5.333374e-07,1.5718517,0.64870197,16.785736,0.6049595
2021-05-07,25.825555555555564,9.071910112359552,0.0116279069767441,1010.403448275862,2.1171052631578946,0.41036496,5.2990830828482025,0.9157180942787376,0.08213422,25.84732,2.4860108e-07,0.9839649,0.43658224,17.84732,1.666544
2021-05-08,25.883333333333333,9.854444444444448,0.8837209302325582,1004.886206896552,3.8328947368421056,0.41036496,5.356860860625972,1.6982524263636325,0.08213422,27.982697,1.7757218e-08,0.40562615,1.7058998,19.982697,3.80192
2021-05-09,16.975280898876406,6.901123595505618,77.76744186046511,1001.306896551724,4.571052631578948,0.41036496,-3.5511915738309554,-1.2550684225751958,0.08213422,19.887909,0.0025526953,2.0210056,3.531005,11.887909,-4.2928677
2021-05-10,15.117977528089888,4.243820224719101,37.69047619047619,1005.555172413793,3.4480000000000004,0.41036496,-5.408494944617473,-3.9123717933617135,0.08213422,16.391998,0.00030001788,2.6158085,2.0169697,8.391998,-7.7887783
2021-05-11,15.382022471910112,4.347191011235956,7.744186046511628,1011.6689655172412,3.9391891891891886,0.41036496,-5.144450000797249,-3.8090010068448574,0.08213422,18.034607,6.355962e-05,2.8806179,0.939661,10.034607,-6.1461697
2021-05-12,17.688636363636366,7.607954545454546,1.738095238095238,1011.1607142857144,5.198666666666666,0.41036496,-2.837836109070995,-0.5482374726262682,0.08213422,19.38388,0.00012967594,3.1177757,1.255664,11.383881,-4.796896
2021-05-13,17.461797752808994,5.902247191011235,5.635294117647059,1009.993103448276,4.537333333333333,0.41036496,-3.064674719898367,-2.2539448270695788,0.08213422,18.522064,8.820289e-05,2.690078,0.9106888,10.522064,-5.6587124
2021-05-14,20.93033707865169,6.880898876404494,0.0,1010.1655172413796,3.1552631578947365,0.41036496,0.4038646059443245,-1.27529314167632,0.08213422,22.825256,8.734016e-06,1.904857,0.027137717,14.825256,-1.3555202
2021-05-15,23.078651685393258,9.41685393258427,0.0,1008.8724137931036,4.284210526315789,0.41036496,2.552179212685896,1.2606619145034568,0.08213422,27.076996,1.156921e-06,2.5186164,0.9489012,19.076996,2.8962193
2021-05-16,22.18988764044944,10.91685393258427,0.3809523809523809,1008.7068965517244,4.5131578947368425,0.41036496,1.6634151677420768,2.7606619145034568,0.08213422,25.080292,1.3655698e-06,2.6250267,0.48428345,17.080292,0.89951515
2021-05-17,23.310112359550565,9.135955056179776,0.0,1011.1689655172416,2.5631578947368423,0.41036496,2.783639886843204,0.9797630380989606,0.08213422,25.473114,5.363262e-07,0.930933,-0.64569664,17.473114,1.2923374
2021-05-18,24.12528735632184,9.216091954022987,0.0,1011.5444444444444,3.9842105263157896,0.41036496,3.59881488361448,1.059899935942175,0.08213422,27.269135,6.4348166e-07,1.8986403,-0.26145187,19.269135,3.088358
2021-05-19,23.52159090909091,8.151136363636365,0.0,1014.9142857142856,2.578947368421053,0.41036496,2.995118436383549,-0.0050556544444493,0.08213422,25.540161,5.722045e-07,-0.5974471,-1.9466267,17.540161,1.3593845
2021-05-20,27.68750000000001,8.657471264367816,0.0,1011.9846153846154,1.8618421052631584,0.41036496,7.161027527292649,0.5012792462870017,0.08213422,28.105164,6.046146e-07,-0.23933665,0.032902878,20.105164,3.924387
2021-05-21,25.54111111111112,11.014444444444443,0.0,1007.6035714285716,3.912987012987013,0.41036496,5.014638638403753,2.858252426363631,0.08213422,29.276642,3.5514432e-08,2.1707656,0.36958906,21.276642,5.0958652
2021-05-22,18.366666666666667,8.866666666666665,0.0,1008.439285714286,3.128571428571428,0.41036496,-2.159805806040694,0.7104746485858513,0.08213422,21.895538,0.0,1.0015742,-1.8447552,13.895538,-2.2852383
2021-05-23,19.09444444444445,6.363333333333334,9.523809523809524,1010.875,2.625974025974026,0.41036496,-1.4320280282629128,-1.79285868474748,0.08213422,19.052216,0.00034720576,-1.0006351,-1.249,11.052216,-5.128561
2021-05-24,20.26777777777778,6.083333333333335,0.6823529411764706,1014.385714285714,3.2,0.41036496,-0.2586946949295807,-2.07285868474748,0.08213422,20.69049,4.979133e-05,1.9815496,-0.18296003,12.690491,-3.4902859
2021-05-25,24.46555555555556,6.58,0.0465116279069767,1014.6428571428572,2.138961038961039,0.41036496,3.939083082848196,-1.576192018080814,0.08213422,25.012604,1.4315247e-06,-1.2215112,-0.90874225,17.012604,0.83182716
2021-05-26,26.00879120879121,10.716483516483516,0.5402298850574713,1010.3931034482758,2.2961038961038964,0.41036496,5.482318736083851,2.5602914984027034,0.08213422,26.03775,0.00020911232,-0.59063023,-0.016164145,18.03775,1.8569736
2021-05-27,26.33406593406594,11.202197802197803,5.609195402298851,1007.8793103448276,1.9584415584415584,0.41036496,5.807593461358579,3.046005784116989,0.08213422,27.846313,2.5273052e-05,-1.1997038,-0.02001381,19.846313,3.6655369
2021-05-28,25.88666666666668,13.908888888888889,9.223529411764703,1009.0214285714286,1.8571428571428568,0.41036496,5.3601941939593125,5.752696870808075,0.08213422,24.429108,0.002923357,-0.4733092,-0.009420395,16.429108,0.24833107
2021-05-29,29.512222222222228,12.385555555555555,8.773809523809524,1010.05,1.6207792207792209,0.41036496,8.985749749514866,4.229363537474741,0.08213422,28.868317,0.0003182708,-0.13568623,-0.94410324,20.868317,4.68754
2021-05-30,29.84555555555556,14.490000000000002,8.857142857142858,1007.010714285714,2.3220779220779217,0.41036496,9.319083082848197,6.333807981919188,0.08213422,30.890411,2.1476108e-05,-0.020467758,-0.42371115,22.890411,6.709635
2021-05-31,29.6,14.65730337078652,63.30952380952381,1003.7357142857144,3.183783783783784,0.41036496,9.07352752729264,6.5011113527057045,0.08213422,30.437683,0.00010196815,0.1336937,0.5553131,22.437683,6.2569065
2021-06-01,22.34606741573033,12.2438202247191,17.435294117647057,1003.4071428571432,3.3618421052631584,0.2502554,1.8195949430229736,4.087628206638287,-0.07797533,24.65509,0.004784586,1.5179979,1.3924602,16.65509,-4.716749
2021-06-02,25.154444444444444,9.682222222222222,0.188235294117647,1006.6035714285716,2.4740259740259742,0.2502554,4.627971971737082,1.5260302041414082,-0.07797533,25.82663,0.00025060357,0.7481723,0.87508637,17.82663,-3.54521
2021-06-03,26.634065934065937,11.647252747252749,1.7857142857142858,1008.8275862068966,2.78961038961039,0.2502554,6.107593461358576,3.4910607291719344,-0.07797533,28.327545,6.551094e-05,0.4310163,0.6648885,20.327545,-1.0442944
2021-06-04,25.927472527472524,11.012087912087912,0.6206896551724138,1012.6862068965518,2.24025974025974,0.2502554,5.401000054765163,2.855895894007098,-0.07797533,27.542755,1.6786598e-05,0.56125516,-0.111452736,19.542755,-1.8290844
2021-06-05,24.36304347826087,11.370652173913047,23.27586206896552,1014.4517241379313,2.23974358974359,0.2502554,3.836571005553509,3.214460155832233,-0.07797533,24.0195,0.0009473747,-1.1125749,-0.6327591,16.0195,-5.352339
2021-06-06,28.286813186813188,10.551648351648351,0.7906976744186046,1012.9448275862068,1.9884615384615387,0.2502554,7.760340714105826,2.3954563335675374,-0.07797533,28.367706,0.00011856487,0.19373576,0.082878195,20.367706,-1.0041332
2021-06-07,30.50111111111111,12.754444444444443,0.0238095238095238,1011.4517241379313,2.048717948717949,0.2502554,9.97463863840375,4.598252426363631,-0.07797533,30.558502,2.6325384e-07,0.38888168,-0.3671522,22.558502,1.1866627
2021-06-08,32.223076923076924,13.986813186813183,0.0697674418604651,1010.575,2.565384615384615,0.2502554,11.696604450369565,5.830621168732369,-0.07797533,32.976105,1.3396143e-06,0.8489399,0.17052014,24.976105,3.6042652
2021-06-09,32.283516483516486,13.709890109890113,0.0116279069767441,1010.6296296296298,2.5282051282051285,0.2502554,11.757044010809125,5.553698091809297,-0.07797533,33.876465,2.3109216e-07,1.0079937,-0.16066734,25.876465,4.5046253
2021-06-10,32.60659340659341,14.54835164835165,0.0117647058823529,1008.3857142857144,2.435897435897436,0.2502554,12.08012093388605,6.392159630270836,-0.07797533,33.68033,0.0,0.069254555,-0.15155494,25.680328,4.308489
2021-06-11,31.582222222222228,15.577777777777778,24.1046511627907,1007.4607142857142,2.857142857142857,0.2502554,11.055749749514868,7.421585759696963,-0.07797533,32.944122,0.000218908,-2.1211483,-0.7998214,24.944122,3.5722828
2021-06-12,30.41,14.56,37.207317073170735,1010.4214285714288,3.362337662337662,0.2502554,9.88352752729264,6.403807981919186,-0.07797533,31.343597,0.0005742847,-2.6685352,-0.07261741,23.343597,1.9717579
2021-06-13,30.855056179775275,15.438202247191011,15.916666666666666,1011.0500000000002,3.2197368421052635,0.2502554,10.328583707067914,7.282010229110197,-0.07797533,32.17636,0.00034203962,-1.9756769,0.5143086,24.176361,2.8045216
2021-06-14,31.09444444444445,15.94111111111111,10.365853658536585,1009.7464285714284,2.272,0.2502554,10.567971971737087,7.784919093030297,-0.07797533,32.740204,3.7550428e-05,-0.52890587,-0.79461074,24.740204,3.3683643
2021-06-15,31.716666666666672,15.695555555555554,47.28048780487805,1007.0285714285714,2.776623376623377,0.2502554,11.19019419395931,7.53936353747474,-0.07797533,33.24826,8.5417916e-05,-2.0081742,0.46701288,25.24826,3.876421
2021-06-16,28.859550561797747,16.178409090909092,83.10843373493977,1003.0,3.046666666666667,0.2502554,8.333078089090385,8.022217072828278,-0.07797533,30.402985,0.0015898901,-0.49524942,0.43926275,22.402985,1.0311451
2021-06-17,21.34606741573033,13.628089887640453,89.01190476190476,1003.4629629629628,2.818421052631579,0.2502554,0.8195949430229739,5.471897869559637,-0.07797533,23.507294,0.0030466414,0.7613716,1.3011732,15.507294,-5.864546
2021-06-18,22.321590909090908,11.569318181818184,60.11764705882353,1005.2923076923076,3.0539473684210527,0.2502554,1.7951184363835466,3.4131261637373687,-0.07797533,23.312347,0.0014518016,0.3378601,1.2214993,15.312347,-6.059492
2021-06-19,22.27977528089888,10.066292134831462,6.25,1007.1666666666669,2.51842105263158,0.2502554,1.753302808191517,1.910100116750648,-0.07797533,24.231598,0.00015406875,1.6510168,1.1467667,16.231598,-5.1402416
2021-06-20,19.194318181818183,11.403409090909092,16.63855421686747,1004.5185185185184,4.664473684210527,0.2502554,-1.3321542908891786,3.2472170728282777,-0.07797533,20.013397,3.3848883e-05,2.8930569,2.8476582,12.013397,-9.358442
2021-06-21,20.15730337078652,9.93409090909091,2.8780487804878048,1005.4407407407408,3.944,0.2502554,-0.3691691019208427,1.7778988910100963,-0.07797533,20.199097,7.518361e-05,2.7316196,1.8711661,12.199097,-9.172743
2021-06-22,21.006741573033707,11.167415730337082,25.02380952380953,1008.7384615384616,2.3207792207792206,0.2502554,0.4802691003263462,3.0112237122562675,-0.07797533,22.485199,0.0005898842,0.7215894,-0.74430484,14.485199,-6.8866405
2021-06-23,23.006818181818183,10.631818181818184,0.3095238095238095,1011.3692307692309,2.5526315789473686,0.2502554,2.4803457091108214,2.4756261637373687,-0.07797533,23.59317,0.00014601025,-0.46532312,-2.101642,15.59317,-5.7786694
2021-06-24,27.447777777777784,10.08888888888889,0.0,1012.3296296296296,2.018181818181818,0.2502554,6.921305305070423,1.9326968708080765,-0.07797533,27.24002,3.9601387e-06,-1.3202242,-1.3152767,19.24002,-2.1318188
2021-06-25,30.436666666666667,13.128888888888888,0.0,1009.4629629629628,2.3,0.2502554,9.910194193959306,4.972696870808074,-0.07797533,30.82193,4.444415e-07,-0.05484708,-0.3060595,22.82193,1.4500904
2021-06-26,30.63222222222223,14.94444444444444,0.1176470588235294,1005.4185185185185,3.97012987012987,0.2502554,10.105749749514867,6.788252426363627,-0.07797533,31.757965,3.5514432e-08,1.637385,1.1166935,23.757965,2.3861256
2021-06-27,26.686666666666667,12.842222222222226,0.0,1005.5370370370372,4.255844155844155,0.2502554,6.160194193959306,4.686030204141412,-0.07797533,29.544006,0.0,3.0167599,1.9523188,21.544006,0.17216682
2021-06-28,25.226666666666667,9.704444444444444,0.0,1009.0740740740738,3.005194805194805,0.2502554,4.700194193959305,1.5482524263636304,-0.07797533,27.08957,6.049872e-07,1.1060829,-1.6669642,19.08957,-2.2822704
2021-06-29,28.38131868131868,10.461111111111112,0.0114942528735632,1008.6074074074074,2.027272727272728,0.2502554,7.854846208611317,2.304919093030298,-0.07797533,29.614471,1.4280279e-07,0.32262358,-0.24065685,21.614471,0.24263191
2021-06-30,31.009890109890105,12.251648351648353,0.2068965517241379,1007.1892857142856,2.663636363636364,0.2502554,10.483417637182743,4.0954563335675385,-0.07797533,32.61087,1.1432165e-06,1.1210686,0.75038075,24.61087,3.2390308
2021-07-01,31.852222222222224,13.488888888888887,0.0,1007.5814814814815,2.639473684210526,0.2502554,11.325749749514864,5.332696870808075,-0.07797533,33.072052,1.07536714e-07,1.6187649,1.1628356,25.072052,-1.1971283
2021-07-02,32.31111111111111,14.156666666666666,0.0454545454545454,1007.4666666666668,3.211688311688312,0.2502554,11.784638638403749,6.000474648585852,-0.07797533,33.79416,0.0,2.127699,1.5077335,25.794159,-0.47502136
2021-07-03,29.84555555555556,15.353333333333335,0.0,1007.4666666666666,3.2935064935064937,0.2502554,9.319083082848197,7.197141315252521,-0.07797533,32.40204,1.323289e-06,2.278679,1.2892059,24.402039,-1.8671417
2021-07-04,29.205617977528096,14.011235955056184,0.0,1008.3370370370368,3.663636363636363,0.2502554,8.679145504820735,5.855043936975369,-0.07797533,32.19644,9.673955e-07,2.2108371,0.81574315,24.196442,-2.0727386
2021-07-05,31.641573033707864,14.437078651685397,9.385542168674698,1005.4407407407408,3.8684210526315774,0.2502554,11.115100561000505,6.280886633604581,-0.07797533,33.776794,7.16956e-08,2.5123413,1.747086,25.776794,-0.49238586
2021-07-06,21.797752808988765,12.27303370786517,11.172413793103448,1006.8555555555556,3.142105263157894,0.2502554,1.2712803362814036,4.116841689784357,-0.07797533,26.128906,1.0102056e-05,2.6462924,1.5557966,18.128906,-8.140274
2021-07-07,24.30568181818182,9.856818181818184,0.1149425287356321,1010.6769230769228,2.787837837837837,0.2502554,3.77920934547446,1.70062616373737,-0.07797533,26.351501,1.3160208e-06,1.1255201,-1.316846,18.351501,-7.917679
2021-07-08,28.5561797752809,10.559550561797751,0.0344827586206896,1013.6481481481484,2.041891891891892,0.2502554,8.029707302573538,2.403358543716939,-0.07797533,28.525848,1.6392427e-07,-1.3022658,-1.4863776,20.525848,-5.743332
2021-07-09,32.55111111111111,13.750000000000002,0.0,1010.6964285714286,2.3662162162162166,0.2502554,12.02463863840375,5.593807981919188,-0.07797533,33.0596,4.6729156e-07,-0.7842395,-0.5559674,25.0596,-1.2095795
2021-07-10,35.1370786516854,16.041573033707866,0.0,1007.4888888888888,2.409459459459459,0.2502554,14.610606178978038,7.885381015627052,-0.07797533,36.532196,1.2442469e-07,0.10036341,0.37414804,28.532196,2.2630157
2021-07-11,37.13146067415731,17.56629213483146,0.0229885057471264,1003.6481481481482,3.9364864864864857,0.2502554,16.60498820144995,9.410100116750646,-0.07797533,39.84137,6.814655e-05,1.7825197,1.266895,31.84137,5.5721893
2021-07-12,24.75227272727273,13.56931818181818,0.0229885057471264,1008.2269230769232,5.102702702702703,0.2502554,4.225800254565368,5.413126163737367,-0.07797533,28.833954,8.424747e-06,2.6013649,-1.5944023,20.833954,-5.4352264
2021-07-13,26.1561797752809,9.72247191011236,0.0116279069767441,1012.5148148148148,2.6067567567567567,0.2502554,5.629707302573539,1.566279892031547,-0.07797533,26.94635,6.438854e-07,-0.24703026,-1.7690015,18.94635,-7.32283
2021-07-14,27.895454545454548,11.6625,0.3103448275862069,1011.6740740740742,2.4891891891891893,0.2502554,7.368982072747187,3.5063079819191856,-0.07797533,28.65448,2.3121636e-07,-1.4135418,-1.4406447,20.65448,-5.6147003
2021-07-15,30.86629213483146,12.821348314606745,0.0,1010.225,2.4560000000000004,0.2502554,10.3398196621241,4.665156296525929,-0.07797533,30.66391,3.729015e-07,-1.4992447,-1.1469367,22.66391,-3.6052704
2021-07-16,34.11098901098901,14.974725274725277,0.0,1009.5758620689656,2.057894736842105,0.2502554,13.584516538281648,6.818533256644461,-0.07797533,34.65384,3.551443e-08,-0.64469844,-0.6725814,26.65384,0.3846588
2021-07-17,35.75777777777778,16.47111111111111,0.0112359550561797,1007.8321428571428,2.407894736842105,0.2502554,15.23130530507042,8.314919093030296,-0.07797533,37.108368,3.551443e-08,-0.6300246,-1.3854853,29.108368,2.8391876
2021-07-18,34.38666666666666,17.374444444444443,0.0,1006.489285714286,3.08,0.2502554,13.860194193959302,9.218252426363629,-0.07797533,35.779938,1.1759502e-06,-0.02620379,-2.4174776,27.779938,1.5107574
2021-07-19,34.507777777777775,15.986666666666668,0.0,1004.5,2.3360000000000003,0.2502554,13.981305305070414,7.830474648585854,-0.07797533,35.64731,7.127722e-08,0.13474464,-0.76413083,27.647308,1.378128
2021-07-20,33.82,16.78111111111111,0.6477272727272727,1005.475,2.6144736842105267,0.2502554,13.29352752729264,8.624919093030295,-0.07797533,35.56656,0.0,1.0294819,0.20038466,27.566559,1.2973785
2021-07-21,35.081111111111106,16.753333333333334,0.0454545454545454,1007.7142857142856,2.4184210526315786,0.2502554,14.554638638403745,8.59714131525252,-0.07797533,35.845642,0.0,0.1426843,0.27802148,27.845642,1.5764618
2021-07-22,35.103370786516855,17.348314606741575,0.0114942528735632,1006.7,3.0706666666666664,0.2502554,14.576898313809494,9.19212258866076,-0.07797533,36.751373,0.0,0.63397723,0.691323,28.751373,2.482193
2021-07-23,30.46516853932585,15.817977528089887,0.0,1004.5642857142858,3.906756756756757,0.2502554,9.938696066618489,7.661785510009075,-0.07797533,33.2153,4.6491618e-07,2.4280846,2.1132736,25.215302,-1.0538788
2021-07-24,28.86741573033708,12.407865168539326,0.0,1004.7392857142858,2.9866666666666672,0.2502554,8.340943257629714,4.251673150458512,-0.07797533,31.61847,5.0067894e-07,1.726029,0.011594494,23.61847,-2.650711
2021-07-25,28.79887640449438,13.196629213483146,18.14772727272728,1004.075,2.681333333333334,0.2502554,8.272403931787018,5.040437195402332,-0.07797533,30.893036,4.9226936e-05,1.0574919,-1.0475084,22.893036,-3.3761444
2021-07-26,29.56516853932584,14.53483146067416,0.1704545454545454,1005.8074074074074,1.956756756756757,0.2502554,9.038696066618478,6.378639442593345,-0.07797533,28.63861,0.00047272645,-0.5283902,-0.8487911,20.63861,-5.6305695
2021-07-27,31.80337078651685,15.792134831460674,0.0,1004.8464285714286,3.1905405405405407,0.2502554,11.276898313809497,7.6359428133798595,-0.07797533,32.5961,2.0725405e-05,1.0170397,1.3990396,24.5961,-1.6730804
2021-07-28,33.295454545454554,15.534090909090908,0.0568181818181818,1004.1148148148148,2.601369863013699,0.2502554,12.768982072747193,7.377898891010094,-0.07797533,34.621307,3.551443e-08,0.801801,0.18671258,26.621307,0.35212708
2021-07-29,33.745555555555555,16.721111111111114,0.0,1004.0857142857144,3.571232876712328,0.2502554,13.219083082848194,8.5649190930303,-0.07797533,35.033295,6.085575e-07,0.9299927,0.81119084,27.033295,0.7641144
2021-07-30,31.79888888888889,15.666666666666666,0.0,1004.4214285714288,3.2506849315068496,0.2502554,11.272416416181528,7.510474648585852,-0.07797533,33.898834,1.249416e-07,2.3878517,1.3423992,25.898834,-0.37034607
2021-07-31,24.186666666666667,13.29666666666667,6.689655172413793,1006.7821428571432,3.7013513513513527,0.2502554,3.660194193959306,5.140474648585856,-0.07797533,25.834381,0.0015449403,1.3744379,-1.0826111,17.834381,-8.434799
2021-08-01,25.778888888888886,10.384444444444444,0.0804597701149425,1008.8464285714288,2.252702702702702,0.2502554,5.252416416181525,2.22825242636363,-0.07797533,26.348938,0.00014065199,-0.06546339,-0.1114345,18.348938,-7.2278366
2021-08-02,28.76555555555556,12.34888888888889,0.0114942528735632,1007.1,1.9081081081081088,0.2502554,8.239083082848197,4.192696870808076,-0.07797533,29.025116,9.27615e-08,-0.17372577,-0.1319381,21.025116,-4.5516586
2021-08-03,30.42666666666667,14.147777777777783,0.0919540229885057,1007.5892857142856,3.0243243243243243,0.2502554,9.900194193959308,5.991585759696969,-0.07797533,32.26474,6.251746e-07,0.8116525,1.0364078,24.26474,-1.3120346
2021-08-04,29.876666666666672,17.102222222222224,0.1034482758620689,1007.8,3.294594594594595,0.2502554,9.350194193959313,8.94603020414141,-0.07797533,30.70456,0.000116453426,0.9866994,-1.5414639,22.70456,-2.8722153
2021-08-05,32.96000000000001,14.624444444444444,0.0,1006.6285714285716,3.313513513513514,0.2502554,12.433527527292648,6.46825242636363,-0.07797533,34.864624,6.3429275e-06,1.2800604,-0.21461515,26.864624,1.2878494
2021-08-06,30.79111111111112,14.475555555555555,0.0,1002.1321428571428,3.605333333333333,0.2502554,10.264638638403753,6.319363537474741,-0.07797533,33.389557,3.5654202e-07,2.03932,1.4291078,25.389557,-0.18721771
2021-08-07,26.73444444444444,13.664444444444444,0.0,1003.4821428571428,3.281333333333333,0.2502554,6.207971971737081,5.508252426363629,-0.07797533,29.0625,7.189809e-08,1.8176874,-0.046523016,21.0625,-4.5142746
2021-08-08,29.28555555555556,11.141111111111114,0.0,1006.6428571428572,2.030666666666667,0.2502554,8.759083082848196,2.9849190930303,-0.07797533,30.05246,4.1262948e-07,0.11810557,-0.4670707,22.05246,-3.5243149
2021-08-09,32.57222222222223,13.829999999999998,0.0,1007.0035714285714,2.2378378378378376,0.2502554,12.045749749514869,5.673807981919184,-0.07797533,32.964996,0.00016953902,-0.48461914,0.3771515,24.964996,-0.61177826
2021-08-10,34.44719101123595,16.614606741573034,0.0114942528735632,1006.3444444444448,2.0,0.2502554,13.92071853852859,8.45841472349222,-0.07797533,34.808563,0.00010922812,-0.48005423,0.05452593,26.808563,1.2317886
2021-08-11,36.92873563218392,18.57816091954023,5.705882352941177,1006.4285714285716,2.347297297297297,0.2502554,16.402263159476554,10.421968901459415,-0.07797533,37.637543,0.0004326645,-0.44327292,0.193784,29.637543,4.060768
2021-08-12,36.20898876404495,20.18764044943821,0.0,1008.9107142857144,3.0178082191780824,0.2502554,15.682516291337585,12.031448431357392,-0.07797533,36.6987,8.264733e-05,0.99810725,0.7868972,28.6987,3.1219254
2021-08-13,39.48314606741574,18.81460674157304,0.4069767441860465,1010.5535714285716,2.746575342465753,0.2502554,18.956673594708377,10.65841472349222,-0.07797533,40.29135,6.4398915e-07,0.8432147,0.34198856,32.29135,6.7145767
2021-08-14,39.88,21.21888888888889,3.0,1009.4035714285714,2.7386666666666666,0.2502554,19.35352752729264,13.062696870808075,-0.07797533,41.108612,0.0001459918,0.6202952,0.3870987,33.108612,7.5318375
2021-08-15,38.338888888888896,19.802222222222227,0.0114942528735632,1007.8964285714286,3.052000000000001,0.2502554,17.812416416181534,11.646030204141413,-0.07797533,40.528534,1.617715e-05,1.5253938,0.65675503,32.528534,6.9517593
2021-08-16,33.62555555555556,15.5,0.0,1010.0357142857144,3.1105263157894742,0.2502554,13.099083082848196,7.343807981919186,-0.07797533,35.247253,7.507702e-07,-1.1238155,-2.3639991,27.247253,1.6704788
2021-08-17,31.1,14.465555555555556,0.0,1011.6964285714288,2.6934210526315794,0.2502554,10.57352752729264,6.309363537474743,-0.07797533,32.464813,1.7980732e-07,-1.5277163,-2.0043023,24.464813,-1.1119614
2021-08-18,31.866292134831465,13.596629213483148,0.0,1007.5962962962964,2.4133333333333336,0.2502554,11.339819662124103,5.440437195402334,-0.07797533,32.449432,7.1618905e-07,-0.41106224,-0.52882856,24.449432,-1.1273422
2021-08-19,32.07444444444445,14.161111111111111,0.0,1004.8357142857142,2.335526315789473,0.2502554,11.547971971737091,6.004919093030297,-0.07797533,33.403656,6.776379e-07,0.71600276,0.50447387,25.403656,-0.17311859
2021-08-20,32.76222222222223,15.273333333333335,0.0,1006.2107142857144,2.777333333333333,0.2502554,12.235749749514866,7.117141315252523,-0.07797533,33.333893,3.21156e-07,0.8232358,0.61435884,25.333893,-0.24288177
2021-08-21,33.496629213483146,14.37752808988764,0.0,1008.9444444444443,2.221052631578947,0.2502554,12.970156740775783,6.221336071806826,-0.07797533,34.001343,6.400049e-07,1.1075677,0.65637034,26.001343,0.42456818
2021-08-22,35.189772727272725,15.284090909090908,0.4883720930232558,1009.5555555555557,2.003947368421053,0.2502554,14.663300254565364,7.127898891010094,-0.07797533,35.657745,5.327165e-08,-0.013639172,-0.10864365,27.657745,2.0809708
2021-08-23,35.14204545454545,18.4625,2.5476190476190474,1006.6925925925926,2.736842105263157,0.2502554,14.615572981838092,10.306307981919188,-0.07797533,35.019623,0.00014129705,-1.4168848,-1.6086603,27.019623,1.4428482
2021-08-24,32.326966292134834,16.5314606741573,10.25,1004.1666666666664,2.3407894736842105,0.2502554,11.800493819427473,8.375268656076488,-0.07797533,32.745758,0.00036349494,-1.3674456,-0.73894566,24.745758,-0.83101654
2021-08-25,30.657777777777785,15.17888888888889,11.27906976744186,1004.3357142857144,2.268,0.2502554,10.131305305070423,7.022696870808076,-0.07797533,30.120392,0.0007444017,-0.003118515,0.7252845,22.120392,-3.4563828
2021-08-26,31.680000000000003,17.310000000000002,3.367816091954023,1006.2172413793104,1.872368421052632,0.2502554,11.153527527292642,9.153807981919188,-0.07797533,30.993927,9.570941e-05,0.10768,0.13163392,22.993927,-2.5828476
2021-08-27,32.97,16.557303370786517,0.0,1005.8206896551724,2.32,0.2502554,12.443527527292638,8.401111352705703,-0.07797533,33.350433,1.0912735e-06,0.86137134,0.12224559,25.350433,-0.22634125
2021-08-28,31.084269662921347,15.341573033707864,0.0,1005.4703703703703,2.4986842105263154,0.2502554,10.557797190213986,7.1853810156270495,-0.07797533,32.27896,3.734143e-07,1.5972843,0.8893177,24.278961,-1.2978134
2021-08-29,29.731460674157308,14.616853932584268,0.4880952380952381,1004.975,2.2776315789473687,0.2502554,9.204988201449948,6.460661914503454,-0.07797533,30.982147,0.00013271371,0.93889683,0.46353638,22.982147,-2.5946274
2021-08-30,29.18977272727273,14.705681818181818,1.1647058823529413,1004.8357142857144,2.3184210526315794,0.2502554,8.663300254565367,6.549489800101004,-0.07797533,29.17096,1.811284e-05,1.4970945,1.1266001,21.17096,-4.405815
2021-08-31,31.160000000000007,14.584444444444443,133.58823529411765,1006.3142857142858,1.9220779220779216,0.2502554,10.633527527292646,6.428252426363631,-0.07797533,31.19934,1.0864187e-06,-0.67612904,0.55761987,23.19934,-2.3774338
2021-09-01,23.75681818181818,14.365517241379306,60.04705882352941,1008.2821428571428,2.470666666666667,0.32843885,3.230345709110818,6.209325223298492,0.00020810962,26.712189,0.014216114,-0.672081,0.1956836,18.712189,0.91088295
2021-09-02,25.226136363636364,13.323863636363637,15.439024390243905,1009.3142857142856,1.816,0.32843885,4.699663890929003,5.167671618282823,0.00020810962,25.111664,0.0008372963,0.4408296,0.38101685,17.111664,-0.68964195
2021-09-03,27.76888888888889,13.804444444444446,0.0476190476190476,1009.0413793103448,1.9223684210526315,0.32843885,7.24241641618153,5.648252426363632,0.00020810962,26.512146,5.0573257e-05,0.5790062,0.36473846,18.512146,0.7108402
2021-09-04,29.89772727272728,13.514772727272732,0.0,1007.6310344827588,1.8413333333333337,0.32843885,9.371254800019916,5.3585807091919175,0.00020810962,28.56955,3.4991288e-06,0.1418597,0.050509136,20.56955,2.7682438
2021-09-05,32.028089887640455,15.34606741573034,0.0,1008.45,2.289333333333333,0.32843885,11.501617414933094,7.189875397649525,0.00020810962,30.921173,0.0,-0.9314906,-0.22418213,22.921173,5.1198673
2021-09-06,31.23636363636364,19.570454545454545,0.0352941176470588,1008.7357142857144,3.74,0.32843885,10.709891163656277,11.414262527373731,0.00020810962,32.46109,1.6151174e-05,-2.0586643,-0.12018541,24.46109,6.6597843
2021-09-07,29.569318181818183,17.070454545454545,0.0240963855421686,1007.0928571428572,3.721621621621621,0.32843885,9.042845709110823,8.914262527373731,0.00020810962,31.891235,1.0340376e-06,0.52640027,0.8981382,23.891235,6.0899296
2021-09-08,25.44659090909091,14.588636363636365,0.6987951807228916,1007.3678571428572,3.08,0.32843885,4.92011843638355,6.432444345555549,0.00020810962,27.356781,9.064871e-08,2.4489892,1.7413744,19.356781,1.5554752
2021-09-09,25.61149425287357,15.355172413793104,0.7228915662650602,1007.925925925926,2.756,0.32843885,5.085021780166205,7.19898039571229,0.00020810962,24.377716,0.0002092767,1.8597959,0.6014019,16.377716,-1.4235897
2021-09-10,25.820689655172416,13.729885057471265,0.388235294117647,1010.1,2.588157894736842,0.32843885,5.294217182465054,5.5736930393904505,0.00020810962,27.590912,3.763553e-05,1.5630926,0.9637022,19.590912,1.7896061
2021-09-11,25.875,12.051136363636363,0.0,1010.6285714285716,1.8565789473684209,0.32843885,5.348527527292639,3.894944345555549,0.00020810962,27.041687,5.195538e-06,1.0457941,0.7407939,19.041687,1.2403812
2021-09-12,30.38636363636364,13.179545454545456,0.0,1006.7642857142856,2.130263157894737,0.32843885,9.859891163656275,5.023353436464641,0.00020810962,30.42154,9.44982e-07,-0.39280573,-0.5462105,22.42154,4.6202335
2021-09-13,24.952272727272728,15.572727272727274,91.9529411764706,1006.5678571428572,2.975,0.32843885,4.425800254565367,7.41653525464646,0.00020810962,27.699493,0.00073430286,-0.4136022,1.2978915,19.699493,1.8981876
2021-09-14,18.66352941176471,13.58823529411765,219.97619047619048,1005.6269230769232,3.0027027027027025,0.32843885,-1.862943060942652,5.432043276036836,0.00020810962,20.804718,0.0042425673,-0.97868794,0.2709767,12.804718,-4.9965878
2021-09-15,21.454545454545457,13.270454545454545,34.07142857142857,1007.6962962962964,1.534246575342466,0.32843885,0.9280729818380956,5.1142625273737305,0.00020810962,22.157928,0.0015593149,0.39873695,0.56959885,14.157928,-3.6433773
2021-09-16,24.55568181818182,13.009090909090906,1.869047619047619,1010.3518518518518,1.3794520547945206,0.32843885,4.02920934547446,4.852898891010092,0.00020810962,23.641815,0.00012718081,0.027999243,-0.17454703,15.641815,-2.1594906
2021-09-17,25.764772727272728,12.538636363636364,1.5180722891566265,1008.1,2.294520547945205,0.32843885,5.238300254565367,4.38244434555555,0.00020810962,25.791718,1.5528642e-05,0.7571742,0.33742747,17.791718,-0.009588242
2021-09-18,23.42584269662921,11.77752808988764,0.0235294117647058,1008.8888888888893,2.7000000000000006,0.32843885,2.899370223921853,3.6213360718068266,0.00020810962,24.592834,6.383087e-06,1.1567789,-0.8351086,16.592834,-1.2084713
2021-09-19,24.44772727272728,8.801136363636362,0.0119047619047619,1012.6888888888888,1.5972972972972974,0.32843885,3.921254800019913,0.6449443455555475,0.00020810962,24.657959,5.817915e-07,-0.42785454,-1.0240515,16.657959,-1.1433468
2021-09-20,23.34090909090909,9.688636363636364,1.011764705882353,1014.1407407407409,3.018918918918919,0.32843885,2.8144366182017286,1.5324443455555503,0.00020810962,23.254242,2.1947453e-05,-1.3993053,-2.6153495,15.254242,-2.5470638
2021-09-21,21.282222222222224,7.907777777777777,1.8571428571428568,1014.9666666666668,3.56081081081081,0.32843885,0.7557497495148624,-0.2484142403030373,0.00020810962,22.28952,2.9248502e-06,-2.431093,-2.5599747,14.28952,-3.5117855
2021-09-22,20.88777777777777,10.573333333333334,29.47674418604652,1012.5214285714286,2.805333333333333,0.32843885,0.3613053050704167,2.41714131525252,0.00020810962,22.4982,0.0006942924,-2.0730019,-1.3731569,14.498199,-3.3031063
2021-09-23,23.31111111111112,12.36,165.92045454545453,1008.6666666666664,3.464935064935066,0.32843885,2.784638638403756,4.203807981919187,0.00020810962,26.176086,0.0016031334,-2.3037586,-0.7673251,18.176086,0.37478065
2021-09-24,21.642045454545453,14.013636363636367,75.17441860465117,1007.2777777777778,2.4894736842105267,0.32843885,1.115572981838092,5.857444345555553,0.00020810962,24.430725,0.0058492613,-0.7039463,0.09418678,16.430725,-1.3705807
2021-09-25,19.71022727272728,11.961363636363636,14.55952380952381,1010.6535714285712,2.9821917808219176,0.32843885,-0.8162451999800879,3.805171618282822,0.00020810962,20.332031,0.000861927,1.3774084,1.3184303,12.332031,-5.4692745
2021-09-26,22.717045454545456,10.51818181818182,0.2048192771084337,1014.1714285714286,1.637837837837838,0.32843885,2.190572981838095,2.3619898001010053,0.00020810962,22.942352,2.0647958e-05,1.1020285,0.8793946,14.942352,-2.8589535
2021-09-27,24.25977011494253,10.367816091954024,0.0,1014.9,1.4135135135135135,0.32843885,3.733297642235165,2.2116240738732085,0.00020810962,25.263275,1.7633036e-08,0.6821874,0.48340544,17.263275,-0.5380306
2021-09-28,23.99090909090909,10.838636363636365,0.0235294117647058,1014.4857142857144,1.9162162162162164,0.32843885,3.464436618201727,2.6824443455555507,0.00020810962,24.03363,1.072101e-06,0.60004616,0.085110985,16.03363,-1.7676754
2021-09-29,23.16436781609196,9.14367816091954,0.0,1017.8111111111112,1.7364864864864864,0.32843885,2.637895343384596,0.9874861428387244,0.00020810962,23.94107,2.1374028e-07,-0.5520446,-1.5630699,15.941071,-1.8602352
2021-09-30,24.095402298850583,9.904597701149426,0.0238095238095238,1016.4925925925928,1.337837837837838,0.32843885,3.568929826143222,1.7484056830686114,0.00020810962,23.87436,2.7721126e-06,-0.6264375,-0.93809694,15.874359,-1.9269466
2021-10-01,24.423595505617985,10.773033707865167,0.0,1013.4714285714288,1.5418918918918922,0.32843885,3.897123032910621,2.616841689784355,0.00020810962,25.063904,4.487268e-05,0.46787453,-0.1272111,17.063904,3.788622
2021-10-02,24.32183908045977,10.292045454545455,36.89411764705882,1006.8407407407408,2.622972972972973,0.32843885,3.7953666077524097,2.1358534364646413,0.00020810962,25.200714,2.8409177e-06,1.173603,1.1450697,17.200714,3.9254322
2021-10-03,17.34606741573034,7.782022471910114,67.5813953488372,1006.7,4.059459459459459,0.32843885,-3.1804050569770226,-0.3741695461707,0.00020810962,17.382599,0.0061087874,1.6070038,0.73410314,9.382599,-3.892683
2021-10-04,17.788636363636364,6.075280898876405,0.7831325301204819,1014.0321428571432,2.2,0.32843885,-2.7378361090709973,-2.0809111192044094,0.00020810962,19.114532,0.00047894195,1.0594019,-0.29211327,11.114532,-2.1607494
2021-10-05,20.76179775280899,9.015730337078653,1.7209302325581397,1015.0142857142856,2.939473684210527,0.32843885,0.2353252801016303,0.8595383189978385,0.00020810962,22.149445,1.2336733e-05,1.4913622,0.39844188,14.149445,0.8741627
2021-10-06,22.82921348314607,9.608988764044945,0.0,1016.85,1.6932432432432432,0.32843885,2.3027410104387087,1.4527967459641309,0.00020810962,22.261566,1.314034e-06,-0.91761017,-1.0563058,14.261566,0.98628426
2021-10-07,24.802222222222227,7.917777777777778,0.0,1014.2500000000002,1.337837837837838,0.32843885,4.2757497495148655,-0.2384142403030358,0.00020810962,24.82486,3.5762785e-08,-0.017655054,-0.50890034,16.82486,3.5495777
2021-10-08,25.29325842696629,8.644444444444446,0.0,1012.0714285714288,1.4946666666666668,0.32843885,4.766785954258928,0.4882524263636316,0.00020810962,24.888336,0.0,-0.1578579,-0.6521616,16.888336,3.6130543
2021-10-09,24.165909090909096,8.232584269662922,0.0,1012.4,1.4216216216216218,0.32843885,3.639436618201735,0.0763922515821082,0.00020810962,23.678925,0.0,-0.7629032,-0.80367595,15.678925,2.4036427
2021-10-10,22.72808988764045,8.702222222222222,0.0,1013.45,1.826666666666667,0.32843885,2.2016174149330894,0.5460302041414078,0.00020810962,22.729767,1.7881393e-07,-1.4692892,-1.3220428,14.729767,1.4544849
2021-10-11,22.35333333333333,8.818888888888889,0.0,1013.5785714285714,1.8934210526315791,0.32843885,1.8268608606259704,0.6626968708080749,0.00020810962,22.486237,3.1529632e-06,-1.4891428,-0.95299286,14.486237,1.2109547
2021-10-12,23.287640449438207,8.313333333333334,0.0,1011.8071428571428,1.4289473684210527,0.32843885,2.761167976730846,0.1571413152525202,0.00020810962,23.239685,3.3752409e-07,-0.3763536,-0.50342757,15.239685,1.9644032
2021-10-13,23.582022471910115,6.592222222222224,0.0,1012.5785714285716,1.6584415584415586,0.32843885,3.055549999202753,-1.56396979585859,0.00020810962,24.086945,3.551443e-08,-1.0370749,-1.3828942,16.086945,2.8116627
2021-10-14,23.606593406593408,6.190109890109891,0.5348837209302325,1014.2071428571428,1.4118421052631578,0.32843885,3.0801209338860467,-1.9660821279709229,0.00020810962,23.105255,1.0213561e-06,-0.32937494,-0.21491826,15.105255,1.8299732
2021-10-15,23.271428571428576,8.130434782608695,0.0,1012.5068965517244,1.6828947368421052,0.32843885,2.7449560987212145,-0.0257572354721187,0.00020810962,23.791962,5.00194e-07,0.39050293,0.15175013,15.791962,2.5166798
2021-10-16,20.64130434782609,8.509782608695652,15.28735632183908,1011.2413793103448,1.0144736842105264,0.32843885,0.1148318751187282,0.3535905906148375,0.00020810962,20.869965,3.551443e-08,-0.5134824,-0.65723836,12.869965,-0.4053173
2021-10-17,20.87912087912088,11.21978021978022,7.116279069767442,1012.5,1.4133333333333336,0.32843885,0.3526484064135182,3.0635882016994067,0.00020810962,21.311798,0.00078886194,0.23784447,0.29166934,13.311798,0.03651619
2021-10-18,22.917391304347827,12.166304347826086,0.367816091954023,1015.7103448275864,1.1289473684210527,0.32843885,2.390918831640466,4.010112329745272,0.00020810962,23.746063,9.3814866e-05,0.07504908,-0.13705258,15.746063,2.4707813
2021-10-19,24.9108695652174,12.14782608695652,0.0,1016.8379310344828,1.901315789473684,0.32843885,4.384397092510039,3.9916340688757055,0.00020810962,24.218658,4.6604623e-06,-0.9959202,0.054881454,16.218658,2.9433765
2021-10-20,23.85434782608696,11.311956521739129,0.034090909090909,1014.0793103448278,2.9571428571428573,0.32843885,3.3278753533796,3.155764503658314,0.00020810962,23.873749,1.9197664e-07,0.5801284,0.6288834,15.873749,2.5984669
2021-10-21,19.597826086956523,8.557608695652174,0.1176470588235294,1012.6206896551724,1.9363636363636365,0.32843885,-0.928646385750838,0.4014166775713601,0.00020810962,21.24582,0.0,0.548755,-0.95137864,13.245819,-0.029462814
2021-10-22,18.326086956521745,6.202173913043478,0.4597701149425287,1014.1758620689654,2.7506493506493506,0.32843885,-2.200385516185616,-1.954018105037336,0.00020810962,19.430145,0.0002277766,-2.3997746,-2.9498742,11.430145,-1.8451366
2021-10-23,18.96521739130436,3.935869565217392,0.0,1016.493103448276,1.2987179487179488,0.32843885,-1.561255081403008,-4.220322452863423,0.00020810962,19.223724,1.2396897e-05,-0.24714978,-0.37220263,11.223724,-2.0515575
2021-10-24,20.134065934065934,3.547252747252748,0.0,1016.7862068965516,1.4831168831168833,0.32843885,-0.3924065386414277,-4.608939270828066,0.00020810962,19.903534,3.5762785e-08,0.2032172,0.080251455,11.903534,-1.371748
2021-10-25,19.74111111111112,4.434444444444445,0.0,1015.241379310345,1.3289473684210529,0.32843885,-0.785361361596248,-3.721747573636369,0.00020810962,20.144135,1.9312267e-06,-0.23147202,-0.44555792,12.1441345,-1.1311474
2021-10-26,20.37111111111112,5.188888888888889,0.0,1016.4206896551724,1.6815789473684213,0.32843885,-0.1553613615962454,-2.967303129191925,0.00020810962,19.680634,7.47098e-07,-1.0246187,-1.2350717,11.680634,-1.5946484
2021-10-27,20.63516483516484,4.810989010989011,0.0114942528735632,1014.996551724138,1.4,0.32843885,0.1086923624574751,-3.345203007091804,0.00020810962,19.835571,5.3302693e-07,0.12200546,0.1074454,11.835571,-1.4397106
2021-10-28,19.748913043478264,5.004347826086956,5.435294117647059,1009.5758620689656,2.279746835443038,0.32843885,-0.7775594292290968,-3.151844191993858,0.00020810962,19.775848,3.551443e-08,0.62388545,0.8967832,11.775848,-1.4994335
2021-10-29,14.894565217391309,10.377173913043478,426.0229885057472,1002.348275862069,3.5025316455696203,0.32843885,-5.631907255316055,2.220981894962664,0.00020810962,15.230255,0.004072217,1.4669952,2.606968,7.230255,-6.045027
2021-10-30,17.351612903225806,12.331182795698927,122.125,1000.296551724138,3.4012658227848105,0.32843885,-3.174859569481555,4.174990777618113,0.00020810962,19.000885,0.018662436,2.2922661,2.6195934,11.000885,-2.274397
2021-10-31,18.708695652173915,12.438043478260877,260.2,1004.5,5.025641025641026,0.32843885,-1.817776820533446,4.281851460180061,0.00020810962,18.08902,0.008393089,2.8562143,2.3089478,10.08902,-3.1862621
2021-11-01,15.336263736263737,7.692391304347827,1.2823529411764707,1007.157142857143,3.9467532467532473,0.32843885,-5.190208736443626,-0.4638007137329873,0.00020810962,17.236847,0.0048719337,2.2543743,0.0059801736,9.236847,2.5065117
2021-11-02,12.105494505494509,5.865217391304348,59.43529411764706,1005.2071428571428,3.606493506493506,0.32843885,-8.420977967212854,-2.2909746267764657,0.00020810962,14.239838,0.00046415252,2.295536,1.9302686,6.2398376,-0.4904976
2021-11-03,10.72717391304348,3.6282608695652177,3.6547619047619047,1004.3321428571428,3.302597402597403,0.32843885,-9.79929855966388,-4.527931148515597,0.00020810962,12.120026,0.0022863795,2.3446922,-0.75922865,4.1200256,-2.6103096
2021-11-04,10.689130434782609,1.5728260869565216,1.146341463414634,1011.0357142857144,2.279220779220779,0.32843885,-9.837342037924753,-6.583365931124293,0.00020810962,11.289429,0.00019337588,0.48835817,-1.0791976,3.2894287,-3.4409065
2021-11-05,10.577777777777778,0.8933333333333334,4.036585365853658,1017.9392857142856,2.862337662337662,0.32843885,-9.948694694929584,-7.26285868474748,0.00020810962,11.616974,8.941318e-06,-0.12636311,-2.6910594,3.6169739,-3.1133614
2021-11-06,11.09,0.4835164835164835,0.3809523809523809,1021.7607142857144,2.692,0.32843885,-9.43647247270736,-7.67267553456433,0.00020810962,12.7586975,1.06543304e-07,-0.52009964,-2.6764927,4.7586975,-1.9716377
2021-11-07,12.343333333333334,0.2888888888888888,0.0,1019.7964285714288,2.286666666666667,0.32843885,-8.183139139374028,-7.867303129191925,0.00020810962,13.490997,1.0197467e-06,-0.09871737,-1.7879658,5.4909973,-1.2393379
2021-11-08,16.21086956521739,2.972826086956521,0.0,1015.3571428571428,2.8500000000000005,0.32843885,-4.315602907489971,-5.183365931124293,0.00020810962,16.699524,7.4824567e-07,0.19123602,-2.0351512,8.699524,1.9691887
2021-11-09,16.03978494623656,3.177419354838709,0.0,1012.8071428571428,2.028205128205129,0.32843885,-4.486687526470803,-4.978772663242104,0.00020810962,15.694336,6.7704576e-07,-0.88864964,-1.3531342,7.694336,0.9640007
2021-11-10,15.338043478260868,1.0445652173913045,0.0,1013.282142857143,1.307692307692308,0.32843885,-5.188428994446493,-7.11162680068951,0.00020810962,14.868439,7.3098386e-07,0.03514989,-0.4063727,6.8684387,0.13810349
2021-11-11,15.245652173913046,1.0032608695652174,0.0,1013.2571428571428,1.1734177215189872,0.32843885,-5.280820298794316,-7.152931148515597,0.00020810962,15.131073,9.637148e-07,-0.15412013,-0.4489672,7.131073,0.40073776
2021-11-12,16.136170212765958,2.193617021276596,0.0,1012.6464285714286,1.38875,0.32843885,-4.390302259941404,-5.962574996804218,0.00020810962,16.960632,5.383072e-07,-0.19528453,-0.98147184,8.960632,2.230297
2021-11-13,15.38586956521739,2.245652173913044,0.2705882352941176,1014.1464285714284,1.3506329113924054,0.32843885,-5.140602907489971,-5.91053984416777,0.00020810962,16.7872,9.639008e-07,-0.37024054,-1.3357639,8.787201,2.0568657
2021-11-14,14.91489361702128,1.982978723404256,0.3294117647058823,1013.6607142857144,1.640506329113924,0.32843885,-5.61157885568608,-6.173213294676558,0.00020810962,16.32434,3.387531e-07,-0.17949931,-1.4462267,8.324341,1.5940056
2021-11-15,13.002150537634408,2.3204301075268816,0.072289156626506,1014.9107142857144,2.578481012658228,0.32843885,-7.524321935072953,-5.8357619105539325,0.00020810962,14.001282,1.6229846e-07,-0.12312762,-2.4882233,6.0012817,-0.7290535
2021-11-16,12.292553191489366,0.924468085106383,0.0465116279069767,1014.425,1.9253164556962024,0.32843885,-8.233919281217995,-7.231723932974431,0.00020810962,13.479065,1.9406282e-06,-0.69911575,-1.6658287,5.479065,-1.2512703
2021-11-17,12.908602150537638,1.1731182795698922,0.0465116279069767,1016.9172413793104,2.5775,0.32843885,-7.617870322169724,-6.983073738510922,0.00020810962,13.787506,6.493802e-07,-1.5451145,-2.1508229,5.787506,-0.94282913
2021-11-18,13.373404255319151,0.4202127659574469,0.0,1019.507142857143,2.343037974683545,0.32843885,-7.153068217388208,-7.735979252123367,0.00020810962,13.101746,5.066394e-07,-1.5725193,-1.4381447,5.1017456,-1.6285896
2021-11-19,13.956382978723402,3.920212765957448,0.1149425287356321,1019.2551724137932,3.41875,0.32843885,-6.570089493983959,-4.235979252123366,0.00020810962,13.104584,3.792879e-05,-1.9893188,-0.6220098,5.1045837,-1.6257515
2021-11-20,12.345263157894738,6.185263157894737,5.894117647058824,1015.6413793103447,2.1450000000000005,0.32843885,-8.181209314812623,-1.9709288601860768,0.00020810962,10.374786,0.00079671614,-1.0656,-1.5973574,2.3747864,-4.355549
2021-11-21,13.451063829787236,5.020212765957448,12.183908045977011,1009.6241379310344,1.1543209876543208,0.32843885,-7.0754086429201255,-3.1359792521233665,0.00020810962,13.348846,0.00012473528,0.49052653,-0.104906715,5.3488464,-1.3814888
2021-11-22,8.42340425531915,1.8946808510638296,76.58620689655173,1004.8655172413792,2.52125,0.32843885,-12.103068217388213,-6.261511167016984,0.00020810962,8.2335205,0.004758798,-0.39434433,-0.6412714,0.23352051,-6.4968147
2021-11-23,5.114736842105263,0.6284210526315791,41.333333333333336,1006.3793103448276,1.7450000000000003,0.32843885,-15.4117356306021,-7.527770965449235,0.00020810962,6.9548645,0.0024069133,-0.45895514,0.24392383,-1.0451355,-7.7754707
2021-11-24,6.120212765957447,0.5563829787234043,31.379310344827587,1008.1517241379312,1.9275,0.32843885,-14.406259706749914,-7.59980903935741,0.00020810962,7.56015,0.00029378754,0.98534775,0.06331468,-0.43984985,-7.170185
2021-11-25,8.138297872340425,1.425531914893617,6.305882352941176,1004.760714285714,1.973417721518988,0.32843885,-12.388174600366936,-6.730660103187197,0.00020810962,7.98526,0.00047301702,0.87687415,-0.34429273,-0.01473999,-6.745075
2021-11-26,8.298924731182796,0.575,1.8953488372093024,1006.8551724137932,2.6987500000000004,0.32843885,-12.227547741524566,-7.581192018080814,0.00020810962,9.747345,3.2668748e-05,1.0412079,-1.0730349,1.747345,-4.9829903
2021-11-27,7.291304347826087,-0.342391304347826,10.129411764705882,1004.9862068965516,4.588461538461539,0.32843885,-13.235168124881271,-8.49858332242864,0.00020810962,7.520508,0.00036851212,2.3140275,-0.59076434,-0.4794922,-7.2098274
2021-11-28,7.451612903225806,-1.031182795698925,4.301204819277109,1011.1137931034484,4.5227848101265815,0.32843885,-13.074859569481555,-9.18737481377974,0.00020810962,8.483765,3.1804e-05,2.7175217,-0.6374368,0.48376465,-6.2465706
2021-11-29,11.792391304347827,2.597826086956522,1.783132530120482,1013.6607142857144,3.759493670886077,0.32843885,-8.734081168359534,-5.558365931124293,0.00020810962,11.890839,1.2883139e-05,2.3988836,-0.10455012,3.8908386,-2.8394966
2021-11-30,11.872043010752687,-0.2849462365591398,0.6046511627906976,1020.467857142857,1.162962962962963,0.32843885,-8.654429461954672,-8.441138254639954,0.00020810962,11.353607,8.072704e-07,0.07057258,-0.30646822,3.3536072,-3.376728
2021-12-01,9.702127659574469,-0.6404255319148936,24.544444444444444,1014.4142857142858,3.471604938271605,0.3575266,-10.824344813132893,-8.796617549995707,0.029295862,10.794769,0.00018561135,1.4918054,0.74097985,2.7947693,-0.3975172
2021-12-02,8.021505376344088,1.0483870967741935,0.8068181818181818,1011.2896551724136,3.5898734177215195,0.3575266,-12.504967096363274,-7.10780492130662,0.029295862,9.384491,0.0001273898,1.0035738,-1.6113323,1.384491,-1.8077955
2021-12-03,11.424468085106382,-0.547872340425532,1.5632183908045978,1017.8241379310346,2.2582278481012663,0.3575266,-9.10200438760098,-8.704064358506345,0.029295862,11.309784,5.3942845e-06,1.6100317,0.14146304,3.309784,0.117497444
2021-12-04,11.668817204301076,2.323404255319149,8.102272727272727,1017.1137931034484,3.445569620253165,0.3575266,-8.857655268406285,-5.832787762761665,0.029295862,9.907074,0.0001605607,1.6207281,1.1625541,1.907074,-1.2852125
2021-12-05,9.756521739130436,2.5358695652173915,3.823529411764706,1016.5206896551724,5.176923076923078,0.3575266,-10.769950733576923,-5.620322452863423,0.029295862,10.158813,3.2469183e-05,2.7252548,-0.48919758,2.1588135,-1.033473
2021-12-06,11.81413043478261,2.170967741935484,5.593023255813954,1019.3,2.928205128205128,0.3575266,-8.712342037924751,-5.98522427614533,0.029295862,11.925629,0.00044850912,1.6778202,0.5270779,3.9256287,0.7333422
2021-12-07,11.271739130434783,4.019565217391305,47.7906976744186,1012.1448275862068,4.398717948717949,0.3575266,-9.254733342272578,-4.136626800689509,0.029295862,9.683746,0.00027238345,1.6676146,2.3229885,1.6837463,-1.5085402
2021-12-08,7.775000000000002,2.835869565217391,9.452380952380953,1010.2758620689656,5.6746835443037975,0.3575266,-12.75147247270736,-5.320322452863423,0.029295862,9.330231,0.0033569112,3.9305408,-0.28373882,1.3302307,-1.8620558
2021-12-09,10.370329670329667,3.2087912087912094,12.744186046511627,1014.8357142857144,5.432051282051282,0.3575266,-10.156142802377692,-4.947400809289604,0.029295862,9.850433,0.00042581055,2.7272823,1.4175501,1.8504333,-1.3418531
2021-12-10,13.402150537634409,5.652688172043011,1.011764705882353,1013.8137931034483,5.545569620253164,0.3575266,-7.1243219350729525,-2.5035038460378027,0.029295862,12.576447,4.1184936e-05,2.7805116,1.2905859,4.5764465,1.38416
2021-12-11,14.718478260869563,4.147311827956989,0.160919540229885,1018.1586206896552,2.186075949367089,0.3575266,-5.807994211837798,-4.008880190123825,0.029295862,14.596863,2.3401024e-06,0.72629017,-0.45179442,6.596863,3.4045763
2021-12-12,14.320430107526883,2.3752688172043013,0.4606741573033708,1020.596551724138,1.24625,0.3575266,-6.206042365180478,-5.780923200876513,0.029295862,12.39978,1.7213324e-06,-0.6101125,-0.6947673,4.3997803,1.2074938
2021-12-13,12.050537634408602,1.521505376344086,0.4269662921348314,1019.4620689655172,1.50875,0.3575266,-8.475934838298759,-6.634686641736728,0.029295862,12.980316,3.3117828e-07,-0.8820413,-0.94698185,4.980316,1.7880297
2021-12-14,12.85217391304348,0.9630434782608696,0.4318181818181818,1020.4137931034484,1.5124999999999995,0.3575266,-7.674298559663882,-7.193148539819944,0.029295862,15.631805,8.5917344e-07,-0.94092304,-1.3340263,7.6318054,4.439519
2021-12-15,15.088297872340428,1.4414893617021276,0.1363636363636363,1019.4793103448276,1.6337500000000005,0.3575266,-5.438174600366933,-6.714702656378687,0.029295862,15.403656,1.6304354e-07,-0.93733025,-1.0722818,7.403656,4.2113695
2021-12-16,13.269565217391309,0.8673913043478262,0.2022471910112359,1020.5555555555554,2.451898734177216,0.3575266,-7.2569072553160545,-7.2888007137329875,0.029295862,12.970032,1.8378099e-08,-1.2927977,-0.9437242,4.9700317,1.7777452
2021-12-17,12.529347826086957,0.3673913043478261,0.0224719101123595,1020.625,2.23,0.3575266,-7.997124646620405,-7.7888007137329875,0.029295862,11.650299,5.6382265e-07,-1.2851206,-0.8517125,3.650299,0.45801258
2021-12-18,10.55483870967742,0.2741935483870968,0.3068181818181818,1022.037931034483,1.9888888888888887,0.3575266,-9.97163376302994,-7.881998469693717,0.029295862,9.360138,2.9871286e-05,-1.3175793,-0.7257258,1.3601379,-1.8321486
2021-12-19,11.50967741935484,2.00752688172043,0.0459770114942528,1019.1137931034484,2.44320987654321,0.3575266,-9.01679505335252,-6.148665136360384,0.029295862,10.36853,0.00033049533,-1.4174436,-0.41240692,2.3685303,-0.8237562
2021-12-20,10.828260869565218,2.0021505376344084,31.36046511627907,1016.2551724137932,1.7862500000000003,0.3575266,-9.698211603142145,-6.154041480446406,0.029295862,10.1111145,3.4913468e-05,-0.654267,-0.41007793,2.1111145,-1.081172
2021-12-21,13.40430107526882,6.241304347826088,48.80232558139535,1013.9103448275864,1.8784810126582283,0.3575266,-7.122171397438542,-1.9148876702547253,0.029295862,13.383484,0.00041426753,-0.40597343,-0.13733546,5.383484,2.1911974
2021-12-22,13.329347826086956,6.045652173913043,11.209302325581396,1012.9896551724138,2.31875,0.3575266,-7.197124646620406,-2.1105398441677714,0.029295862,12.310699,0.0009960718,-0.26837286,0.3855184,4.3106995,1.118413
2021-12-23,11.102150537634408,6.02258064516129,77.35632183908046,1011.8551724137932,2.5594936708860763,0.3575266,-9.424321935072951,-2.133611372919524,0.029295862,10.11264,0.0007539047,-0.70637494,0.89776665,2.1126404,-1.0796461
2021-12-24,11.325,6.072826086956522,41.127906976744185,1005.555172413793,2.26,0.3575266,-9.20147247270736,-2.083365931124292,0.029295862,11.179169,0.0006815666,0.7293784,1.539519,3.1791687,-0.01311779
2021-12-25,10.217391304347826,6.550000000000002,76.29069767441861,1001.5172413793103,1.9350000000000005,0.3575266,-10.309081168359535,-1.6061920180808125,0.029295862,9.444885,0.0033106788,0.16125436,1.3060621,1.4448853,-1.7474012
2021-12-26,11.645652173913044,7.384782608695653,129.54022988505747,1004.5785714285714,3.079746835443038,0.3575266,-8.880820298794317,-0.7714094093851607,0.029295862,11.630463,0.0054242723,1.3914782,1.4887458,3.6304626,0.43817616
2021-12-27,13.546739130434782,8.21521739130435,2.218390804597701,1016.5961538461538,5.051898734177216,0.3575266,-6.97973334227258,0.0590253732235357,0.029295862,13.929108,0.00065414654,3.35476,2.6273582,5.9291077,2.7368212
2021-12-28,13.717391304347826,6.610869565217393,0.1839080459770115,1024.5730769230772,3.38987341772152,0.3575266,-6.809081168359535,-1.545322452863421,0.029295862,12.790375,3.0112957e-05,2.1228876,2.0327744,4.7903748,1.5980883
2021-12-29,14.157608695652176,4.270652173913043,0.264367816091954,1020.0821428571433,1.39620253164557,0.3575266,-6.368863777055186,-3.885539844167771,0.029295862,12.423004,7.345061e-05,-0.084099054,0.35047007,4.423004,1.2307177
2021-12-30,16.860869565217392,2.95108695652174,0.5454545454545454,1018.5535714285712,1.518987341772152,0.3575266,-3.665602907489969,-5.205105061559074,0.029295862,14.271484,1.2632555e-05,-0.5457007,-0.5241984,6.2714844,3.079198
2021-12-31,17.519780219780223,2.91978021978022,0.1818181818181818,1021.1785714285712,1.4294871794871795,0.3575266,-3.006692252927138,-5.236411798300594,0.029295862,15.25882,1.0394808e-06,-0.5279551,-0.59053135,7.2588196,4.066533
2022-01-01,18.41086956521739,3.308695652173913,0.0444444444444444,1022.0821428571428,1.558974358974359,0.3575266,-2.115602907489972,-4.847496365906901,0.029295862,16.212433,5.0167233e-07,-0.4361782,-0.7917919,8.212433,6.029274
2022-01-02,16.46630434782609,4.360869565217392,0.0666666666666666,1022.9714285714288,1.20126582278481,0.3575266,-4.060168124881272,-3.795322452863422,0.029295862,14.385742,7.177392e-08,-0.47098288,-0.18891144,6.385742,4.2025833
2022-01-03,16.18913043478261,3.6880434782608695,0.0888888888888888,1018.0357142857144,1.717721518987342,0.3575266,-4.337342037924753,-4.4681485398199445,0.029295862,13.591644,8.879149e-07,-0.032972496,0.3422915,5.5916443,3.4084854
2022-01-04,12.224175824175829,2.3000000000000003,52.41111111111111,1009.6142857142858,4.302531645569621,0.3575266,-8.302296648531534,-5.856192018080813,0.029295862,13.391113,0.0008803895,2.1524417,1.5376981,5.3911133,3.2079544
2022-01-05,7.498913043478261,1.3967391304347827,46.31111111111111,1012.9103448275864,2.6645569620253164,0.3575266,-13.0275594292291,-6.759452887646031,0.029295862,8.444672,0.0012492264,1.5540384,0.1622626,0.44467163,-1.7384872
2022-01-06,6.78021978021978,-0.6857142857142856,3.511111111111111,1016.2379310344828,1.6860759493670885,0.3575266,-13.74625269248758,-8.8419063037951,0.029295862,8.627655,0.00015992222,0.14383125,-0.8214405,0.627655,-1.5555038
2022-01-07,8.560439560439564,-0.7000000000000001,0.7954545454545454,1022.6620689655174,2.048717948717949,0.3575266,-11.966032912267798,-8.856192018080813,0.029295862,9.932159,5.160148e-07,0.003352483,-1.4384664,1.9321594,-0.25099945
2022-01-08,8.765934065934065,-2.010989010989011,0.5777777777777777,1023.6241379310344,2.267088607594937,0.3575266,-11.760538406773296,-10.167181029069823,0.029295862,9.383209,2.1855032e-08,0.6853631,0.3925501,1.3832092,-0.79994965
2022-01-09,11.613186813186816,1.585714285714286,3.8,1018.2275862068966,4.72625,0.3575266,-8.913285659520547,-6.570477732366528,0.029295862,11.959137,1.4827898e-06,2.143809,0.8405754,3.959137,1.7759781
2022-01-10,13.845555555555556,4.346067415730337,0.9213483146067416,1025.0333333333335,2.5387500000000003,0.3575266,-6.680916917151805,-3.810124602350477,0.029295862,14.721222,6.761924e-05,0.7348228,-0.5316245,6.721222,4.538063
2022-01-11,13.306593406593407,2.1043956043956045,0.1318681318681318,1020.296551724138,2.059259259259259,0.3575266,-7.219879066113954,-6.05179641368521,0.029295862,13.70816,3.6440742e-06,-1.0174731,-1.9606314,5.7081604,3.5250015
2022-01-12,11.266304347826088,0.117391304347826,0.1428571428571428,1023.2310344827584,2.090123456790124,0.3575266,-9.260168124881272,-8.038800713732988,0.029295862,11.293243,5.376835e-08,-1.1283253,-1.5500149,3.2932434,1.1100845
2022-01-13,9.576923076923078,-1.7000000000000002,0.0,1026.5758620689658,2.375308641975309,0.3575266,-10.949549395784285,-9.856192018080815,0.029295862,8.283051,4.6850564e-06,-1.2953281,-0.94663113,0.28305054,-1.9001083
2022-01-14,8.815384615384616,-2.6560439560439564,0.0,1026.3724137931038,2.0,0.3575266,-11.711087857322743,-10.812235974124771,0.029295862,7.6731567,5.429278e-07,-1.055097,-0.96927,-0.32684326,-2.5100021
2022-01-15,9.047777777777778,-3.4655555555555555,0.0444444444444444,1023.489655172414,1.2851851851851852,0.3575266,-11.478694694929583,-11.62174757363637,0.029295862,7.6443176,8.952107e-08,-0.30122948,-0.36892447,-0.35568237,-2.5388412
2022-01-16,10.076923076923078,-3.05934065934066,0.0439560439560439,1025.2206896551727,1.1876543209876544,0.3575266,-10.449549395784285,-11.215532677421471,0.029295862,8.776825,0.0,-0.29945627,-0.314181,0.77682495,-1.4063339
2022-01-17,11.05714285714286,-2.5516483516483524,0.0454545454545454,1027.086206896552,1.255,0.3575266,-9.469329615564504,-10.707840369729166,0.029295862,9.82016,1.1628746e-06,-0.71496516,-0.710934,1.8201599,-0.36299896
2022-01-18,12.335164835164838,-2.695604395604396,0.0,1025.0413793103448,1.2062499999999998,0.3575266,-8.191307637542524,-10.85179641368521,0.029295862,10.520813,7.866052e-07,-0.57530475,-0.7993043,2.520813,0.3376541
2022-01-19,12.831868131868132,-2.7989010989010987,0.0,1024.9965517241378,1.37,0.3575266,-7.694604340839229,-10.955093116981914,0.029295862,10.502045,5.366105e-08,-0.4312242,-0.64690167,2.5020447,0.3188858
2022-01-20,11.81868131868132,-1.942857142857143,0.0909090909090909,1023.051724137931,2.1012500000000003,0.3575266,-8.707791154026042,-10.099049160937955,0.029295862,11.148224,1.10268594e-07,-1.0162348,-1.4747581,3.1482239,0.965065
2022-01-21,8.013043478260869,-2.289130434782609,0.2666666666666666,1021.693103448276,2.47875,0.3575266,-12.513428994446492,-10.445322452863422,0.029295862,8.428436,5.574298e-07,-1.0797793,-1.7880974,0.42843628,-1.7547226
2022-01-22,9.749999999999998,-3.311956521739131,0.0888888888888888,1023.1551724137933,1.7012500000000004,0.3575266,-10.776472472707365,-11.468148539819945,0.029295862,7.596466,6.8175336e-07,-1.2327734,-1.3321177,-0.40353394,-2.5866928
2022-01-23,10.042391304347827,-2.3097826086956523,0.0,1020.4758620689656,1.9675,0.3575266,-10.484081168359534,-10.465974626776466,0.029295862,7.674164,1.5333295e-06,-1.2690138,-1.039208,-0.32583618,-2.508995
2022-01-24,9.320430107526882,-1.218279569892473,0.0,1022.3379310344828,2.1341772151898737,0.3575266,-11.20604236518048,-9.374471587973288,0.029295862,8.100922,3.4589946e-06,-1.3750453,-1.0976143,0.10092163,-2.0822372
2022-01-25,10.084782608695653,-0.4641304347826088,0.0555555555555555,1025.093103448276,2.464197530864198,0.3575266,-10.441689864011709,-8.620322452863423,0.029295862,10.323456,0.000114271905,-1.3916367,-0.9924355,2.3234558,0.14029694
2022-01-26,10.681521739130435,-0.9956521739130436,0.0109890109890109,1023.4827586206897,2.441975308641976,0.3575266,-9.844950733576924,-9.151844191993858,0.029295862,10.574799,6.244332e-06,-1.5183382,-1.1694417,2.5747986,0.3916397
2022-01-27,13.367032967032968,-0.4824175824175825,0.0,1022.7928571428572,2.0246913580246915,0.3575266,-7.159439505674394,-8.638609600498397,0.029295862,12.4453125,8.428547e-07,-1.2939625,-1.3615389,4.4453125,2.2621536
2022-01-28,14.251648351648353,-1.7021978021978026,0.0,1025.4724137931034,2.27875,0.3575266,-6.274824121059009,-9.858389820278616,0.029295862,12.922974,2.1313109e-07,-1.3188457,-1.498766,4.9229736,2.7398148
2022-01-29,15.716666666666669,-2.218888888888889,0.0,1027.239285714286,2.0787500000000003,0.3575266,-4.809805806040695,-10.375080906969703,0.029295862,14.544281,3.204991e-07,-1.1997141,-1.5115372,6.544281,4.361122
2022-01-30,15.836666666666666,-1.2011111111111112,0.0,1023.4142857142858,1.4765432098765432,0.3575266,-4.689805806040695,-9.357303129191925,0.029295862,14.250122,1.8030403e-07,-0.50284576,-0.8950049,6.250122,4.066963
2022-01-31,14.61573033707865,-1.3224719101123596,0.0,1023.0964285714286,2.4025,0.3575266,-5.910742135628711,-9.478663928193171,0.029295862,14.296539,6.288288e-07,-0.33145985,-1.3770458,6.2965393,4.1133804
2022-02-01,13.732222222222225,0.6577777777777778,0.0,1024.007142857143,3.707407407407407,0.3575266,-6.794250250485138,-7.4984142403030365,0.029295862,15.020477,5.701556e-07,-0.923834,-2.6166227,7.0204773,0.972785
2022-02-02,19.1,0.3842696629213483,0.0,1020.5928571428572,1.4308641975308642,0.3575266,-1.4264724727073634,-7.771922355159465,0.029295862,18.437592,3.551443e-08,-0.047612507,-0.325285,10.437592,4.3898993
2022-02-03,16.012222222222224,1.2483146067415731,0.0,1016.982142857143,1.66125,0.3575266,-4.514250250485137,-6.907877411339241,0.029295862,16.045074,1.06543304e-07,0.14586699,0.25876427,8.045074,1.9973822
2022-02-04,12.31098901098901,2.4802197802197807,0.0,1016.557142857143,1.62,0.3575266,-8.215483461718351,-5.675972237861034,0.029295862,14.622162,6.6051434e-05,0.24874115,0.3071345,6.622162,0.57446957
2022-02-05,12.468478260869569,1.05,0.0,1019.867857142857,2.4209876543209874,0.3575266,-8.057994211837794,-7.106192018080814,0.029295862,12.668976,1.0921697e-05,-1.6426207,-2.1346798,4.668976,-1.3787165
2022-02-06,13.105494505494509,-1.8725274725274723,0.0,1023.5750000000002,1.6024691358024692,0.3575266,-7.420977967212854,-10.028719490608289,0.029295862,13.532745,1.2289921e-06,-0.6999423,-1.3272765,5.5327454,-0.51494694
2022-02-07,15.974444444444442,-1.11,0.0,1023.0884615384616,2.1271604938271604,0.3575266,-4.552028028262919,-9.266192018080812,0.029295862,16.374939,2.6689546e-07,-0.8707676,-1.7123941,8.374939,2.3272467
2022-02-08,16.481609195402296,-0.02183908045977,0.0,1022.104,2.1696202531645574,0.3575266,-4.0448632773050655,-8.178031098540584,0.029295862,16.255524,3.240382e-07,-1.2693259,-0.8041318,8.255524,2.2078314
2022-02-09,16.386666666666667,0.7922222222222222,0.0,1022.7111111111112,1.52,0.3575266,-4.139805806040695,-7.363969795858592,0.029295862,15.55838,1.4134989e-06,-0.5392348,-0.5635662,7.55838,1.5106878
2022-02-10,16.493333333333332,0.7411111111111112,0.0,1020.9444444444446,1.38125,0.3575266,-4.033139139374029,-7.415080906969703,0.029295862,16.941803,9.2985965e-07,0.20564397,-0.14631844,8.941803,2.8941107
2022-02-11,15.832222222222224,2.57,0.6853932584269663,1019.1333333333334,1.3362500000000002,0.3575266,-4.694250250485139,-5.586192018080814,0.029295862,15.520721,1.473104e-06,-0.5264041,-1.0179704,7.5207214,1.4730291
2022-02-12,14.846666666666668,2.447777777777778,0.7294117647058823,1016.3407407407408,1.72,0.3575266,-5.679805806040694,-5.708414240303036,0.029295862,14.39389,2.5819365e-06,0.05869484,-0.010798693,6.3938904,0.34619808
2022-02-13,12.298888888888891,3.043333333333334,21.738636363636363,1012.4185185185185,3.77625,0.3575266,-8.227583583818468,-5.11285868474748,0.029295862,12.998016,6.118021e-05,2.0769641,2.3713403,4.9980164,-1.049676
2022-02-14,10.131111111111112,1.7833333333333334,2.696629213483146,1014.462962962963,3.9499999999999993,0.3575266,-10.39536136159625,-6.372858684747481,0.029295862,11.672302,0.00055260013,2.5566165,-0.21304917,3.6723022,-2.37539
2022-02-15,11.283516483516486,-1.1725274725274726,1.4666666666666666,1021.5222222222224,2.527160493827161,0.3575266,-9.242955989190875,-9.328719490608286,0.029295862,12.729279,3.1536212e-05,1.353117,0.3691311,4.7292786,-1.3184137
2022-02-16,12.723076923076926,2.569230769230769,0.1494252873563218,1022.351851851852,3.2325000000000004,0.3575266,-7.8033955496304355,-5.586961248850045,0.029295862,16.282837,3.5638607e-08,1.4375439,-0.08697176,8.282837,2.2351446
2022-02-17,17.641758241758243,3.031868131868132,0.0555555555555555,1018.448148148148,1.4530864197530864,0.3575266,-2.8847142309491183,-5.124323886212682,0.029295862,18.04776,1.4087806e-06,-0.0032602947,0.03660329,10.04776,4.0000677
2022-02-18,16.29340659340659,2.495604395604396,0.1724137931034483,1012.8407407407408,1.951851851851852,0.3575266,-4.233065879300771,-5.660587622476418,0.029295862,18.708588,1.2138238e-06,0.29479408,0.2028995,10.708588,4.6608953
2022-02-19,11.636263736263738,1.213186813186813,1.1,1017.088888888889,3.208641975308641,0.3575266,-8.890208736443624,-6.943005204894001,0.029295862,13.385956,0.00074201036,-1.8214403,-2.50889,5.385956,-0.6617365
2022-02-20,14.327472527472532,-1.8967032967032968,0.0444444444444444,1023.222222222222,1.5814814814814817,0.3575266,-6.19899994523483,-10.052895314784111,0.029295862,14.617584,3.9574257e-05,-0.24920209,-0.7841644,6.617584,0.5698919
2022-02-21,16.482417582417582,0.6505494505494506,0.0,1022.6703703703704,2.15925925925926,0.3575266,-4.044054890289779,-7.505642567531363,0.029295862,17.420013,1.8129741e-08,-0.5439148,-1.5415503,9.420013,3.3723211
2022-02-22,18.46292134831461,0.9855555555555556,0.0,1022.1740740740742,2.0025,0.3575266,-2.0635511243927525,-7.170636462525258,0.029295862,19.845337,3.565891e-07,-0.9538727,-1.497179,11.845337,5.7976446
2022-02-23,18.13777777777777,1.336666666666667,0.0,1016.7592592592594,1.7425000000000002,0.3575266,-2.388694694929584,-6.819525351414147,0.029295862,18.304657,6.6300134e-07,-0.6958122,-1.1177368,10.304657,4.2569647
2022-02-24,16.201098901098902,2.408888888888889,2.647727272727273,1014.2407407407408,1.59625,0.3575266,-4.325373571608459,-5.747303129191925,0.029295862,16.893585,4.7118715e-07,-0.51321095,-0.5232975,8.893585,2.845893
2022-02-25,11.109890109890111,4.814285714285715,14.01123595505618,1016.762962962963,3.2777777777777777,0.3575266,-9.41658236281725,-3.341906303795099,0.029295862,10.394989,0.0010728854,-2.055837,-1.9170786,2.394989,-3.6527033
2022-02-26,10.135164835164836,4.238461538461539,28.75555555555556,1014.5925925925928,2.9172839506172843,0.3575266,-10.391307637542525,-3.917730479619274,0.029295862,10.466095,0.0026787156,-1.7964865,-0.3645884,2.466095,-3.5815973
2022-02-27,13.81648351648352,3.957142857142857,2.3793103448275863,1015.1115384615384,1.4703703703703703,0.3575266,-6.709988956223842,-4.199049160937957,0.029295862,13.113617,0.00044015344,-0.8208669,-0.50989324,5.113617,-0.93407536
2022-02-28,16.584615384615383,1.408791208791209,0.1910112359550561,1018.9481481481482,1.5592592592592591,0.3575266,-3.9418570880919774,-6.747400809289605,0.029295862,16.020294,1.2140343e-05,0.17299123,-0.18014777,8.020294,1.9726019
2022-03-01,16.71758241758242,2.156043956043956,2.555555555555556,1017.8629629629628,2.064197530864197,0.37207425,-3.808890055124941,-6.000148062036859,0.043843508,17.505829,1.2946874e-05,1.0473957,0.7037506,9.505829,2.2620573
2022-03-02,14.485555555555557,4.531111111111111,3.761363636363636,1015.2653846153848,3.1325000000000003,0.37207425,-6.0409169171518045,-3.625080906969704,0.043843508,16.498505,2.819962e-05,1.8577639,0.17135048,8.498505,1.2547331
2022-03-03,9.263333333333335,3.0822222222222218,162.48314606741573,1010.5769230769232,2.549367088607595,0.37207425,-11.263139139374026,-5.073969795858592,0.043843508,10.917023,0.0033904628,0.47782263,-0.5227913,2.9170227,-4.326749
2022-03-04,10.593333333333334,1.7711111111111115,3.764044943820225,1012.303846153846,3.1594936708860764,0.37207425,-9.933139139374028,-6.385080906969702,0.043843508,11.474396,0.0015607531,-0.5481777,-3.6537473,3.4743958,-3.7693758
2022-03-05,10.551111111111112,-0.2333333333333333,2.651685393258427,1010.853846153846,1.8455696202531648,0.37207425,-9.97536136159625,-8.389525351414147,0.043843508,11.467194,4.8002552e-05,-0.68813705,-1.2702512,3.4671936,-3.776578
2022-03-06,9.572222222222225,-0.3622222222222222,18.068181818181817,1008.119230769231,2.2,0.37207425,-10.954250250485137,-8.518414240303036,0.043843508,11.337433,9.682091e-06,-1.5628828,-1.4419457,3.3374329,-3.9063387
2022-03-07,10.36888888888889,2.2944444444444443,19.375,1006.1653846153848,2.263291139240506,0.37207425,-10.157583583818472,-5.86174757363637,0.043843508,10.847321,0.0047654384,-0.79861385,0.7530525,2.8473206,-4.396451
2022-03-08,11.38111111111111,3.2177777777777785,4.090909090909091,1009.2230769230767,2.908860759493671,0.37207425,-9.145361361596253,-4.938414240303036,0.043843508,12.269806,0.00089316134,1.391564,1.4485096,4.269806,-2.9739656
2022-03-09,12.296666666666663,2.1700000000000004,2.9204545454545454,1013.1115384615388,2.493589743589744,0.37207425,-8.229805806040696,-5.986192018080814,0.043843508,13.946136,4.798659e-05,0.14053917,1.1793565,5.9461365,-1.2976351
2022-03-10,14.353932584269666,4.086516853932586,36.36144578313253,1009.716,2.8961038961038965,0.37207425,-6.172539888437695,-4.0696751641482285,0.043843508,14.583527,0.0001247152,0.49977937,1.146705,6.5835266,-0.66024494
2022-03-11,11.46888888888889,4.421111111111111,53.83908045977012,1006.5961538461538,3.338461538461539,0.37207425,-9.057583583818472,-3.735080906969703,0.043843508,11.800568,0.003342039,1.3469715,2.24183,3.8005676,-3.443204
2022-03-12,11.112222222222224,1.358888888888889,118.32954545454544,1007.6653846153846,3.1256410256410256,0.37207425,-9.414250250485138,-6.797303129191925,0.043843508,13.008453,0.0009954557,1.7242042,1.4007775,5.0084534,-2.2353182
2022-03-13,12.69,3.02,17.839080459770116,1006.3846153846156,2.3051282051282054,0.37207425,-7.836472472707362,-5.136192018080815,0.043843508,13.232208,0.0056378674,0.81140137,1.0108255,5.2322083,-2.0115633
2022-03-14,10.216666666666669,4.144444444444445,125.06741573033707,1002.976923076923,4.337179487179487,0.37207425,-10.309805806040693,-4.011747573636369,0.043843508,12.266266,0.007070051,-2.703097,-1.1317368,4.266266,-2.9775057
2022-03-15,16.35824175824176,8.456043956043958,0.0681818181818181,1005.703846153846,4.467088607594937,0.37207425,-4.168230714465601,0.2998519379631439,0.043843508,18.714752,0.0009809934,-2.2804654,-1.3795913,10.714752,3.4709806
2022-03-16,13.697802197802195,8.684615384615386,1.5227272727272727,1009.1653846153848,2.2734177215189875,0.37207425,-6.828670274905164,0.5284233665345717,0.043843508,17.533905,0.00022918505,-1.4213098,-2.2774172,9.533905,2.2901335
2022-03-17,10.446153846153845,5.5076923076923086,4.724137931034483,1015.3692307692309,4.3455696202531655,0.37207425,-10.080318626553517,-2.648499710388505,0.043843508,13.747955,0.0010515997,-1.9932524,-3.8229063,5.7479553,-1.4958162
2022-03-18,13.416483516483517,3.695604395604395,0.9545454545454546,1017.4230769230768,2.3950000000000005,0.37207425,-7.109988956223846,-4.460587622476419,0.043843508,15.470612,8.739146e-05,-1.6130257,-1.4473883,7.4706116,0.22684002
2022-03-19,13.480000000000002,4.810000000000001,1.8522727272727275,1015.8961538461537,2.564556962025316,0.37207425,-7.046472472707359,-3.3461920180808127,0.043843508,13.383087,0.0003809169,-1.4828714,-0.27950594,5.383087,-1.8606844
2022-03-20,13.3989010989011,6.069230769230769,98.63218390804596,1012.896153846154,4.48,0.37207425,-7.127571373806262,-2.086961248850045,0.043843508,14.0624695,0.0006518466,-2.6244195,1.0929323,6.0624695,-1.1813021
2022-03-21,12.361111111111114,6.023333333333333,174.77011494252875,1011.146153846154,3.1772151898734178,0.37207425,-8.165361361596247,-2.1328586847474806,0.043843508,13.907288,0.010041725,-1.974629,1.4980832,5.9072876,-1.336484
2022-03-22,12.194444444444445,6.414444444444446,67.49425287356321,1012.746153846154,4.208860759493672,0.37207425,-8.332028028262917,-1.741747573636368,0.043843508,11.550934,0.011671718,-2.740508,2.5264652,3.5509338,-3.6928377
2022-03-23,10.801098901098904,5.612087912087913,22.431818181818183,1012.8192307692308,4.805,0.37207425,-9.725373571608458,-2.544104105992901,0.043843508,12.296387,0.0022635392,-2.386622,-0.5775412,4.2963867,-2.9473848
2022-03-24,11.151648351648353,5.83956043956044,44.325581395348834,1011.4846153846156,4.211250000000001,0.37207425,-9.374824121059008,-2.316631578520374,0.043843508,12.702667,0.003533867,-2.4786026,-1.9221458,4.702667,-2.5411043
2022-03-25,12.13888888888889,7.513333333333333,26.818181818181817,1009.9615384615385,3.576923076923077,0.37207425,-8.387583583818472,-0.6428586847474813,0.043843508,12.795898,0.0033132946,-1.9693565,-1.7639846,4.7958984,-2.447873
2022-03-26,13.106666666666667,6.316666666666666,1.7701149425287357,1011.2846153846152,2.6333333333333333,0.37207425,-7.419805806040694,-1.839525351414148,0.043843508,13.921539,0.0013765121,-1.6599439,-1.2502352,5.9215393,-1.3222322
2022-03-27,14.958888888888888,5.273333333333333,0.0227272727272727,1014.5115384615384,3.037974683544304,0.37207425,-5.5675835838184735,-2.8828586847474806,0.043843508,14.033051,0.00024249358,-1.4443798,-0.0066922903,6.0330505,-1.210721
2022-03-28,16.733333333333334,5.473333333333334,7.522727272727272,1010.9307692307692,2.707594936708861,0.37207425,-3.793139139374027,-2.6828586847474805,0.043843508,17.026398,7.228256e-05,-1.5009409,0.055113476,9.026398,1.7826262
2022-03-29,15.37912087912088,7.971428571428572,61.91111111111111,1002.2269230769232,1.8675,0.37207425,-5.147351593586482,-0.1847634466522416,0.043843508,14.962128,0.0019332703,-0.27724013,-0.5947535,6.9621277,-0.28164387
2022-03-30,12.475824175824176,5.440659340659341,30.9,998.2576923076924,3.10875,0.37207425,-8.050648296883185,-2.715532677421473,0.043843508,13.041779,0.0057480726,-0.32449022,-1.5373678,5.0417786,-2.201993
2022-03-31,12.22967032967033,3.0725274725274723,27.933333333333334,1000.8307692307692,3.211392405063292,0.37207425,-8.29680214303703,-5.083664545553342,0.043843508,12.371002,0.00060418126,1.7989458,-1.2240546,4.371002,-2.8727694
2022-04-01,9.227472527472528,0.4428571428571429,1.1348314606741574,1008.3307692307692,3.495,0.37207425,-11.298999945234836,-7.713334875223671,0.043843508,9.997223,4.8832197e-05,0.31744194,-2.796134,1.9972229,-9.010248
2022-04-02,9.226373626373627,-2.308791208791209,0.4222222222222222,1013.253846153846,2.94375,0.37207425,-11.300098846333734,-10.464983226872024,0.043843508,10.537567,1.294547e-06,-0.25307655,-2.3499336,2.5375671,-8.469904
2022-04-03,9.675824175824175,-2.9307692307692306,0.1149425287356321,1010.0692307692308,3.4575,0.37207425,-10.850648296883186,-11.086961248850043,0.043843508,9.84787,0.00019775513,-2.1007407,-2.0765297,1.8478699,-9.159601
2022-04-04,10.715555555555556,-2.5087912087912088,2.831460674157303,1008.3884615384616,3.973417721518988,0.37207425,-9.810916917151804,-10.664983226872025,0.043843508,11.4340515,1.8648714e-05,-2.7055638,-2.191141,3.4340515,-7.5734196
2022-04-05,10.086813186813188,0.6511111111111111,8.955056179775282,1007.0384615384615,2.758227848101265,0.37207425,-10.439659285894171,-7.505080906969703,0.043843508,9.227325,0.00041534207,-0.67042094,-0.54853946,1.2273254,-9.780146
2022-04-06,16.266666666666666,0.765934065934066,0.0561797752808988,1008.6961538461538,2.8645569620253166,0.37207425,-4.259805806040696,-7.390257952146748,0.043843508,16.837555,3.1203646e-05,1.4504038,0.97499067,8.837555,-2.1699162
2022-04-07,17.187777777777775,4.064444444444446,0.0,1012.4461538461536,4.148101265822786,0.37207425,-3.338694694929586,-4.091747573636368,0.043843508,18.819489,2.8183698e-07,2.250349,1.5187702,10.819489,-0.18798256
2022-04-08,14.517777777777775,4.382222222222223,14.090909090909092,1012.0,4.427848101265823,0.37207425,-6.008694694929584,-3.773969795858592,0.043843508,16.623627,1.8378099e-08,2.5872955,1.8719891,8.623627,-2.3838444
2022-04-09,16.910000000000004,7.50222222222222,7.758620689655173,1009.7115384615385,2.256962025316456,0.37207425,-3.6164724727073576,-0.6539697958585942,0.043843508,14.365448,0.00063896616,1.620491,1.2163305,6.365448,-4.642023
2022-04-10,21.29888888888889,6.256666666666667,0.0454545454545454,1004.2692307692308,4.144303797468355,0.37207425,0.7724164161815281,-1.8995253514141472,0.043843508,21.819733,0.00017728035,-1.3745295,1.5379921,13.819733,2.8122616
2022-04-11,19.19111111111112,7.273333333333335,98.42045454545456,997.8807692307691,4.953164556962025,0.37207425,-1.3353613615962487,-0.8828586847474789,0.043843508,19.789276,0.0005339054,-0.26896396,2.097409,11.789276,0.78180504
2022-04-12,14.126966292134831,5.507865168539325,38.23863636363637,1002.4038461538464,2.687179487179487,0.37207425,-6.399506180572528,-2.6483268495414887,0.043843508,15.5355835,0.0022592081,1.2859361,1.5959492,7.5355835,-3.4718876
2022-04-13,16.87727272727273,4.428409090909091,0.8452380952380952,1006.812,2.702597402597403,0.37207425,-3.649199745434633,-3.727782927171723,0.043843508,18.027222,0.00012589018,-0.28549674,-2.3479702,10.027222,-0.9802494
2022-04-14,19.7876404494382,5.7325842696629215,2.2758620689655173,1011.1307692307691,1.992307692307692,0.37207425,-0.7388320232691612,-2.4236077484178926,0.043843508,19.559235,1.4162312e-06,-0.52082926,-1.8847532,11.559235,0.55176353
2022-04-15,22.7438202247191,6.8393258426966295,0.7272727272727273,1013.8692307692309,1.716666666666667,0.37207425,2.21734775201174,-1.3168661753841846,0.043843508,22.039581,7.5039003e-07,-0.1556927,-0.6916136,14.039581,3.0321102
2022-04-16,24.11573033707865,7.950561797752809,0.0,1013.0307692307692,2.2256410256410257,0.37207425,3.589257864371288,-0.2056302203280049,0.043843508,24.633392,4.4374283e-07,0.10214114,-1.6695856,16.633392,5.6259212
2022-04-17,23.914606741573035,7.891011235955058,0.0,1009.7923076923072,1.864102564102564,0.37207425,3.3881342688656737,-0.2651807821257561,0.043843508,24.429901,5.327165e-07,-0.023899078,-0.71646595,16.429901,5.42243
2022-04-18,23.662222222222223,7.371910112359551,2.6931818181818183,1005.5307692307692,2.51025641025641,0.37207425,3.135749749514865,-0.7842819057212633,0.043843508,24.178467,3.862468e-05,0.09786733,-0.6947387,16.178467,5.1709957
2022-04-19,14.658888888888889,4.361111111111111,91.8409090909091,1003.5730769230768,3.8848101265822783,0.37207425,-5.867583583818472,-3.7950809069697033,0.043843508,16.851105,0.0018184506,-0.06684971,-1.9479532,8.851105,-2.1563663
2022-04-20,11.721111111111115,2.31,23.75,1002.8307692307694,5.002564102564103,0.37207425,-8.805361361596246,-5.846192018080814,0.043843508,11.588654,0.003407854,-0.023115793,-4.446041,3.5886536,-7.4188175
2022-04-21,15.118681318681318,1.476923076923077,38.40229885057471,1000.6,2.4287500000000004,0.37207425,-5.407791154026043,-6.679268941157737,0.043843508,16.366364,0.00020948796,1.553058,0.24729963,8.366364,-2.6411076
2022-04-22,9.158241758241758,4.303296703296703,221.2584269662921,993.0153846153844,3.615,0.37207425,-11.368230714465604,-3.852895314784111,0.043843508,9.93222,0.007685458,1.256918,3.1509283,1.9322205,-9.075251
2022-04-23,10.917582417582418,3.308791208791209,22.90909090909091,996.5923076923076,5.59873417721519,0.37207425,-9.608890055124943,-4.847400809289605,0.043843508,11.824707,0.0029392987,3.5341644,2.5492418,3.824707,-7.182764
2022-04-24,15.817582417582418,2.2351648351648348,1.3707865168539326,1005.45,2.27875,0.37207425,-4.708890055124943,-5.92102718291598,0.043843508,17.154205,0.00012583299,1.498717,1.2262764,9.154205,-1.8532658
2022-04-25,19.49120879120879,3.4450549450549453,0.0,1004.7,1.9275,0.37207425,-1.03526368149857,-4.711137073025869,0.043843508,18.996002,3.054116e-07,-0.3284073,-0.21291988,10.996002,-0.011468887
2022-04-26,19.965934065934064,6.765934065934067,36.70786516853933,1005.0692307692308,2.435,0.37207425,-0.560538406773297,-1.3902579521467473,0.043843508,20.373505,0.00030132176,-0.022800446,0.45011547,12.373505,1.3660336
2022-04-27,16.916666666666664,7.997777777777777,41.80459770114943,1008.7076923076924,1.9746835443037976,0.37207425,-3.609805806040697,-0.1584142403030366,0.043843508,17.601837,0.0015214179,0.27504984,0.14922805,9.601837,-1.4056339
2022-04-28,16.211111111111112,7.01685393258427,12.0,1014.0346153846156,2.578205128205128,0.37207425,-4.315361361596249,-1.1393380854965445,0.043843508,16.220184,0.0018952234,-1.2216924,-1.632254,8.220184,-2.7872868
2022-04-29,21.94888888888889,6.360000000000001,0.0568181818181818,1016.5269230769234,1.8797468354430376,0.37207425,1.4224164161815305,-1.7961920180808129,0.043843508,21.273102,0.00013562404,-0.718991,-1.0153285,13.273102,2.2656307
2022-04-30,22.903296703296707,9.2,1.848837209302325,1013.7653846153844,2.208641975308641,0.37207425,2.376824230589346,1.043807981919187,0.043843508,22.73587,9.997568e-05,0.37571633,0.005077561,14.73587,3.7283993
2022-05-01,23.089010989010987,9.441758241758246,0.9444444444444444,1009.2384615384616,2.6975308641975304,0.37207425,2.5625385163036256,1.2855662236774317,0.043843508,23.505646,2.1651014e-05,1.1366609,0.14826286,15.505646,-0.67513084
2022-05-02,16.468131868131866,7.837362637362639,44.54444444444445,1004.996153846154,2.5703703703703704,0.37207425,-4.058340604575495,-0.3188293807181752,0.043843508,19.401978,0.0018569651,0.15712738,-0.6840852,11.401978,-4.778799
2022-05-03,15.97692307692308,8.383516483516484,15.102272727272728,1006.1884615384614,3.887654320987656,0.37207425,-4.5495493957842825,0.2273244654356698,0.043843508,15.438812,0.0021022507,-2.682443,-2.6560175,7.4388123,-8.741964
2022-05-04,19.58791208791209,7.084615384615385,2.522222222222222,1010.2153846153848,2.820987654320988,0.37207425,-0.9385603847952702,-1.0715766334654289,0.043843508,19.83255,0.00013899319,-1.9433817,-2.2723553,11.83255,-4.3482265
2022-05-05,21.38777777777777,6.372527472527474,0.0449438202247191,1013.9692307692308,2.2725,0.37207425,0.8613053050704167,-1.7836645455533402,0.043843508,21.759155,2.86631e-06,-0.4099973,-1.5652819,13.759155,-2.4216213
2022-05-06,22.36629213483146,6.323595505617979,0.0,1014.6653846153846,2.5525,0.37207425,1.8398196621241,-1.832596512462836,0.043843508,22.912842,3.526608e-08,-0.7966957,-1.8720158,14.912842,-1.2679348
2022-05-07,23.24157303370787,6.246067415730336,0.0,1013.269230769231,2.2632911392405064,0.37207425,2.715100561000508,-1.9101246023504777,0.043843508,23.775421,0.0,-1.0012926,-1.4256496,15.775421,-0.40535545
2022-05-08,25.3,7.907865168539326,0.0,1011.3615384615384,1.908860759493671,0.37207425,4.773527527292636,-0.2483268495414883,0.043843508,25.612885,1.033644e-06,-0.4966596,-1.5265747,17.612885,1.4321079
2022-05-09,27.074157303370782,9.2561797752809,0.0,1012.0269230769233,1.8329113924050635,0.37207425,6.5476848306634245,1.0999877572000862,0.043843508,27.03189,6.4074993e-07,-0.39934477,-0.7221425,19.03189,2.8511143
2022-05-10,28.621348314606745,10.810112359550562,0.0,1011.5615384615386,2.056410256410256,0.37207425,8.094875841899384,2.653920341469748,0.043843508,28.041107,3.2459698e-07,-0.1503048,0.07735547,20.041107,3.8603306
2022-05-11,28.37,12.628888888888891,0.6067415730337079,1008.8230769230768,2.2225,0.37207425,7.843527527292636,4.472696870808077,0.043843508,29.130646,1.0553746e-06,-0.5071519,0.40078977,21.130646,4.949869
2022-05-12,26.331460674157302,13.335955056179774,1.5454545454545454,1009.616,2.25,0.37207425,5.804988201449941,5.17976303809896,0.043843508,26.769684,7.152557e-08,-0.6022968,0.54330045,18.769684,2.5889072
2022-05-13,28.40549450549452,11.290109890109894,2.2222222222222223,1011.4851851851852,1.9111111111111112,0.37207425,7.879022032787152,3.1339178720290803,0.043843508,29.000488,4.9751253e-07,0.40912881,-0.20406532,21.000488,4.8197117
2022-05-14,26.750549450549453,13.986813186813189,14.314606741573034,1007.6814814814816,2.893827160493827,0.37207425,6.224076977842092,5.830621168732375,0.043843508,28.449188,0.0003039663,-0.28779092,0.39773178,20.449188,4.2684116
2022-05-15,22.5989010989011,11.91978021978022,0.1111111111111111,1008.2111111111112,4.034567901234567,0.37207425,2.072428626193737,3.763588201699406,0.043843508,24.156952,2.4937088e-05,1.8752956,1.7987223,16.156952,-0.023824692
2022-05-16,24.8956043956044,9.515384615384615,0.0,1011.8925925925926,2.855555555555555,0.37207425,4.36913192289704,1.359192597303803,0.043843508,25.862213,3.6011127e-07,1.7187767,1.2338666,17.862213,1.6814365
2022-05-17,26.859340659340663,10.25934065934066,0.0,1012.2851851851854,2.3962962962962964,0.37207425,6.332868186633302,2.103148641259846,0.043843508,28.224274,1.8129741e-08,1.5520153,0.89042854,20.224274,4.043497
2022-05-18,29.55217391304348,12.169565217391304,0.0,1009.2749999999996,2.328395061728395,0.37207425,9.025701440336118,4.0133731993104895,0.043843508,31.50003,4.3027106e-07,0.53833514,-0.042824786,23.50003,7.319254
2022-05-19,31.029670329670328,13.522826086956524,0.0,1009.114285714286,2.745,0.37207425,10.503197856962966,5.36663406887571,0.043843508,34.123413,5.5616227e-05,-1.1070467,1.1463145,26.123413,9.9426365
2022-05-20,31.796703296703296,16.365934065934066,0.0,1011.1071428571428,2.88625,0.37207425,11.270230823995934,8.209742047853252,0.043843508,34.68979,7.752329e-05,-1.8836174,0.3358748,26.689789,10.509012
2022-05-21,32.035164835164835,17.35824175824176,3.839080459770115,1008.0071428571428,2.43875,0.37207425,11.508692362457474,9.202049740160946,0.043843508,35.08676,3.0009573e-05,-0.9569213,-0.20951585,27.086761,10.905985
2022-05-22,24.03333333333333,13.99222222222222,0.9195402298850576,1005.5785714285714,4.036708860759493,0.37207425,3.5068608606259737,5.836030204141407,0.043843508,27.450104,4.506113e-06,1.977293,2.189483,19.450104,3.2693272
2022-05-23,24.60674157303371,11.698876404494383,0.0,1004.1142857142856,3.653164556962025,0.37207425,4.080269100326348,3.542684386413569,0.043843508,27.43106,9.282182e-07,2.1792247,0.9846805,19.43106,3.2502842
2022-05-24,18.982222222222223,8.144444444444444,0.1704545454545454,1007.2321428571428,3.738750000000001,0.37207425,-1.5442502504851383,-0.0117475736363701,0.043843508,21.873383,5.1733354e-05,0.50686646,-2.3637218,13.873383,-2.307394
2022-05-25,21.07362637362637,5.623076923076924,0.0,1014.2214285714286,3.348148148148148,0.37207425,0.5471539009190138,-2.5331150950038896,0.043843508,22.796204,7.5709727e-06,-0.7256368,-2.7944584,14.796204,-1.384573
2022-05-26,26.364444444444448,7.206666666666667,0.0,1015.4333333333334,3.212345679012345,0.37207425,5.837971971737087,-0.9495253514141472,0.043843508,27.33963,3.597389e-07,-1.9002495,-1.738886,19.33963,3.1588535
2022-05-27,30.25164835164836,10.263736263736265,0.0,1011.6357142857142,2.553086419753086,0.37207425,9.725175878940991,2.1075442456554505,0.043843508,30.504028,1.8378099e-08,-1.4124445,-1.327573,22.504028,6.3232517
2022-05-28,31.182417582417585,12.245054945054948,0.1379310344827586,1005.407142857143,2.1875,0.37207425,10.655945109710224,4.088862926974134,0.043843508,31.766144,1.1644016e-05,0.09396553,-0.32856622,23.766144,7.585367
2022-05-29,28.912222222222223,12.316666666666666,2.1724137931034484,999.3285714285714,2.8200000000000003,0.37207425,8.385749749514861,4.160474648585852,0.043843508,30.668488,1.623198e-06,1.7442074,0.94017434,22.668488,6.487711
2022-05-30,21.89,11.661111111111111,0.0224719101123595,1002.6857142857144,3.4187500000000006,0.37207425,1.3635275272926393,3.5049190930302974,0.043843508,23.843414,1.4326436e-07,2.6853821,2.2575989,15.843414,-0.3373623
2022-05-31,28.06477272727273,10.3375,0.034090909090909,1004.6407407407409,2.841025641025641,0.37207425,7.538300254565367,2.1813079819191863,0.043843508,29.198578,5.372588e-08,0.78887683,1.0985632,21.198578,5.0178013
2022-06-01,25.82359550561798,12.565168539325844,9.829545454545457,1006.075,3.683544303797469,0.25502306,5.297123032910619,4.40897652124503,-0.07320768,27.412048,0.0,2.129113,1.788133,19.412048,-1.9597912
2022-06-02,25.528888888888893,12.228888888888887,0.5842696629213483,1005.5285714285716,2.93625,0.25502306,5.002416416181532,4.072696870808073,-0.07320768,27.214935,2.8411552e-07,1.8752193,1.2734696,19.214935,-2.1569042
2022-06-03,25.25333333333333,11.953333333333331,0.1011235955056179,1005.6178571428572,3.0062500000000005,0.25502306,4.7268608606259725,3.797141315252519,-0.07320768,26.099335,7.0495676e-06,1.7355734,1.1878945,18.099335,-3.2725048
2022-06-04,24.531111111111112,10.741111111111111,2.1511627906976742,1008.7357142857144,3.107500000000001,0.25502306,4.004638638403751,2.584919093030299,-0.07320768,26.168854,1.0729681e-06,2.15965,1.3864564,18.168854,-3.2029858
2022-06-05,27.40000000000001,10.39777777777778,0.0,1012.0285714285716,2.395,0.25502306,6.873527527292644,2.241585759696965,-0.07320768,28.403412,4.623311e-07,1.4571915,0.95823795,20.403412,-0.96842766
2022-06-06,28.60879120879121,11.561538461538465,0.0,1011.3285714285716,2.6812499999999995,0.25502306,8.082318736083849,3.405346443457649,-0.07320768,30.514587,1.442929e-07,1.8514048,0.8116741,22.514587,1.1427479
2022-06-07,30.371111111111112,13.023333333333335,0.0,1009.262962962963,2.729113924050633,0.25502306,9.844638638403753,4.867141315252521,-0.07320768,31.711334,7.9233205e-06,1.5271416,0.411824,23.711334,2.3394947
2022-06-08,26.45222222222223,15.264444444444443,0.0,1009.4296296296296,4.077499999999999,0.25502306,5.925749749514868,7.108252426363629,-0.07320768,29.043732,5.494804e-07,1.5593199,-1.6785823,21.043732,-0.32810783
2022-06-09,31.627472527472527,13.826373626373629,0.0,1010.8214285714288,2.6212500000000003,0.25502306,11.101000054765166,5.670181608292813,-0.07320768,32.917694,5.4090174e-07,-0.80674106,-1.808689,24.917694,3.5458546
2022-06-10,34.84175824175824,15.66153846153846,0.1136363636363636,1009.7607142857142,2.0025000000000004,0.25502306,14.31528576905088,7.505346443457645,-0.07320768,34.51425,4.995817e-07,-0.97906494,-0.9702861,26.514252,5.142412
2022-06-11,35.16923076923077,18.043956043956047,6.273809523809524,1008.5333333333334,2.5350000000000006,0.25502306,14.64275829652341,9.887764025875232,-0.07320768,36.350708,8.951124e-07,-0.99773914,0.28049216,28.350708,6.9788685
2022-06-12,34.94456521739131,19.16521739130435,0.0689655172413793,1008.885714285714,2.8493827160493828,0.25502306,14.418092744683946,11.009025373223537,-0.07320768,37.168243,1.9876843e-07,-0.82174176,0.6548049,29.168243,7.796404
2022-06-13,36.636263736263736,18.093406593406595,0.0459770114942528,1006.5629629629632,2.5112500000000004,0.25502306,16.109791263556374,9.93721457532578,-0.07320768,37.484467,1.0691583e-07,-0.14162636,0.2635018,29.484467,8.112627
2022-06-14,36.67111111111111,20.20555555555556,0.1162790697674418,1005.0296296296297,2.815,0.25502306,16.144638638403748,12.049363537474742,-0.07320768,38.36313,0.00017652998,0.76811916,0.4144746,30.363129,8.991289
2022-06-15,37.33483146067416,19.06629213483146,9.686046511627907,1006.3259259259258,2.493670886075949,0.25502306,16.8083589879668,10.910100116750646,-0.07320768,38.753754,8.498554e-05,-1.0327669,-0.4403471,30.753754,9.381914
2022-06-16,36.32954545454546,20.26590909090909,12.494117647058824,1007.744,2.708974358974359,0.25502306,15.8030729818381,12.109717072828277,-0.07320768,36.245453,7.758054e-05,-0.7691021,-0.8045115,28.245453,6.8736134
2022-06-17,37.20444444444445,19.2875,0.3636363636363636,1008.2769230769233,3.14025974025974,0.25502306,16.677971971737087,11.131307981919184,-0.07320768,39.12744,7.072066e-05,-1.4435838,-0.28573057,31.127441,9.755602
2022-06-18,34.3752808988764,18.58977272727273,1.4074074074074074,1002.8185185185184,3.877631578947369,0.25502306,13.848808426169036,10.433580709191917,-0.07320768,36.92154,0.00032697062,-0.016431173,1.5934614,28.92154,7.5497
2022-06-19,24.64204545454546,13.88522727272727,3.590909090909091,1002.825925925926,3.756410256410256,0.25502306,4.115572981838099,5.7290352546464565,-0.07320768,26.749603,3.3053435e-05,2.9728203,2.359604,18.749603,-2.6222363
2022-06-20,24.223863636363635,12.39318181818182,0.2045454545454545,1003.7962962962964,3.576923076923077,0.25502306,3.697391163656274,4.236989800101005,-0.07320768,26.25534,2.7465946e-06,2.4089592,1.8906988,18.25534,-3.116499
2022-06-21,24.96022727272728,8.965909090909092,0.9772727272727272,1003.0259259259258,3.0282051282051285,0.25502306,4.433754800019916,0.8097170728282777,-0.07320768,28.293121,1.8191834e-07,1.9897442,1.5870856,20.293121,-1.0787182
2022-06-22,21.702247191011235,11.026966292134832,22.488636363636363,1004.1192307692309,3.1000000000000005,0.25502306,1.1757747183038738,2.8707742740540176,-0.07320768,21.79898,6.3329924e-07,2.6898448,2.1533203,13.798981,-7.572859
2022-06-23,21.62777777777778,11.996666666666668,18.227272727272727,1007.1148148148148,3.5137500000000004,0.25502306,1.101305305070419,3.840474648585854,-0.07320768,23.485077,9.5465475e-05,2.6013496,1.876037,15.485077,-5.8867626
2022-06-24,24.515730337078647,9.946067415730338,0.1704545454545454,1007.8296296296296,3.243750000000001,0.25502306,3.989257864371286,1.7898753976495243,-0.07320768,26.104431,1.1938242e-05,1.9551607,1.7084999,18.104431,-3.2674084
2022-06-25,24.39222222222223,11.184444444444448,0.1494252873563218,1004.7666666666668,3.2075000000000005,0.25502306,3.865749749514869,3.028252426363633,-0.07320768,27.121368,5.917514e-07,2.2839959,1.7198807,19.121368,-2.250471
2022-06-26,24.7,9.455555555555556,0.0,1004.162962962963,2.80875,0.25502306,4.173527527292638,1.2993635374747416,-0.07320768,26.759613,3.427266e-07,2.0436478,1.327442,18.759613,-2.6122265
2022-06-27,26.12111111111112,10.03,0.9090909090909092,1008.6851851851852,2.7212500000000004,0.25502306,5.5946386384037545,1.873807981919187,-0.07320768,26.92514,4.4955315e-05,0.24315389,-1.9603685,18.92514,-2.4466991
2022-06-28,30.021348314606744,10.439325842696627,0.0,1009.4740740740742,2.2518987341772148,0.25502306,9.494875841899384,2.283133824615815,-0.07320768,30.422882,6.8713e-06,0.12411734,-0.32754448,22.422882,1.0510426
2022-06-29,29.255056179775284,12.475280898876404,0.0,1005.1814814814816,3.3987341772151893,0.25502306,8.728583707067923,4.31908888079559,-0.07320768,31.509125,4.1444454e-07,2.2254143,1.2605759,23.509125,2.1372852
2022-06-30,26.76966292134832,11.325842696629213,0.0,1006.3703703703704,2.931645569620253,0.25502306,6.243190448640959,3.1696506785483987,-0.07320768,29.378845,3.5638607e-08,1.502091,-0.74735576,21.378845,0.0070056915
2022-07-01,31.667032967032974,11.310000000000002,0.0,1007.0653846153848,2.14375,0.25502306,11.140560494325612,3.153807981919188,-0.07320768,32.25058,8.073398e-07,-1.20077,-0.9052081,24.25058,-2.0186005
2022-07-02,34.325274725274724,16.439560439560438,0.8089887640449438,1007.0037037037036,2.3000000000000003,0.25502306,13.798802252567365,8.283368421479624,-0.07320768,34.668274,0.00022624155,-1.3292402,0.4426309,26.668274,0.39909363
2022-07-03,32.15274725274725,18.05604395604396,0.1573033707865168,1007.4333333333334,3.468292682926829,0.25502306,11.626274780039886,9.899851937963144,-0.07320768,33.352448,4.702336e-05,0.8532607,1.1106161,25.352448,-0.9167328
2022-07-04,32.55274725274725,15.554945054945058,0.0674157303370786,1007.8,2.1716049382716047,0.25502306,12.026274780039891,7.398753036864244,-0.07320768,32.94455,3.0423206e-07,1.1323713,0.9166128,24.94455,-1.3246307
2022-07-05,34.03626373626374,15.51758241758242,5.325842696629214,1007.2444444444444,3.1512195121951216,0.25502306,13.50979126355638,7.361390399501605,-0.07320768,35.12607,1.2013533e-06,0.30743408,0.41783905,27.126068,0.8568878
2022-07-06,30.01538461538461,15.825274725274726,11.034090909090908,1011.4615384615386,3.4256097560975616,0.25502306,9.488912142677254,7.669082707193912,-0.07320768,32.452393,1.020833e-06,-0.58904284,-1.1759349,24.452393,-1.8167877
2022-07-07,31.21318681318681,14.2967032967033,0.0,1014.424,3.154878048780488,0.25502306,10.686714340479451,6.140511278622485,-0.07320768,31.79129,3.1944396e-07,-1.9555527,-2.1793172,23.79129,-2.47789
2022-07-08,33.92747252747253,14.412087912087914,0.0,1013.044,2.257317073170732,0.25502306,13.40100005476517,6.2558958940071,-0.07320768,34.04489,2.8746874e-07,-1.1326185,-0.9040149,26.044891,-0.22428894
2022-07-09,36.04835164835165,16.245054945054946,0.0,1010.544,2.131707317073171,0.25502306,15.521879175644289,8.088862926974132,-0.07320768,36.220367,1.268315e-06,-0.80367404,-0.46203664,28.220367,1.9511871
2022-07-10,36.85164835164836,17.751648351648353,0.0,1007.0,2.025609756097561,0.25502306,16.325175878940996,9.595456333567538,-0.07320768,37.413696,5.179101e-07,-0.65534085,-0.43488744,29.413696,3.144516
2022-07-11,36.98314606741573,18.997752808988768,0.7471264367816092,1005.1666666666669,2.180246913580248,0.25502306,16.45667359470837,10.841560790907954,-0.07320768,37.06125,0.00014099143,-1.5946192,-0.37566674,29.061249,2.7920685
2022-07-12,37.84,20.03666666666667,2.3181818181818183,1008.076923076923,2.1308641975308644,0.25502306,17.313527527292635,11.880474648585857,-0.07320768,37.318542,3.3403685e-05,-0.64444876,-0.28536734,29.318542,3.0493622
2022-07-13,38.83736263736264,20.43555555555556,0.0,1009.6115384615384,2.091358024691358,0.25502306,18.31089016465528,12.27936353747474,-0.07320768,39.34561,7.3127234e-07,-0.09347471,-0.09522557,31.345612,5.0764313
2022-07-14,40.002197802197806,21.23516483516484,0.0898876404494382,1007.3884615384616,2.3829268292682926,0.25502306,19.475725329490444,13.078972817084024,-0.07320768,39.99527,1.7882833e-07,-1.7715359,-1.5053376,31.99527,5.7260895
2022-07-15,38.98901098901099,21.50879120879121,1.5056179775280898,1005.5148148148148,2.965432098765432,0.25502306,18.46253851630363,13.352599190710398,-0.07320768,38.996155,3.060329e-07,-1.8570385,0.06576538,30.996155,4.7269745
2022-07-16,38.761538461538464,21.0912087912088,0.2584269662921348,1006.0962962962964,2.455555555555556,0.25502306,18.235065988831103,12.93501677312798,-0.07320768,39.016693,6.061669e-07,-1.2013488,0.2799414,31.016693,4.747513
2022-07-17,38.60659340659341,21.197802197802204,0.0,1007.1481481481484,3.1197530864197534,0.25502306,18.08012093388605,13.04161017972139,-0.07320768,38.7341,9.678303e-07,-1.2145448,0.98205453,30.7341,4.46492
2022-07-18,36.57142857142857,20.85604395604396,0.0,1005.9148148148148,3.895,0.25502306,16.044956098721208,12.699851937963144,-0.07320768,38.45526,1.0701517e-06,-0.32916227,1.5388174,30.455261,4.186081
2022-07-19,31.5967032967033,16.67912087912088,0.0,1008.225925925926,3.46875,0.25502306,11.07023082399594,8.522928861040066,-0.07320768,33.656097,5.2131344e-07,2.1798794,1.9242605,25.656097,-0.6130829
2022-07-20,35.1010989010989,15.350549450549453,0.0,1009.2629629629632,1.7646341463414632,0.25502306,14.57462642839154,7.194357432468637,-0.07320768,35.558685,7.1535226e-08,-0.3523871,-1.113314,27.558685,1.289505
2022-07-21,36.963736263736266,18.2065934065934,0.0449438202247191,1007.5555555555557,2.7731707317073173,0.25502306,16.437263791028904,10.050401388512588,-0.07320768,37.22281,5.3555414e-07,-0.5181758,-0.02203711,29.222809,2.9536285
2022-07-22,35.746153846153845,18.61758241758242,0.0,1006.9851851851852,3.0074074074074075,0.25502306,15.219681373446484,10.461390399501605,-0.07320768,37.052643,5.721206e-07,1.0735847,0.91261464,29.052643,2.7834625
2022-07-23,36.61333333333333,16.285555555555558,0.0,1007.7481481481482,2.59875,0.25502306,16.08686086062597,8.129363537474743,-0.07320768,37.646606,3.5953217e-08,1.005537,0.6559023,29.646606,3.3774261
2022-07-24,37.31648351648352,17.626373626373628,0.0,1007.7111111111112,3.55925925925926,0.25502306,16.790011043776154,9.470181608292814,-0.07320768,38.88916,4.0930323e-07,2.0822937,1.4666176,30.88916,4.61998
2022-07-25,34.57252747252748,18.1934065934066,0.0,1008.4185185185185,2.971604938271605,0.25502306,14.046054999820116,10.037214575325782,-0.07320768,36.72885,2.8646232e-07,1.9873295,0.2684354,28.728851,2.459671
2022-07-26,33.18555555555556,16.89777777777778,0.0449438202247191,1007.0629629629628,2.635365853658536,0.25502306,12.659083082848198,8.741585759696965,-0.07320768,35.14438,1.7805336e-07,-0.1473217,-1.3088964,27.144379,0.87519836
2022-07-27,33.29111111111111,16.02111111111111,0.0,1004.1,2.7280487804878044,0.25502306,12.764638638403746,7.864919093030297,-0.07320768,34.36377,4.447996e-07,0.054692585,-0.37153944,26.36377,0.09458923
2022-07-28,33.265555555555565,16.734444444444442,0.0,1003.1846153846152,2.823170731707317,0.25502306,12.739083082848204,8.578252426363628,-0.07320768,35.08011,7.6914824e-07,1.6889738,0.8985264,27.080109,0.81092834
2022-07-29,34.227777777777774,16.74888888888889,0.0,1005.8814814814816,2.373170731707317,0.25502306,13.701305305070411,8.592696870808075,-0.07320768,35.757477,1.2665984e-06,0.9891408,0.50858396,27.757477,1.4882965
2022-07-30,35.91648351648352,18.10989010989012,8.094117647058823,1007.1555555555556,2.94390243902439,0.25502306,15.390011043776155,9.9536980918093,-0.07320768,36.599518,2.5891124e-05,-1.0711021,-0.82237643,28.599518,2.3303375
2022-07-31,36.06593406593407,18.8956043956044,0.8068181818181818,1007.5777777777776,2.22716049382716,0.25502306,15.539461593226711,10.739412377523584,-0.07320768,35.460785,5.7156117e-06,-0.8638611,-0.3746376,27.460785,1.1916046
2022-08-01,37.63516483516485,19.72,0.0,1006.2555555555556,1.964197530864198,0.25502306,17.108692362457482,11.563807981919188,-0.07320768,37.137787,1.1119888e-06,-0.98266983,-0.45235574,29.137787,3.5610123
2022-08-02,37.36888888888889,21.230000000000004,18.83132530120482,1004.5666666666668,2.39625,0.25502306,16.84241641618153,13.07380798191919,-0.07320768,36.98172,0.00028977593,-1.020965,0.27295718,28.98172,3.4049454
2022-08-03,36.429213483146064,20.30333333333333,1.5232558139534884,1002.9407407407408,2.53,0.25502306,15.902741010438705,12.147141315252524,-0.07320768,36.689056,6.323469e-05,-0.20759328,0.19203949,28.689056,3.1122818
2022-08-04,35.55,18.397777777777776,1.181818181818182,1003.4666666666666,2.720987654320988,0.25502306,15.023527527292636,10.241585759696962,-0.07320768,36.28244,7.492022e-07,-0.30740038,0.24127452,28.28244,2.7056656
2022-08-05,35.17333333333333,18.21777777777778,0.0,1005.425925925926,2.4197530864197536,0.25502306,14.64686086062597,10.061585759696966,-0.07320768,35.872833,8.2146397e-07,-0.3805059,-0.006491264,27.872833,2.2960587
2022-08-06,35.20777777777778,17.663333333333338,0.6590909090909091,1006.2370370370372,2.2839506172839505,0.25502306,14.681305305070415,9.507141315252523,-0.07320768,35.378113,4.099061e-07,-0.8550685,-0.34619534,27.378113,1.8013382
2022-08-07,34.85274725274725,18.45054945054945,0.0,1004.9296296296296,2.439024390243902,0.25502306,14.326274780039888,10.294357432468637,-0.07320768,35.073395,4.777518e-07,-0.49037233,0.07658255,27.073395,1.4966202
2022-08-08,35.16043956043956,17.945054945054945,0.0,1005.5962962962964,2.169512195121951,0.25502306,14.633967087732202,9.788862926974131,-0.07320768,35.60846,3.4898097e-08,-0.35539564,0.04896609,27.60846,2.0316849
2022-08-09,36.1788888888889,18.432222222222222,10.32183908045977,1006.1592592592592,2.4839506172839503,0.25502306,15.652416416181538,10.276030204141412,-0.07320768,36.721924,1.1256516e-06,-0.88922244,0.11190482,28.721924,3.1451492
2022-08-10,35.34719101123596,20.907865168539328,4.793103448275862,1004.9185185185188,2.540506329113924,0.25502306,14.820718538528595,12.751673150458512,-0.07320768,36.04416,7.834388e-05,-1.6202856,0.78585744,28.044159,2.4673843
2022-08-11,34.67840909090909,19.732954545454547,0.0235294117647058,1004.623076923077,2.782278481012659,0.25502306,14.15193661820173,11.576762527373733,-0.07320768,33.91263,0.0005626373,-0.44303703,0.37447536,25.912628,0.33585358
2022-08-12,35.29222222222222,18.16741573033708,0.2758620689655172,1005.0851851851852,2.685714285714286,0.25502306,14.76574974951486,10.011223712256266,-0.07320768,36.308258,3.293273e-05,0.6622448,0.6211543,28.308258,2.7314835
2022-08-13,29.86067415730337,18.34494382022472,3.1149425287356323,1005.1148148148152,4.417948717948718,0.25502306,9.334201684596014,10.188751802143909,-0.07320768,30.62503,0.00087421294,-0.32522902,1.8796086,22.62503,-2.951744
2022-08-14,29.933707865168543,13.503370786516854,0.034090909090909,1003.3814814814816,3.184615384615385,0.25502306,9.407235392461182,5.34717876843604,-0.07320768,31.546295,8.5797634e-05,1.8130627,1.430034,23.546295,-2.0304794
2022-08-15,29.890000000000004,13.50112359550562,0.0,1001.4333333333334,3.0215189873417723,0.25502306,9.363527527292645,5.344931577424806,-0.07320768,31.029083,3.2089883e-07,1.7231293,0.9675166,23.029083,-2.5476913
2022-08-16,26.531111111111112,14.304444444444446,0.0,1002.3148148148148,3.96794871794872,0.25502306,6.004638638403751,6.148252426363632,-0.07320768,29.272247,1.1290573e-06,2.4184387,1.1902874,21.272247,-4.3045273
2022-08-17,26.42111111111112,12.291111111111112,2.9195402298850577,1005.9444444444446,3.027848101265823,0.25502306,5.894638638403752,4.134919093030298,-0.07320768,26.482697,0.00021941675,0.38372293,-2.0362346,18.482697,-7.094078
2022-08-18,27.152222222222225,11.648888888888887,0.0,1010.3481481481482,2.412499999999999,0.25502306,6.625749749514863,3.492696870808075,-0.07320768,27.755219,3.2090396e-05,-0.8240153,-2.0423753,19.755219,-5.821556
2022-08-19,30.994444444444444,12.590000000000002,0.0,1011.3074074074074,1.855696202531646,0.25502306,10.467971971737082,4.433807981919188,-0.07320768,30.72992,7.549599e-07,-0.78551865,-0.49389115,22.72992,-2.8468552
2022-08-20,34.111111111111114,14.701111111111116,0.0,1009.4370370370372,2.29493670886076,0.25502306,13.584638638403751,6.544919093030302,-0.07320768,33.770782,9.775648e-07,-0.071247734,0.046140272,25.770782,0.19400787
2022-08-21,34.30444444444445,16.82777777777778,0.0,1007.3888888888888,2.61625,0.25502306,13.777971971737088,8.671585759696965,-0.07320768,35.746735,1.0757885e-07,0.8623066,-0.62052053,27.746735,2.16996
2022-08-22,33.876666666666665,17.326666666666668,0.0,1005.8925925925926,2.4650000000000003,0.25502306,13.350194193959304,9.170474648585854,-0.07320768,33.974945,1.792354e-08,-1.8092918,-1.5650873,25.974945,0.39817047
2022-08-23,35.7,18.23333333333333,0.0470588235294117,1003.9185185185188,2.203846153846154,0.25502306,15.173527527292642,10.07714131525252,-0.07320768,35.672974,3.1962986e-07,-0.6450755,-0.7731042,27.672974,2.096199
2022-08-24,34.661797752808994,19.12333333333333,1.0348837209302326,1003.8555555555556,2.730379746835443,0.25502306,14.135325280101632,10.96714131525252,-0.07320768,35.755463,4.531915e-05,0.41921487,0.15867622,27.755463,2.178688
2022-08-25,32.93146067415731,17.501123595505618,1.5632183908045978,1005.7000000000002,2.365384615384615,0.25502306,12.404988201449946,9.344931577424804,-0.07320768,33.795807,0.0001600967,-1.0798422,-0.82232195,25.795807,0.21903229
2022-08-26,31.97752808988764,17.4561797752809,13.613636363636363,1005.0407407407408,2.618987341772152,0.25502306,11.45105561718028,9.299987757200087,-0.07320768,31.315216,0.001317579,-1.2124399,-1.4270738,23.315216,-2.2615585
2022-08-27,32.08571428571428,15.815384615384616,1.744186046511628,1002.888888888889,2.00125,0.25502306,11.55924181300692,7.659192597303802,-0.07320768,31.171051,0.00028060438,-0.95126086,-0.35704973,23.171051,-2.4057236
2022-08-28,32.96777777777778,17.64333333333333,13.905882352941177,1002.8,2.8025316455696205,0.25502306,12.441305305070422,9.487141315252517,-0.07320768,32.933655,7.7309465e-05,-1.6447443,0.55861694,24.933655,-0.6431198
2022-08-29,30.98202247191012,18.26292134831461,12.06896551724138,1005.4185185185188,3.26025641025641,0.25502306,10.455549999202752,10.106729330233795,-0.07320768,28.280884,0.0017503699,0.31399664,0.70108694,20.280884,-5.295891
2022-08-30,32.38202247191011,15.96629213483146,0.0,1007.962962962963,2.8037974683544302,0.25502306,11.85554999920275,7.810100116750647,-0.07320768,32.357452,0.00012143652,1.4745064,1.1958667,24.357452,-1.2193222
2022-08-31,29.73777777777778,14.708988764044944,0.0,1008.577777777778,2.565822784810127,0.25502306,9.211305305070418,6.5527967459641285,-0.07320768,30.780945,1.1025826e-07,1.9413338,1.6998377,22.780945,-2.7958298
2022-09-01,30.08,13.222222222222223,0.0,1006.4925925925928,2.585,0.28100792,9.553527527292635,5.066030204141411,-0.047222823,31.138763,4.83791e-07,1.3638471,0.9065399,23.138763,5.3374577
2022-09-02,27.45494505494506,13.181318681318684,0.0,1005.0576923076924,2.716049382716049,0.28100792,6.928472582237699,5.02512666323787,-0.047222823,29.765717,3.939101e-07,2.0575466,1.4746475,21.765717,3.9644108
2022-09-03,26.85604395604396,12.38021978021978,0.0,1005.648148148148,2.728395061728396,0.28100792,6.329571483336597,4.224027762138965,-0.047222823,28.033356,2.712721e-07,1.8696327,1.7185421,20.033356,2.23205
2022-09-04,27.200000000000003,10.357142857142858,0.0,1009.188888888889,2.8395061728395063,0.28100792,6.6735275272926415,2.200950839062044,-0.047222823,28.599884,1.600876e-07,1.7354997,1.1805323,20.599884,2.7985783
2022-09-05,27.089010989010987,10.764835164835166,0.0,1011.4444444444446,3.093827160493827,0.28100792,6.562538516303626,2.608643146754352,-0.047222823,28.205353,2.1441535e-07,1.9531907,1.4579738,20.205353,2.404047
2022-09-06,26.629670329670333,12.26923076923077,0.0,1010.7148148148152,3.2296296296296294,0.28100792,6.103197856962972,4.113038751149956,-0.047222823,28.40738,5.713034e-07,2.1023586,1.6508383,20.40738,2.6060734
2022-09-07,25.0247191011236,10.838202247191012,1.3563218390804597,1009.2888888888888,2.965432098765432,0.28100792,4.498246628416233,2.682010229110197,-0.047222823,27.51883,3.2151886e-05,1.9385395,0.94430923,19.51883,1.7175236
2022-09-08,25.744444444444444,14.738888888888887,9.329545454545457,1008.7884615384615,2.6975,0.28100792,5.217971971737082,6.582696870808073,-0.047222823,26.590057,0.0013362799,1.1250597,0.6634678,18.590057,0.7887516
2022-09-09,29.527472527472533,15.16043956043956,0.0,1010.0444444444444,1.8950617283950617,0.28100792,9.001000054765171,7.004247542358746,-0.047222823,30.266571,8.3024e-05,0.86825687,0.3890626,22.266571,4.4652653
2022-09-10,32.53846153846154,14.924175824175824,0.0,1008.2423076923076,2.1876543209876544,0.28100792,12.01198906575418,6.767983806095009,-0.047222823,32.62509,5.905826e-07,0.5441907,0.22056139,24.625092,6.823786
2022-09-11,33.67912087912088,16.15934065934066,1.0113636363636365,1004.7629629629628,2.612345679012346,0.28100792,13.15264840641352,8.003148641259846,-0.047222823,34.55063,2.503616e-05,-0.25879988,0.8019867,26.550629,8.749323
2022-09-12,27.21098901098901,18.93406593406593,73.23863636363636,1001.4407407407408,3.716250000000001,0.28100792,6.6845165382816525,10.77787391598512,-0.047222823,32.272858,0.0006232813,-0.31457964,1.962169,24.272858,6.471552
2022-09-13,22.9,14.993406593406595,135.13953488372093,1000.7592592592594,4.0987341772151895,0.28100792,2.373527527292641,6.837214575325781,-0.047222823,23.834137,0.00911253,1.5232157,3.071551,15.834137,-1.9671688
2022-09-14,21.43186813186813,13.757142857142858,81.53488372093024,1004.0222222222224,2.97875,0.28100792,0.9053956591607708,5.600950839062044,-0.047222823,22.983398,0.0009887213,1.6177845,1.7155825,14.983398,-2.8179073
2022-09-15,23.300000000000004,14.572527472527472,27.97647058823529,1006.8074074074076,1.3913580246913582,0.28100792,2.773527527292643,6.416335454446658,-0.047222823,22.782074,0.0014872329,0.6984361,0.8074576,14.782074,-3.0192318
2022-09-16,26.42717391304349,12.884782608695652,0.0804597701149425,1006.6703703703704,1.5634146341463413,0.28100792,5.900701440336125,4.728590590614839,-0.047222823,25.276886,0.000112403686,-0.15527089,-0.8170565,17.276886,-0.5244198
2022-09-17,27.08913043478261,12.52608695652174,0.0227272727272727,1005.8296296296296,1.8451219512195127,0.28100792,6.562657962075249,4.369894938440925,-0.047222823,27.018982,3.5910573e-06,-1.3309447,-1.4448732,19.018982,1.2176762
2022-09-18,28.6304347826087,13.98913043478261,41.97674418604651,1006.0629629629632,2.180487804878049,0.28100792,8.103962309901338,5.832938416701795,-0.047222823,26.998627,7.4701e-05,-1.5534325,-0.3072033,18.998627,1.1973209
2022-09-19,26.820879120879123,15.212087912087911,41.07058823529412,1008.1444444444444,1.9468354430379755,0.28100792,6.294406648171762,7.055895894007097,-0.047222823,27.796112,2.2615057e-05,-0.515852,-0.6541285,19.796112,1.9948063
2022-09-20,28.31413043478261,13.747826086956524,1.568181818181818,1009.5925925925924,1.4775,0.28100792,7.787657962075247,5.59163406887571,-0.047222823,27.446625,0.00010514954,-0.280543,-0.53691554,19.446625,1.645319
2022-09-21,27.65274725274725,13.069230769230767,16.96511627906977,1008.0884615384616,2.009876543209877,0.28100792,7.126274780039893,4.913038751149955,-0.047222823,26.825134,0.00011991585,-0.29825655,0.20921624,18.825134,1.0238285
2022-09-22,27.58131868131868,12.721978021978025,0.0,1008.32,1.8370370370370368,0.28100792,7.05484620861132,4.565786003897209,-0.047222823,27.473755,0.000300299,0.6657899,0.11370591,19.473755,1.6724491
2022-09-23,26.76956521739131,12.397802197802196,0.0,1007.476923076923,2.490123456790124,0.28100792,6.243092744683949,4.241610179721382,-0.047222823,26.632294,7.74227e-05,0.95462674,0.8685804,18.632294,0.83098793
2022-09-24,23.0858695652174,10.594565217391306,0.0,1006.4962962962964,2.674390243902439,0.28100792,2.559397092510036,2.438373199310492,-0.047222823,23.808868,1.0696994e-05,0.5978858,-1.6327215,15.808868,-1.9924374
2022-09-25,19.644565217391307,7.639130434782608,4.555555555555555,1006.711111111111,3.070731707317073,0.28100792,-0.8819072553160545,-0.5170615832982062,-0.047222823,20.797516,3.981821e-06,-2.0616322,-2.6991851,12.797516,-5.00379
2022-09-26,21.00869565217392,7.2619565217391315,0.4666666666666667,1008.6259259259258,2.247560975609756,0.28100792,0.4822231794665548,-0.8942354963416825,-0.047222823,21.940155,0.00018556644,-0.4390087,-1.9558622,13.940155,-3.8611507
2022-09-27,22.518478260869564,6.858695652173913,0.0,1010.2259259259258,2.3962962962962964,0.28100792,1.9920057881622029,-1.297496365906901,-0.047222823,23.672455,8.725991e-06,0.90766907,-1.034619,15.672455,-2.128851
2022-09-28,21.838043478260875,8.76304347826087,0.2022471910112359,1007.5296296296298,3.4271604938271607,0.28100792,1.311571005553514,0.6068514601800565,-0.047222823,23.48764,3.588696e-08,1.6559778,-1.0396587,15.48764,-2.3136654
2022-09-29,15.673626373626371,8.386956521739132,45.77272727272727,1003.2370370370372,3.1212500000000003,0.28100792,-4.852846099080988,0.2307645036583174,-0.047222823,16.428741,0.0011698842,2.0396843,-0.534352,8.428741,-9.372564
2022-09-30,18.891111111111112,5.665555555555556,0.2209302325581395,1009.6615384615384,1.8087500000000003,0.28100792,-1.6353613615962497,-2.4906364625252584,-0.047222823,20.491425,0.00011670726,0.28972816,-1.7193733,12.491425,-5.309881
2022-10-01,24.22777777777777,6.6822222222222205,0.0,1016.5923076923076,1.345,0.28100792,3.701305305070417,-1.4739697958585936,-0.047222823,23.349548,6.134962e-07,-0.08990797,0.018682599,15.349548,2.0742664
2022-10-02,27.70888888888889,9.344444444444443,0.0,1016.4423076923076,1.8925,0.28100792,7.182416416181528,1.188252426363631,-0.047222823,27.13269,5.3644175e-08,-1.0432676,-0.95235676,19.13269,5.8574085
2022-10-03,28.198888888888884,11.455555555555556,0.0,1013.6074074074075,1.3592592592592592,0.28100792,7.672416416181523,3.2993635374747416,-0.047222823,29.27539,2.9617984e-05,0.011000316,-0.1536293,21.27539,8.000109
2022-10-04,28.76593406593407,12.01978021978022,0.0,1013.2518518518516,1.4074074074074077,0.28100792,8.239461593226707,3.8635882016994056,-0.047222823,29.485046,7.191967e-06,0.25529227,-0.39050102,21.485046,8.2097645
2022-10-05,27.86483516483517,11.835164835164836,0.0,1014.6592592592592,1.5358024691358023,0.28100792,7.338362692127813,3.6789728170840217,-0.047222823,27.948212,2.848605e-07,-0.4630057,-0.23288636,19.948212,6.67293
2022-10-06,25.90666666666667,12.147777777777778,0.8181818181818182,1016.5925925925926,2.1259259259259258,0.28100792,5.3801941939593085,3.991585759696964,-0.047222823,25.515228,3.146349e-06,-1.5300694,0.070455946,17.515228,4.2399464
2022-10-07,25.031111111111112,11.444444444444445,1.6136363636363635,1013.05,1.4700000000000002,0.28100792,4.504638638403751,3.2882524263636306,-0.047222823,24.119751,6.740512e-05,-0.2469012,-0.5339934,16.119751,2.844469
2022-10-08,25.24555555555556,11.137777777777778,6.674418604651163,1010.1269230769232,1.81125,0.28100792,4.719083082848197,2.981585759696964,-0.047222823,25.613434,1.241453e-05,-1.3375143,-0.96430707,17.613434,4.338152
2022-10-09,24.794444444444444,11.314444444444446,17.96551724137931,1008.1692307692308,1.9125000000000003,0.28100792,4.267971971737083,3.158252426363632,-0.047222823,23.956451,2.205676e-05,-0.45971906,-0.55198354,15.956451,2.6811695
2022-10-10,20.903370786516856,13.035955056179777,25.523255813953487,1009.4384615384616,1.5848101265822785,0.28100792,0.3768983138094945,4.879763038098961,-0.047222823,22.139557,0.0007044319,0.1287326,0.25556898,14.139557,0.864275
2022-10-11,22.1370786516854,11.735955056179778,21.55294117647059,1011.0800000000002,1.45375,0.28100792,1.6106061789780313,3.579763038098964,-0.047222823,21.098572,0.0016737276,-0.6379172,-0.8454922,13.098572,-0.17671013
2022-10-12,23.174444444444443,9.83777777777778,0.3409090909090909,1013.996153846154,1.4425,0.28100792,2.647971971737082,1.681585759696965,-0.047222823,22.88919,0.00030064935,-0.45095888,-0.8116493,14.889191,1.6139088
2022-10-13,24.09425287356322,9.651724137931032,0.0119047619047619,1015.6958333333332,1.6975000000000002,0.28100792,3.56778040085586,1.4955321198502194,-0.047222823,24.028503,2.9088787e-06,0.14623134,-0.011638681,16.028503,2.7532215
2022-10-14,26.28260869565217,10.306521739130435,0.2333333333333333,1014.2074074074072,1.4902439024390246,0.28100792,5.756136222944807,2.150329721049621,-0.047222823,25.50003,1.7769635e-07,0.011449814,0.37070957,17.50003,4.2247486
2022-10-15,25.92934782608696,10.308695652173911,0.1555555555555555,1008.5259259259262,2.252439024390244,0.28100792,5.402875353379596,2.152503634093099,-0.047222823,25.93515,3.5807428e-08,0.4672947,0.52265376,17.93515,4.6598682
2022-10-16,23.4945054945055,10.771428571428572,25.07777777777778,1009.1384615384618,2.853658536585366,0.28100792,2.9680330217981385,2.615236553347758,-0.047222823,25.86438,0.0003112699,0.047648113,1.6018757,17.86438,4.589098
2022-10-17,23.859782608695657,12.957608695652173,1.4382022471910112,1012.3423076923076,2.5487804878048785,0.28100792,3.333310135988296,4.801416677571359,-0.047222823,23.97348,0.00058951584,-0.4361229,-0.00600942,15.97348,2.6981983
2022-10-18,25.61304347826087,12.661956521739128,0.0229885057471264,1013.1923076923076,3.0753086419753086,0.28100792,5.086571005553509,4.505764503658314,-0.047222823,27.827393,2.4553492e-05,-0.542064,0.24209659,19.827393,6.5521107
2022-10-19,21.330337078651688,13.037078651685391,118.6046511627907,1009.123076923077,4.712658227848102,0.28100792,0.8038646059443266,4.880886633604579,-0.047222823,22.261078,0.0001711429,0.20983489,2.8551958,14.261078,0.985796
2022-10-20,17.295555555555556,11.886666666666668,149.71264367816093,1005.9038461538464,4.455128205128205,0.28100792,-3.2309169171518057,3.7304746485858526,-0.047222823,20.473999,0.0011728288,1.3746992,3.0810664,12.473999,-0.8012829
2022-10-21,15.994444444444444,12.05111111111111,118.36781609195404,1007.9037037037036,3.0632911392405062,0.28100792,-4.532028028262918,3.894919093030296,-0.047222823,19.055756,0.001761837,2.0596123,2.7501543,11.055756,-2.2195263
2022-10-22,19.076666666666668,11.306666666666668,135.91764705882352,1006.0814814814815,4.178481012658227,0.28100792,-1.449805806040693,3.150474648585853,-0.047222823,22.150238,0.0025517235,0.6830699,2.6631296,14.150238,0.87495613
2022-10-23,17.376404494382022,11.424719101123596,11.33720930232558,1007.025925925926,4.627848101265824,0.28100792,-3.150067978325339,3.268527083042782,-0.047222823,17.66983,0.0036610318,1.6854547,3.0861845,9.66983,-3.6054516
2022-10-24,17.060000000000002,9.531111111111112,1.8313253012048192,1011.662962962963,1.667088607594937,0.28100792,-3.466472472707359,1.3749190930302984,-0.047222823,18.727203,0.00024914127,0.72726184,0.95400906,10.727203,-2.5480785
2022-10-25,21.49,11.616666666666667,2.25,1008.5846153846154,3.785000000000001,0.28100792,0.9635275272926408,3.460474648585853,-0.047222823,23.143158,1.773661e-06,0.63177615,0.8414335,15.143158,1.867876
2022-10-26,21.94,11.966666666666669,1.2317073170731707,1011.7222222222224,2.73625,0.28100792,1.4135275272926364,3.8104746485858527,-0.047222823,23.291504,1.1423942e-07,-0.06553205,0.75762606,15.291504,2.016222
2022-10-27,23.604444444444447,14.934444444444448,0.1627906976744186,1012.5923076923076,3.451851851851852,0.28100792,3.0779719717370853,6.778252426363633,-0.047222823,26.111755,1.4821252e-05,-0.5700734,0.5209864,18.111755,4.8364735
2022-10-28,22.81978021978022,13.157142857142858,0.0919540229885057,1014.974074074074,2.727160493827161,0.28100792,2.293307747072859,5.000950839062044,-0.047222823,25.985718,3.924257e-06,-0.9878432,0.14701803,17.985718,4.710436
2022-10-29,22.63296703296703,12.192307692307695,32.31395348837209,1012.0444444444444,2.659259259259259,0.28100792,2.1064945602596694,4.036115674226881,-0.047222823,24.142456,6.935941e-07,-1.0575207,0.07814157,16.142456,2.8671741
2022-10-30,18.064835164835166,9.70769230769231,29.2183908045977,1012.2423076923078,1.4419753086419755,0.28100792,-2.461637307872195,1.5515002896114964,-0.047222823,18.265076,0.00016826177,-0.09775797,0.1808672,10.265076,-3.0102062
2022-10-31,15.778888888888888,9.948888888888892,53.06976744186046,1012.0807692307692,2.9275,0.28100792,-4.747583583818473,1.7926968708080775,-0.047222823,17.828796,0.0010636391,0.22185199,0.59992486,9.828796,-3.4464855
2022-11-01,18.23111111111111,9.046666666666669,0.6781609195402298,1016.2730769230768,1.4812500000000002,0.28100792,-2.2953613615962496,0.8904746485858546,-0.047222823,18.058685,0.0002714114,0.70876247,0.77178574,10.058685,3.32835
2022-11-02,19.26516853932584,7.308988764044944,4.987951807228916,1015.3730769230768,1.465,0.28100792,-1.2613039333815197,-0.84720325403587,-0.047222823,19.609772,1.0478373e-05,0.03639968,-0.02914981,11.609772,4.8794365
2022-11-03,15.152747252747254,9.273626373626373,39.06896551724138,1012.5851851851852,3.3775000000000004,0.28100792,-5.373725219960107,1.1174343555455586,-0.047222823,15.809204,0.0015472547,2.0654783,2.002786,7.809204,1.0788689
2022-11-04,14.487777777777776,3.934444444444445,0.2588235294117647,1015.819230769231,1.9506329113924048,0.28100792,-6.038694694929585,-4.221747573636369,-0.047222823,16.064148,0.00013451364,0.97722554,-0.91470355,8.064148,1.3338127
2022-11-05,17.791011235955054,2.0719101123595505,0.0697674418604651,1015.6740740740742,1.0615384615384618,0.28100792,-2.7354612367523075,-6.084281905721264,-0.047222823,17.21103,6.2687667e-07,-0.14713521,0.112766944,9.211029,2.4806938
2022-11-06,17.542696629213484,3.098876404494382,0.1176470588235294,1013.4653846153848,1.8025641025641024,0.28100792,-2.983775843493877,-5.057315613586432,-0.047222823,18.954987,4.818301e-07,0.2241575,0.5299874,10.954987,4.2246513
2022-11-07,17.234831460674155,4.975280898876405,24.211764705882352,1011.9730769230772,1.8923076923076927,0.28100792,-3.2916410120332067,-3.180911119204409,-0.047222823,18.210205,2.3493935e-07,0.28664765,0.5176119,10.210205,3.4798698
2022-11-08,15.33707865168539,8.992134831460675,86.28571428571429,1009.3370370370372,3.279746835443038,0.28100792,-5.189393821021971,0.8359428133798605,-0.047222823,15.855804,0.00022127519,1.1648188,2.180256,7.8558044,1.1254692
2022-11-09,14.94,7.08,20.134146341463413,1013.246153846154,1.79875,0.28100792,-5.586472472707362,-1.076192018080814,-0.047222823,16.5849,0.0012304763,1.1217207,0.8280077,8.5849,1.8545647
2022-11-10,16.64,4.826666666666666,0.5357142857142857,1018.525925925926,1.3734177215189871,0.28100792,-3.8864724727073607,-3.329525351414148,-0.047222823,16.73584,8.040447e-05,-0.8799305,-1.0892521,8.73584,2.0055046
2022-11-11,15.395555555555555,5.193333333333334,18.353658536585368,1017.453846153846,2.7662500000000003,0.28100792,-5.130916917151804,-2.96285868474748,-0.047222823,15.286804,0.00048362176,-1.6474348,-1.1444302,7.286804,0.55646896
2022-11-12,18.02022471910112,8.639325842696628,37.54878048780488,1014.7555555555556,3.4787500000000007,0.28100792,-2.506247753606239,0.4831338246158143,-0.047222823,18.061646,0.0031741979,-1.8877417,-0.27366292,10.0616455,3.3313103
2022-11-13,17.74777777777778,7.263333333333335,12.048192771084338,1012.8884615384616,2.01,0.28100792,-2.7786946949295803,-0.8928586847474786,-0.047222823,17.467865,0.00073432626,-0.21386464,0.25231576,9.467865,2.7375298
2022-11-14,14.435555555555556,8.324444444444445,34.19277108433735,1011.4666666666668,2.72625,0.28100792,-6.090916917151805,0.1682524263636313,-0.047222823,15.031006,0.0006859954,1.7051092,2.1043093,7.031006,0.30067062
2022-11-15,14.705617977528089,10.034831460674155,75.78571428571429,1006.0807692307692,4.3075,0.28100792,-5.820854495179272,1.878639442593343,-0.047222823,16.151703,0.0010672222,3.1572323,2.9541037,8.151703,1.4213676
2022-11-16,13.196629213483147,9.191011235955058,65.9047619047619,1004.3307692307692,4.253749999999999,0.28100792,-7.329843259224212,1.0348192178742437,-0.047222823,12.787201,0.0012371325,2.8181493,2.2249281,4.787201,-1.9431343
2022-11-17,16.0123595505618,8.856179775280898,33.76470588235294,1002.5769230769232,5.12716049382716,0.28100792,-4.514112922145561,0.6999877572000841,-0.047222823,16.839508,0.0023672942,3.0411198,2.3821647,8.839508,2.1091728
2022-11-18,11.23111111111111,4.628888888888889,11.5,1008.4185185185188,3.783950617283952,0.28100792,-9.295361361596251,-3.527303129191925,-0.047222823,11.720184,0.0021203563,2.57362,-0.6067581,3.7201843,-3.010151
2022-11-19,9.483333333333333,3.1544444444444446,4.416666666666667,1014.5111111111112,3.506172839506172,0.28100792,-11.043139139374029,-5.0017475736363695,-0.047222823,11.2057495,0.00014023467,2.3772156,-1.3870386,3.2057495,-3.5245857
2022-11-20,13.987777777777776,5.014444444444445,35.06976744186046,1015.636,2.8641975308641974,0.28100792,-6.538694694929585,-3.141747573636369,-0.047222823,13.51297,2.6492526e-05,1.6961302,1.6003823,5.51297,-1.2173653
2022-11-21,13.097752808988764,4.373033707865169,74.63218390804597,1009.3653846153848,6.369999999999999,0.28100792,-7.428719663718597,-3.783158310215645,-0.047222823,12.294647,0.0033203086,3.7658856,1.6817256,4.294647,-2.435688
2022-11-22,12.462222222222223,3.673333333333333,74.31764705882352,1008.8,4.85925925925926,0.28100792,-8.064250250485138,-4.482858684747481,-0.047222823,11.190979,0.000890447,3.0812218,2.0872395,3.190979,-3.5393562
2022-11-23,15.174157303370787,7.880898876404496,30.848837209302324,1007.384,4.811111111111112,0.28100792,-5.352315169336572,-0.2752931416763182,-0.047222823,14.832062,0.00035101685,3.0390236,2.3560286,6.832062,0.10172653
2022-11-24,13.751111111111111,6.70111111111111,84.73563218390805,1011.2592592592592,3.0,0.28100792,-6.775361361596248,-1.4550809069697044,-0.047222823,14.227173,0.00026061072,1.9677752,2.5762694,6.227173,-0.5031624
2022-11-25,12.73,2.73,0.3255813953488372,1018.7115384615385,2.4814814814814814,0.28100792,-7.796472472707361,-5.426192018080814,-0.047222823,13.454254,0.0010157105,1.2125348,-0.9940837,5.454254,-1.2760811
2022-11-26,14.668888888888889,0.8322222222222224,0.0568181818181818,1022.5576923076922,1.22375,0.28100792,-5.857583583818473,-7.323969795858591,-0.047222823,14.110901,4.859539e-05,-0.36681637,-0.04726537,6.110901,-0.61943436
2022-11-27,14.434444444444448,1.4955555555555555,42.44827586206897,1017.008,1.6712500000000006,0.28100792,-6.092028028262915,-6.660636462525258,-0.047222823,14.04538,0.00010467563,0.062608086,0.28652406,6.0453796,-0.6849556
2022-11-28,10.812222222222225,2.293333333333333,0.2840909090909091,1017.292307692308,3.31125,0.28100792,-9.714250250485138,-5.862858684747481,-0.047222823,11.660736,9.365171e-05,1.8820397,-1.1301632,3.660736,-3.0695992
2022-11-29,10.69318181818182,0.6215909090909091,0.057471264367816,1015.74,1.3537500000000002,0.28100792,-9.83329065452554,-7.534601108989905,-0.047222823,11.57077,1.3467074e-06,0.14041822,-0.47760892,3.5707703,-3.159565
2022-11-30,10.345454545454546,0.6806818181818183,9.273809523809524,1010.9962962962964,1.1455696202531649,0.28100792,-10.181017927252816,-7.475510199898996,-0.047222823,10.919128,0.00037977545,-0.14315414,-0.17576091,2.9191284,-3.8112068
2022-12-01,11.444186046511629,1.016279069767442,0.1566265060240964,1009.2269230769232,2.153164556962025,0.40231055,-9.082286426195733,-7.139912948313372,0.07407981,11.586761,4.932146e-05,-1.6170343,-1.9748262,3.5867615,0.39447498
2022-12-02,9.134444444444446,-0.8755555555555555,0.0813953488372093,1007.3807692307694,1.58125,0.40231055,-11.392028028262915,-9.03174757363637,0.07407981,9.052887,2.2382434e-05,-0.81677055,-1.1947392,1.052887,-2.1393995
2022-12-03,8.43695652173913,-1.708695652173913,7.252873563218391,1003.4,1.2890243902439025,0.40231055,-12.08951595096823,-9.864887670254728,0.07407981,10.003387,8.665621e-05,0.57344574,0.27369758,2.0033875,-1.188899
2022-12-04,8.180434782608694,0.3413043478260869,22.988505747126435,1004.914814814815,1.3365853658536586,0.40231055,-12.346037690098669,-7.814887670254727,0.07407981,7.62735,0.0025589664,-0.467739,-0.16765316,-0.37265015,-3.5649366
2022-12-05,9.00108695652174,3.036956521739131,152.4404761904762,1007.0703703703704,2.637804878048781,0.40231055,-11.52538551618562,-5.119235496341683,0.07407981,10.076324,0.0039348495,-1.5024318,-0.63823414,2.0763245,-1.115962
2022-12-06,11.463043478260868,7.103260869565218,10.494252873563218,1008.3962962962964,1.028048780487805,0.40231055,-9.063428994446491,-1.0529311485155963,0.07407981,12.65744,0.0017419471,-0.5633527,-0.31501094,4.65744,1.4651537
2022-12-07,12.057608695652174,6.034782608695651,82.54117647058824,1005.6148148148148,1.4695121951219514,0.40231055,-8.468863777055187,-2.121409409385163,0.07407981,11.748383,0.00021053362,-0.92242646,-0.36551836,3.7483826,0.5560961
2022-12-08,11.75108695652174,6.4923913043478265,194.41379310344828,997.262962962963,3.139024390243903,0.40231055,-8.77538551618562,-1.6638007137329875,0.07407981,11.312592,0.009313237,-0.05636263,1.3654003,3.3125916,0.12030506
2022-12-09,10.095652173913043,7.027173913043479,87.20689655172414,994.7481481481484,1.640243902439024,0.40231055,-10.430820298794316,-1.129018105037335,0.07407981,11.280884,0.0047383723,0.8134702,1.7350987,3.2808838,0.0885973
2022-12-10,10.31413043478261,5.435869565217392,121.0919540229885,1001.577777777778,2.1475609756097565,0.40231055,-10.212342037924753,-2.720322452863422,0.07407981,12.195892,0.0011383436,1.3623186,0.31760943,4.1958923,1.0036058
2022-12-11,9.70217391304348,4.319565217391304,57.52873563218391,1000.6444444444446,2.386585365853659,0.40231055,-10.824298559663882,-3.83662680068951,0.07407981,8.51181,0.011455779,0.26261267,0.31511247,0.5118103,-2.6804762
2022-12-12,14.341304347826084,7.644565217391305,299.8720930232558,999.2777777777778,5.290243902439024,0.40231055,-6.185168124881276,-0.511626800689509,0.07407981,13.5104065,0.0039419592,2.4566548,2.659373,5.5104065,2.31812
2022-12-13,14.024444444444445,10.455555555555556,271.0232558139535,996.103703703704,3.19390243902439,0.40231055,-6.502028028262917,2.2993635374747416,0.07407981,14.269592,0.018512959,1.8181738,1.3316509,6.2695923,3.0773058
2022-12-14,12.91,7.820000000000001,124.0919540229885,995.8111111111112,2.362962962962964,0.40231055,-7.616472472707361,-0.3361920180808129,0.07407981,13.1362,0.003009636,1.4159718,2.1791198,5.1362,1.9439135
2022-12-15,10.366292134831465,6.0505617977528106,19.942528735632184,994.7384615384616,2.807407407407408,0.40231055,-10.160180337875898,-2.1056302203280035,0.07407981,11.461395,0.0008072486,1.955789,1.8729216,3.4613953,0.26910877
2022-12-16,10.07802197802198,4.49010989010989,33.47674418604651,1003.0444444444444,1.917283950617284,0.40231055,-10.448450494685382,-3.666082127970924,0.07407981,9.502228,0.00028369648,-0.06417608,0.42763376,1.5022278,-1.6900587
2022-12-17,10.417582417582418,3.91978021978022,2.415730337078652,1011.9592592592592,1.2112500000000002,0.40231055,-10.108890055124943,-4.236411798300594,0.07407981,10.94516,4.343518e-05,-0.13078551,-0.023703257,2.94516,-0.24712658
2022-12-18,11.37912087912088,3.223076923076924,0.7386363636363636,1018.8666666666666,2.01,0.40231055,-9.147351593586482,-4.93311509500389,0.07407981,9.709961,4.912041e-05,-0.20101292,0.54368323,1.7099609,-1.4823256
2022-12-19,12.039325842696632,3.938202247191012,27.27380952380953,1017.872,3.082051282051282,0.40231055,-8.487146630010729,-4.217989770889802,0.07407981,10.744507,3.358744e-05,-0.542088,-0.07615288,2.7445068,-0.44777966
2022-12-20,11.517045454545457,6.4750000000000005,114.5595238095238,1014.556,3.3038461538461545,0.40231055,-9.009427018161906,-1.6811920180808135,0.07407981,11.205444,0.0006576983,0.056901097,1.1052083,3.2054443,0.013157845
2022-12-21,12.595505617977528,7.728089887640449,8.476190476190476,1018.123076923077,3.2324675324675325,0.40231055,-7.930966854729833,-0.4281021304403651,0.07407981,13.1528015,0.00054920674,2.001962,1.5987743,5.1528015,1.960515
2022-12-22,13.575000000000005,8.861363636363638,3.7951807228915664,1020.3346153846154,2.749350649350649,0.40231055,-6.951472472707357,0.705171618282824,0.07407981,14.084808,4.577784e-05,1.6736609,1.6237878,6.0848083,2.8925219
2022-12-23,12.749438202247193,7.496629213483148,0.988095238095238,1018.4576923076922,2.376623376623377,0.40231055,-7.77703427046017,-0.659562804597666,0.07407981,13.37912,0.00021752865,0.92321396,1.609633,5.37912,2.1868334
2022-12-24,12.621590909090912,5.110227272727273,0.5714285714285714,1014.8115384615384,2.343589743589744,0.40231055,-7.904881563616449,-3.045964745353541,0.07407981,11.8940735,0.00011637444,-0.09202703,0.56187123,3.8940735,0.701787
2022-12-25,13.575280898876407,6.313483146067417,22.904761904761905,1013.4615384615385,3.484615384615384,0.40231055,-6.951191573830954,-1.8427088720133973,0.07407981,14.4878235,0.00019180577,-0.03350703,1.7078472,6.4878235,3.295537
2022-12-26,15.759090909090911,5.261363636363637,0.6626506024096386,1019.1038461538462,1.5192307692307692,0.40231055,-4.76738156361645,-2.8948283817171774,0.07407981,14.962891,3.3148197e-05,-0.2509117,0.20047875,6.9628906,3.7706041
2022-12-27,15.122471910112358,3.760674157303372,0.0843373493975903,1023.65,1.485897435897436,0.40231055,-5.404000562595003,-4.395517860777442,0.07407981,13.743866,1.2248753e-06,-0.2620608,-0.13886182,5.743866,2.5515795
2022-12-28,13.456179775280898,2.821348314606742,6.658536585365853,1019.2846153846152,2.5341772151898736,0.40231055,-7.070292697426464,-5.334843703474072,0.07407981,12.697937,1.5374272e-06,0.35198656,0.66217035,4.697937,1.5056505
2022-12-29,11.642222222222223,6.949999999999998,46.566265060240966,1015.1153846153846,3.656962025316456,0.40231055,-8.884250250485136,-1.2061920180808157,0.07407981,11.042084,0.000410217,1.8837095,2.323979,3.0420837,-0.15020275
2022-12-30,12.978409090909093,7.427272727272728,0.2261904761904762,1015.768,4.132911392405063,0.40231055,-7.5480633817982685,-0.7289192908080864,0.07407981,12.969086,0.00035045968,2.0524538,2.5936763,4.9690857,1.7767992
2022-12-31,14.554444444444446,4.341111111111112,1.0,1017.9038461538462,3.170886075949368,0.40231055,-5.972028028262916,-3.815080906969702,0.07407981,14.05545,1.5044028e-05,-0.53939146,0.7031587,6.0554504,2.863164
2023-01-01,14.838636363636368,7.015909090909092,60.80952380952381,1014.3576923076924,4.153164556962025,0.40231055,-5.687836109070995,-1.1402829271717223,0.07407981,14.874756,2.712011e-07,-0.6100197,0.76809055,6.874756,4.691597
2023-01-02,10.745555555555557,3.597777777777778,2.7261904761904763,1017.9230769230768,1.3265822784810126,0.40231055,-9.780916917151805,-4.558414240303036,0.07407981,12.238617,0.0007282719,0.2476387,0.40563264,4.238617,2.055458
2023-01-03,10.465168539325845,0.3662921348314608,0.3720930232558139,1024.8346153846155,1.139240506329114,0.40231055,-10.061303933381518,-7.789899883249353,0.07407981,11.845367,3.7224312e-05,-0.15143006,-1.050478,3.8453674,1.6622086
2023-01-04,11.095505617977528,-0.4988764044943821,0.5529411764705883,1028.1346153846157,1.0468354430379747,0.40231055,-9.430966854729832,-8.655068422575196,0.07407981,11.981354,9.768925e-07,-0.30451748,-0.5800869,3.9813538,1.7981949
2023-01-05,11.293103448275865,-0.2149425287356322,0.369047619047619,1023.6961538461538,1.0743589743589743,0.40231055,-9.233369024431498,-8.371134546816446,0.07407981,11.8871155,6.4192045e-07,-0.25646022,-0.29868504,3.8871155,1.7039566
2023-01-06,10.073033707865168,-1.2133333333333336,0.4302325581395348,1019.9115384615386,1.1379746835443036,0.40231055,-10.453438764842192,-9.369525351414149,0.07407981,10.863251,5.903344e-07,-0.07361456,0.3436172,2.8632507,0.68009186
2023-01-07,9.563333333333334,0.6322222222222222,176.1627906976744,1016.0851851851852,3.670886075949368,0.40231055,-10.963139139374029,-7.523969795858592,0.07407981,9.039825,0.0007914246,0.8951947,1.9908239,1.0398254,-1.1433334
2023-01-08,12.824444444444444,7.53,127.40697674418604,1009.137037037037,5.59240506329114,0.40231055,-7.702028028262916,-0.6261920180808138,0.07407981,11.950714,0.004955741,3.3863316,2.8753555,3.950714,1.7675552
2023-01-09,11.65222222222222,3.517777777777778,0.2209302325581395,1017.6444444444444,3.160256410256411,0.40231055,-8.874250250485142,-4.638414240303036,0.07407981,12.156403,0.0008763585,1.8381863,-0.33373997,4.1564026,1.9732437
2023-01-10,11.85056179775281,1.592134831460674,6.8352941176470585,1023.55,1.8610389610389613,0.40231055,-8.675910674954551,-6.56405718662014,0.07407981,12.69873,2.884678e-05,0.41446772,0.5315259,4.6987305,2.5155716
2023-01-11,11.084269662921349,2.7808988764044944,10.75,1023.4962962962964,2.080769230769232,0.40231055,-9.442202809786012,-5.37529314167632,0.07407981,10.500153,0.00038519653,-0.035764854,0.10647583,2.5001526,0.3169937
2023-01-12,11.563333333333336,0.3677777777777778,0.4186046511627907,1023.8333333333334,1.3846153846153846,0.40231055,-8.963139139374025,-7.7884142403030365,0.07407981,9.626923,3.242881e-05,0.10136732,0.12422172,1.6269226,-0.55623627
2023-01-13,11.252222222222224,0.9688888888888892,0.3764705882352941,1022.8740740740742,1.2217948717948717,0.40231055,-9.27425025048514,-7.187303129191925,0.07407981,10.877228,1.8083458e-05,-0.07973298,0.052881043,2.8772278,0.6940689
2023-01-14,11.880219780219782,0.8142857142857142,2.071428571428572,1020.4555555555554,1.57875,0.40231055,-8.646252692487579,-7.3419063037951,0.07407981,10.65033,3.7010138e-06,0.05037546,0.35178816,2.6503296,0.46717072
2023-01-15,9.166666666666666,1.3911111111111114,10.08235294117647,1017.7703703703704,3.3312500000000007,0.40231055,-11.359805806040695,-6.765080906969702,0.07407981,10.156708,6.946286e-05,1.7288862,0.2759796,2.1567078,-0.02645111
2023-01-16,9.393406593406594,1.831868131868132,60.19767441860465,1006.9703703703706,7.316250000000001,0.40231055,-11.133065879300768,-6.3243238862126825,0.07407981,8.810089,0.0002454433,4.1049266,2.9899635,0.8100891,-1.3730698
2023-01-17,9.331111111111111,1.327777777777778,20.821428571428573,996.9555555555556,7.615189873417722,0.40231055,-11.19536136159625,-6.828414240303037,0.07407981,8.79129,0.0017178579,4.8472176,0.84920496,0.7912903,-1.3918686
2023-01-18,5.254444444444444,-0.3311111111111111,3.1058823529411765,1006.0407407407408,4.794871794871795,0.40231055,-15.272028028262916,-8.487303129191925,0.07407981,6.31369,0.00033931163,3.269841,-1.3826376,-1.6863098,-3.8694687
2023-01-19,7.90888888888889,-1.516666666666667,31.634146341463413,1013.6206896551728,4.62051282051282,0.40231055,-12.617583583818472,-9.672858684747482,0.07407981,8.076508,0.00023080451,3.0439641,1.0586525,0.07650757,-2.1066513
2023-01-20,12.05217391304348,5.516304347826086,13.080459770114942,1011.6892857142856,2.9100000000000006,0.40231055,-8.47429855966388,-2.639887670254728,0.07407981,11.223907,0.00014793637,0.8774255,-0.107294165,3.2239075,1.0407486
2023-01-21,9.39891304347826,0.3891304347826087,1.137931034482759,1017.751724137931,3.0675,0.40231055,-11.1275594292291,-7.767061583298205,0.07407981,9.503357,0.00020571412,-1.0452843,-1.5983423,1.5033569,-0.67980194
2023-01-22,6.501086956521739,-2.8141304347826086,0.0459770114942528,1022.3827586206896,3.093670886075949,0.40231055,-14.025385516185622,-10.970322452863424,0.07407981,7.1994934,8.442874e-06,-0.1664238,-2.4666412,-0.8005066,-2.9836655
2023-01-23,6.137362637362638,-3.4351648351648354,0.313953488372093,1019.896551724138,3.375949367088608,0.40231055,-14.389109835344724,-11.59135685324565,0.07407981,6.545044,3.7507456e-07,-0.13464038,-2.711786,-1.454956,-3.638115
2023-01-24,4.8533333333333335,-2.9177777777777782,0.0470588235294117,1020.7172413793104,2.476923076923077,0.40231055,-15.673139139374028,-11.073969795858591,0.07407981,6.6091003,1.5943309e-06,-1.7073059,-1.6861299,-1.3908997,-3.5740585
2023-01-25,7.224444444444445,-3.935555555555556,0.0348837209302325,1022.5793103448276,2.0784810126582283,0.40231055,-13.302028028262916,-12.09174757363637,0.07407981,8.823456,2.1010634e-07,-0.67867154,-1.851,0.8234558,-1.3597031
2023-01-26,6.718888888888889,-2.281111111111111,0.0930232558139534,1017.0724137931034,2.587341772151899,0.40231055,-13.807583583818472,-10.437303129191925,0.07407981,8.217072,4.5097514e-07,0.90458935,-1.807285,0.21707153,-1.9660873
2023-01-27,6.720652173913044,-1.7791208791208792,0.6744186046511628,1014.2275862068968,3.870512820512821,0.40231055,-13.805820298794316,-9.935312897201694,0.07407981,8.154327,1.9625303e-07,-0.059871674,-3.2627106,0.1543274,-2.0288315
2023-01-28,7.268131868131868,-2.4144444444444444,0.1162790697674418,1016.5535714285716,3.4075949367088607,0.40231055,-13.258340604575494,-10.570636462525258,0.07407981,8.6875305,8.738983e-07,-0.9925696,-2.8559015,0.6875305,-1.4956284
2023-01-29,6.391111111111112,-3.821111111111112,0.0459770114942528,1020.4571428571428,2.311392405063291,0.40231055,-14.13536136159625,-11.977303129191926,0.07407981,6.7535706,4.4680107e-07,-1.5781568,-1.6689167,-1.2464294,-3.4295883
2023-01-30,8.438888888888888,-4.455555555555557,0.0465116279069767,1024.2275862068968,1.5379746835443038,0.40231055,-12.087583583818471,-12.611747573636372,0.07407981,7.104248,3.774369e-07,-0.40073314,-0.6472378,-0.89575195,-3.0789108
2023-01-31,10.363333333333332,-4.137777777777777,0.0235294117647058,1024.6586206896552,1.510126582278481,0.40231055,-10.163139139374028,-12.29396979585859,0.07407981,9.73172,9.656777e-07,-0.10815398,-0.41695502,1.73172,-0.4514389
2023-02-01,11.338461538461535,-2.6329670329670334,0.0,1022.6310344827588,1.7308641975308643,0.40231055,-9.188010934245824,-10.789159051047848,0.07407981,10.689301,8.79556e-07,-1.3603166,-1.6942568,2.6893005,-3.3583918
2023-02-02,12.982022471910112,-2.070786516853933,0.0238095238095238,1024.2965517241378,1.5125,0.40231055,-7.544450000797248,-10.226978534934746,0.07407981,11.897919,1.0207071e-06,-0.77188873,-1.1034709,3.8979187,-2.1497736
2023-02-03,14.981318681318683,-1.8252747252747248,0.0227272727272727,1026.5655172413794,1.2,0.40231055,-5.545153791388678,-9.98146674335554,0.07407981,14.144104,7.127722e-08,-0.48482895,-0.87817526,6.144104,0.096411705
2023-02-04,16.168478260869566,-1.3804347826086956,0.0,1026.3413793103448,1.7024691358024693,0.40231055,-4.357994211837795,-9.53662680068951,0.07407981,15.515839,0.0,-0.1803201,-1.0245348,7.5158386,1.4681463
2023-02-05,15.010869565217394,-1.132608695652174,0.0,1025.1827586206894,2.1962962962962966,0.40231055,-5.515602907489967,-9.288800713732988,0.07407981,15.301575,6.899932e-07,-1.328199,-1.7268686,7.3015747,1.2538824
2023-02-06,10.864130434782613,-1.7217391304347829,0.0909090909090909,1020.3793103448276,3.4109756097560973,0.40231055,-9.66234203792475,-9.877931148515597,0.07407981,10.535675,4.085072e-05,-1.9759191,-1.4873251,2.535675,-3.5120173
2023-02-07,8.235955056179776,-1.4579545454545455,5.5813953488372094,1016.348275862069,2.419512195121951,0.40231055,-12.290517416527583,-9.61414656353536,0.07407981,8.484375,0.00012520583,-1.6008912,-1.0367445,0.484375,-5.5633173
2023-02-08,9.833695652173914,0.6731182795698925,1.802325581395349,1018.6678571428572,3.239024390243902,0.40231055,-10.692776820533448,-7.483073738510922,0.07407981,10.520813,0.00030656153,-1.8499769,-1.1772594,2.520813,-3.5268793
2023-02-09,10.398924731182795,-0.7043010752688172,0.0227272727272727,1025.5,2.0280487804878047,0.40231055,-10.127547741524564,-8.860493093349632,0.07407981,8.3909,0.0007205854,-1.2912005,-0.85738564,0.39089966,-5.6567926
2023-02-10,9.93978494623656,-1.624731182795699,0.0227272727272727,1029.396551724138,2.847560975609756,0.40231055,-10.5866875264708,-9.780923200876511,0.07407981,9.103149,5.5690605e-05,-1.6100725,-0.4767634,1.1031494,-4.944543
2023-02-11,10.295698924731182,-1.9172043010752688,0.0,1026.2172413793105,3.5853658536585367,0.40231055,-10.23077354797618,-10.073396319156084,0.07407981,9.514618,1.0515312e-06,-1.9030336,-0.42472968,1.5146179,-4.5330744
2023-02-12,10.504301075268817,-0.6860215053763442,0.0,1025.3206896551724,2.863414634146342,0.40231055,-10.022171397438546,-8.842213523457158,0.07407981,10.445465,1.0669044e-06,-1.5750803,-0.38451695,2.445465,-3.6022272
2023-02-13,12.265591397849462,0.5849462365591398,0.0,1026.2551724137932,2.5646341463414632,0.40231055,-8.260881074857899,-7.571245781521674,0.07407981,12.16098,6.7055225e-08,-1.775926,-0.4016856,4.16098,-1.8867121
2023-02-14,11.272826086956524,1.975,0.0,1023.0689655172414,3.385185185185185,0.40231055,-9.253646385750836,-6.181192018080814,0.07407981,11.146637,7.699386e-05,-1.882803,-0.12770712,3.146637,-2.9010553
2023-02-15,13.386021505376345,1.249462365591398,0.0,1021.551724137931,2.045121951219512,0.40231055,-7.140450967331017,-6.906729652489416,0.07407981,12.066193,4.4650606e-05,-1.3897043,-1.061564,4.0661926,-1.9814997
2023-02-16,14.882608695652175,0.2152173913043478,0.0227272727272727,1023.6241379310344,1.9670731707317075,0.40231055,-5.643863777055184,-7.940974626776466,0.07407981,14.457062,2.5184115e-06,-1.2064934,-1.3309773,6.457062,0.40936947
2023-02-17,15.88172043010753,0.2268817204301075,0.0,1024.293103448276,2.8329268292682928,0.40231055,-4.644752042599832,-7.929310297650707,0.07407981,15.131897,0.0,-1.7839152,-1.1543349,7.131897,1.0842047
2023-02-18,15.081914893617022,2.8468085106382977,3.090909090909091,1022.7517241379312,2.2085365853658536,0.40231055,-5.44455757909034,-5.309383507442517,0.07407981,15.632874,1.0407264e-05,-1.4897627,-1.1361116,7.6328735,1.5851812
2023-02-19,17.448936170212768,4.617021276595745,0.0561797752808988,1019.1724137931036,2.1439024390243904,0.40231055,-3.077536302494593,-3.5391707414850693,0.07407981,18.350311,4.71223e-06,-1.5731958,-1.0533117,10.350311,4.302619
2023-02-20,17.58617021276596,6.005319148936171,0.0697674418604651,1015.9655172413794,2.448780487804878,0.40231055,-2.940302259941401,-2.150872869144643,0.07407981,19.44519,7.234084e-08,-1.7151432,-0.2077254,11.44519,5.397498
2023-02-21,16.169565217391305,5.098913043478261,7.860465116279069,1013.0551724137932,1.7987654320987654,0.40231055,-4.356907255316056,-3.057278974602553,0.07407981,17.251038,4.9859158e-05,0.21646881,0.07242652,9.251038,3.2033453
2023-02-22,13.880434782608695,3.844565217391304,6.241379310344827,1010.696551724138,1.7358024691358027,0.40231055,-6.646037690098666,-4.31162680068951,0.07407981,15.777863,1.6087306e-05,0.9443143,0.21945934,7.7778625,1.7301702
2023-02-23,8.07741935483871,-0.9784946236559144,24.264367816091955,1006.6137931034484,3.4308641975308647,0.40231055,-12.449053117868653,-9.134686641736728,0.07407981,8.24765,0.0014807853,1.8934294,0.07695039,0.24765015,-5.800042
2023-02-24,8.682795698924732,-4.29247311827957,5.579545454545454,1005.2689655172412,1.4617283950617284,0.40231055,-11.84367677378263,-12.448665136360384,0.07407981,9.502228,0.00011999702,0.48974547,0.11339096,1.5022278,-4.5454645
2023-02-25,7.675268817204301,-2.9688172043010748,1.2906976744186047,1001.944827586207,2.0975308641975308,0.40231055,-12.85120365550306,-11.12500922238189,0.07407981,9.1145935,0.0002655238,0.88691396,0.12378732,1.1145935,-4.933099
2023-02-26,8.905376344086022,-1.8161290322580643,0.1379310344827586,1005.296551724138,3.434567901234568,0.40231055,-11.62109612862134,-9.97232105033888,0.07407981,9.901642,3.4491477e-05,0.7006049,-2.1398866,1.9016418,-4.1460505
2023-02-27,5.5408602150537645,-3.244086021505377,0.1627906976744186,1011.7724137931036,3.775308641975309,0.40231055,-14.985612257653596,-11.40027803958619,0.07407981,6.1341248,6.842365e-06,0.27289328,-3.0667527,-1.8658752,-7.9135675
2023-02-28,6.795604395604396,-4.839560439560439,0.0465116279069767,1016.0111111111112,3.0650000000000004,0.40231055,-13.730868077102963,-12.995752457641252,0.07407981,9.200531,1.824881e-06,0.22578049,-1.8434829,1.200531,-4.8471613
2023-03-01,6.16236559139785,-4.3204301075268825,0.0454545454545454,1013.948275862069,2.05925925925926,0.3326095,-14.36410688130951,-12.476622125607696,0.004378766,7.3284607,4.8601764e-06,0.05968265,-1.4150553,-0.6715393,-7.915311
2023-03-02,9.253191489361702,-4.5882978723404255,0.0674157303370786,1014.3206896551724,1.9658536585365856,0.3326095,-11.27328098334566,-12.74448989042124,0.004378766,9.47171,3.6483007e-07,0.24979234,-1.2499973,1.4717102,-5.7720613
2023-03-03,11.839361702127658,-3.659574468085107,0.0,1014.9137931034484,1.886585365853659,0.3326095,-8.687110770579704,-11.81576648616592,0.004378766,11.794525,3.1962986e-07,-0.48716354,-0.966502,3.7945251,-3.4492464
2023-03-04,12.650000000000002,-2.691489361702128,0.1333333333333333,1015.2862068965518,1.5317073170731708,0.3326095,-7.876472472707359,-10.847681379782944,0.004378766,12.10788,1.4429288e-07,-0.78601074,-0.58945084,4.1078796,-3.135892
2023-03-05,9.48404255319149,-0.7457446808510638,23.73333333333333,1010.993103448276,1.547560975609756,0.3326095,-11.042429919515872,-8.901936698931879,0.004378766,11.070587,0.0007791486,0.23019473,0.14184852,3.0705872,-4.1731844
2023-03-06,11.770967741935484,4.197849462365592,27.685393258426966,1005.6142857142858,2.857317073170732,0.3326095,-8.755504730771877,-3.9583425557152223,0.004378766,13.524994,0.00029330328,1.7842089,1.3717536,5.524994,-1.7187777
2023-03-07,13.07340425531915,6.41595744680851,11.460674157303371,1004.6275862068966,4.437804878048782,0.3326095,-7.453068217388211,-1.7402345712723042,0.004378766,14.994232,0.0002429486,2.5547612,1.7774338,6.994232,-0.24953938
2023-03-08,15.70531914893617,8.580851063829787,167.04444444444445,1005.6241379310344,5.160975609756098,0.3326095,-4.821153323771192,0.4246590457489727,0.004378766,17.13205,0.00030315339,3.1672604,2.8317518,9.13205,1.888278
2023-03-09,15.874468085106386,8.831914893617022,25.322222222222223,1008.293103448276,5.369512195121952,0.3326095,-4.652004387600975,0.6757228755362075,0.004378766,16.835388,0.0013345127,3.426913,2.5715656,8.835388,1.5916166
2023-03-10,17.12340425531915,6.838709677419355,1.0,1014.464285714286,3.976829268292683,0.3326095,-3.40306821738821,-1.317482340661459,0.004378766,19.547424,8.15677e-05,2.518647,1.2733312,11.547424,4.303653
2023-03-11,17.6,8.646808510638298,1.1573033707865168,1015.9379310344827,4.1573170731707325,0.3326095,-2.92647247270736,0.4906164925574838,0.004378766,21.395386,1.4417378e-06,2.0841534,0.5670324,13.395386,6.151614
2023-03-12,21.565591397849463,7.259139784946237,0.0,1014.0103448275862,1.9426829268292685,0.3326095,1.0391189251421018,-0.8970522331345769,0.004378766,21.52478,4.2492698e-07,0.5866553,0.8271141,13.52478,6.2810087
2023-03-13,18.717021276595744,5.994680851063831,0.2111111111111111,1009.8827586206896,5.174390243902439,0.3326095,-1.8094511961116169,-2.161511167016984,0.004378766,20.410858,5.701768e-07,2.483401,1.8708733,12.410858,5.1670866
2023-03-14,15.393478260869568,3.644565217391305,0.0,1015.1517241379312,3.019512195121951,0.3326095,-5.132994211837794,-4.511626800689509,0.004378766,16.868988,5.321371e-07,1.3819267,-0.8527997,8.868988,1.6252165
2023-03-15,20.16195652173913,2.6250000000000004,0.0,1012.103448275862,1.4121951219512197,0.3326095,-0.3645159509682294,-5.531192018080814,0.004378766,20.055542,6.071512e-07,-0.5980714,-0.34217033,12.055542,4.8117704
2023-03-16,21.62978723404256,5.777659574468085,0.9325842696629212,1005.0551724137932,2.903658536585366,0.3326095,1.1033147613351917,-2.3785324436127286,0.004378766,23.000702,5.5435265e-07,0.18895447,0.21941514,15.000702,7.7569304
2023-03-17,15.132978723404255,7.107446808510638,11.011363636363637,1006.0379310344828,4.235365853658537,0.3326095,-5.393493749303106,-1.0487452095701757,0.004378766,16.829071,9.8448385e-05,2.6345346,2.4586391,8.829071,1.5852995
2023-03-18,14.00531914893617,4.731914893617021,7.3,1011.203448275862,2.8329268292682923,0.3326095,-6.521153323771191,-3.424277124463793,0.004378766,15.455109,0.00014834262,1.8018142,0.037661552,7.4551086,0.21133709
2023-03-19,17.06989247311828,3.103225806451613,0.0224719101123595,1015.2310344827588,1.6000000000000003,0.3326095,-3.4565799995890814,-5.052966211629201,0.004378766,18.185638,1.4658205e-05,-0.28532156,-1.1669697,10.185638,2.9418669
2023-03-20,19.26489361702128,2.8489361702127667,0.0,1014.8206896551724,1.863414634146341,0.3326095,-1.261578855686082,-5.307255847868047,0.004378766,20.59732,1.0031896e-06,0.39949226,0.10869702,12.597321,5.353549
2023-03-21,19.96808510638298,4.6000000000000005,0.0,1011.4655172413792,1.9231707317073168,0.3326095,-0.5583873663243821,-3.556192018080813,0.004378766,21.231964,1.7853397e-07,0.45791563,0.36912027,13.231964,5.9881926
2023-03-22,20.579787234042552,4.955319148936171,0.0,1009.2172413793106,2.3353658536585367,0.3326095,0.0533147613351907,-3.200872869144643,0.004378766,22.338104,6.798457e-07,1.1916765,1.0261538,14.338104,7.0943327
2023-03-23,19.358510638297872,4.779787234042553,0.0222222222222222,1008.413793103448,3.139024390243903,0.3326095,-1.167961834409489,-3.376404784038261,0.004378766,22.260223,2.8578623e-07,1.9128135,1.7724432,14.260223,7.016452
2023-03-24,17.303191489361705,6.095744680851064,1.3932584269662922,1012.5448275862068,3.475609756097561,0.3326095,-3.2232809833456564,-2.06044733722975,0.004378766,19.545227,1.9864114e-05,2.5584671,1.5883621,11.545227,4.3014555
2023-03-25,19.582978723404256,3.615957446808511,0.8555555555555555,1015.1793103448276,3.291463414634147,0.3326095,-0.943493749303105,-4.540234571272303,0.004378766,21.145294,3.127449e-05,1.7536424,1.510753,13.145294,5.9015226
2023-03-26,18.17234042553192,5.772340425531915,0.0674157303370786,1015.0620689655174,4.321951219512195,0.3326095,-2.3541320471754474,-2.383851592548899,0.004378766,20.63675,2.2505094e-06,2.2547073,-0.62686485,12.636749,5.3929777
2023-03-27,19.17978723404256,2.334042553191489,0.0,1016.7620689655174,1.6219512195121957,0.3326095,-1.3466852386648078,-5.822149464889325,0.004378766,20.016571,3.551443e-08,-0.25354004,-0.503511,12.016571,4.7727995
2023-03-28,23.32150537634409,4.17741935483871,0.0,1016.2103448275864,1.7097560975609758,0.3326095,2.795032903636727,-3.978772663242104,0.004378766,23.568787,0.0,-0.4008948,-0.14119919,15.568787,8.325015
2023-03-29,24.431914893617027,7.327659574468086,0.0,1014.1068965517244,3.250000000000001,0.3326095,3.905442420909665,-0.8285324436127279,0.004378766,25.625793,4.261732e-07,0.5371011,0.5007193,17.625793,10.382022
2023-03-30,20.57553191489362,7.62872340425532,0.1888888888888888,1015.7689655172414,3.7329268292682936,0.3326095,0.0490594421862589,-0.5274686138254943,0.004378766,23.150452,3.551443e-08,2.8583565,2.1699915,15.150452,7.90668
2023-03-31,18.98936170212766,8.210638297872343,0.0,1015.1310344827588,5.1170731707317065,0.3326095,-1.5371107705797016,0.054446279791529,0.004378766,22.315826,0.0,3.2398376,1.1097162,14.315826,7.072055
2023-04-01,17.106382978723403,5.514893617021277,1.0777777777777775,1015.1551724137933,4.380487804878048,0.3326095,-3.4200894939839586,-2.6412984010595366,0.004378766,18.650848,1.4313403e-07,2.849427,-1.8788013,10.650848,-0.3566227
2023-04-02,16.677659574468084,1.6170212765957446,0.0,1018.6758620689656,2.618292682926829,0.3326095,-3.848812898239277,-6.539170741485069,0.004378766,17.821136,6.411381e-07,0.14482625,-2.1973436,9.821136,-1.1863346
2023-04-03,17.976344086021506,1.313978494623656,0.0227272727272727,1012.1586206896552,1.7865853658536586,0.3326095,-2.550128386685856,-6.842213523457158,0.004378766,19.134888,5.3385423e-07,-0.72226906,-0.67319316,11.134888,0.12741661
2023-04-04,19.28695652173913,3.831521739130436,0.0,1009.193103448276,3.512195121951218,0.3326095,-1.239515950968233,-4.324670278950379,0.004378766,20.174774,3.551443e-08,-2.2845852,-2.479088,12.174774,1.1673031
2023-04-05,20.77608695652174,0.7652173913043478,0.0,1011.4827586206898,1.7925925925925923,0.3326095,0.2496144838143799,-7.390974626776466,0.004378766,21.395782,0.0,-1.1830755,-1.1308995,13.395782,2.3883114
2023-04-06,22.427472527472528,3.779120879120879,0.0,1010.593103448276,1.7902439024390242,0.3326095,1.9010000547651664,-4.377071138959935,0.004378766,22.865936,3.551443e-08,-1.2204531,-0.93736774,14.865936,3.8584652
2023-04-07,23.43186813186813,4.317582417582417,0.0,1008.8275862068964,1.9975609756097563,0.3326095,2.905395659160771,-3.8386096004983967,0.004378766,24.12741,4.1017776e-07,-0.09975926,0.10342821,16.12741,5.11994
2023-04-08,24.77444444444445,5.931111111111111,0.0,1009.537931034483,1.7024691358024695,0.3326095,4.247971971737087,-2.225080906969703,0.004378766,25.663727,4.844731e-07,0.4081262,0.13329661,17.663727,6.6562557
2023-04-09,25.43626373626374,7.294505494505495,0.0,1012.2896551724136,2.5792682926829267,0.3326095,4.909791263556379,-0.8616865235753188,0.004378766,27.266876,5.8770536e-07,0.9140034,0.2663528,19.266876,8.259405
2023-04-10,24.46,8.732222222222223,0.0,1014.9551724137932,2.6691358024691363,0.3326095,3.933527527292636,0.5760302041414089,0.004378766,27.458038,4.0854013e-07,1.1616358,-0.36655632,19.458038,8.450567
2023-04-11,24.06521739130435,7.172826086956523,0.0,1012.9413793103448,2.95925925925926,0.3326095,3.53874491859699,-0.9833659311242916,0.004378766,26.412598,1.2688339e-06,1.4272085,0.4947993,18.412598,7.4051266
2023-04-12,16.624731182795703,5.540860215053763,6.314606741573034,1009.7103448275864,4.482716049382716,0.3326095,-3.9017412899116586,-2.615331803027052,0.004378766,22.051178,5.282461e-07,2.9804351,-0.26734114,14.051178,3.043707
2023-04-13,14.76666666666667,2.1666666666666674,3.157303370786517,1012.9344827586208,4.035802469135803,0.3326095,-5.759805806040692,-5.989525351414146,0.004378766,17.794952,8.071462e-08,2.1944149,-2.0758417,9.794952,-1.2125187
2023-04-14,17.931182795698927,4.949462365591398,0.4431818181818182,1012.1448275862068,4.930864197530864,0.3326095,-2.5952896770084344,-3.2067296524894164,0.004378766,19.048615,2.3171303e-07,2.7333195,-1.2375836,11.0486145,0.041143417
2023-04-15,21.40434782608696,6.1,0.0,1014.2655172413796,3.237037037037037,0.3326095,0.8778753533795971,-2.0561920180808144,0.004378766,22.512054,4.0274105e-07,0.5039889,-1.8363986,14.512054,3.5045834
2023-04-16,22.48586956521739,6.716304347826087,0.0,1012.9793103448276,2.98641975308642,0.3326095,1.9593970925100272,-1.439887670254727,0.004378766,24.171753,3.019968e-07,-0.9676177,-2.119421,16.171753,5.164282
2023-04-17,22.88478260869565,5.571739130434784,0.0,1008.2344827586206,2.8641975308641974,0.3326095,2.3583101359882903,-2.58445288764603,0.004378766,24.10379,6.793475e-07,-1.3058357,-1.7080439,16.10379,5.096319
2023-04-18,22.467391304347824,4.809782608695652,0.0,1004.8689655172416,2.0160493827160497,0.3326095,1.940918831640463,-3.3464094093851617,0.004378766,22.695282,1.1081389e-06,-1.5255871,-0.98717433,14.695282,3.687811
2023-04-19,24.33152173913043,6.722826086956523,0.0,1004.5724137931034,2.314814814814815,0.3326095,3.805049266423069,-1.4333659311242908,0.004378766,24.360016,2.1816963e-06,-0.7893327,0.3532628,16.360016,5.352545
2023-04-20,25.39677419354839,7.683870967741936,0.0,1002.2068965517244,3.029629629629629,0.3326095,4.870301720841027,-0.4723210503388779,0.004378766,26.860748,6.028869e-07,1.0861639,0.7610372,18.860748,7.853277
2023-04-21,22.30978260869565,7.746739130434783,69.07954545454545,999.0724137931036,3.8425,0.3326095,1.783310135988291,-0.4094528876460312,0.004378766,25.179565,3.9999064e-05,1.9611028,1.5538168,17.179565,6.1720943
2023-04-22,18.06043956043956,7.413186813186813,2.2705882352941176,1004.844827586207,3.179746835443038,0.3326095,-2.4660329122678,-0.7430052048940006,0.004378766,19.902618,0.006176975,1.9385065,1.0849122,11.902618,0.8951473
2023-04-23,21.346666666666668,5.952222222222223,0.0,1009.189655172414,3.744303797468354,0.3326095,0.8201941939593063,-2.203969795858592,0.004378766,23.823517,0.00032417724,1.79083,0.2778184,15.823517,4.8160458
2023-04-24,23.60888888888889,8.057777777777776,0.0,1010.1275862068966,2.573417721518988,0.3326095,3.0824164161815304,-0.0984142403030379,0.004378766,25.392242,4.9720205e-07,1.2115034,-0.078374825,17.392242,6.3847713
2023-04-25,25.88314606741573,9.588764044943822,0.0,1008.5793103448276,2.7038461538461536,0.3326095,5.356673594708369,1.4325720268630082,0.004378766,27.648956,7.498486e-07,1.3171431,-0.13197382,19.648956,8.641485
2023-04-26,27.242222222222225,10.083333333333334,0.0,1007.6551724137933,2.5225,0.3326095,6.715749749514863,1.92714131525252,0.004378766,28.84372,5.345987e-08,1.3418452,0.54905635,20.84372,9.836248
2023-04-27,30.12444444444445,12.366666666666667,0.0,1006.496551724138,2.2425,0.3326095,9.597971971737085,4.210474648585853,0.004378766,31.487335,0.0,0.6475881,0.52264386,23.487335,12.479864
2023-04-28,29.37555555555556,14.021111111111114,0.0,1005.9586206896552,3.088888888888889,0.3326095,8.849083082848193,5.8649190930303,0.004378766,32.246887,1.4020749e-06,1.1109854,0.55247986,24.246887,13.239416
2023-04-29,24.91648351648352,12.668131868131868,1.5402298850574712,1009.3103448275864,2.917283950617284,0.3326095,4.390011043776152,4.5119398500510535,0.004378766,25.60263,6.492662e-05,1.5218111,-0.10116617,17.60263,6.5951595
2023-04-30,23.2978021978022,10.186813186813188,0.0,1010.9482758620692,2.517283950617285,0.3326095,2.771329725094837,2.030621168732374,0.004378766,25.06131,6.6348643e-06,-0.82235783,-2.240568,17.06131,6.0538387
2023-05-01,25.55054945054945,8.123076923076924,0.0,1011.2689655172416,1.9407407407407409,0.3326095,5.024076977842089,-0.0331150950038896,0.004378766,27.100159,5.7165437e-07,-0.8793685,-1.4623312,19.100159,2.919382
2023-05-02,27.58571428571429,9.35824175824176,0.0,1009.093103448276,1.7790123456790126,0.3326095,7.059241813006928,1.2020497401609465,0.004378766,28.362244,3.2406646e-07,-1.1495985,-0.93358064,20.362244,4.181467
2023-05-03,28.20222222222223,12.293333333333337,0.942528735632184,1006.4103448275864,3.946913580246914,0.3326095,7.675749749514868,4.137141315252521,0.004378766,30.561798,1.8129745e-08,0.19145457,1.1789844,22.561798,6.3810215
2023-05-04,23.13370786516854,10.196629213483146,0.0465116279069767,1011.3172413793104,3.2802469135802466,0.3326095,2.607235392461177,2.0404371954023315,0.004378766,24.421936,1.7881393e-07,2.699297,2.0833473,16.421936,0.24115944
2023-05-05,24.83406593406594,8.061538461538463,0.0,1010.5896551724138,2.119753086419753,0.3326095,4.307593461358579,-0.0946535565423509,0.004378766,27.054657,8.576473e-07,1.1083851,0.7473562,19.054657,2.8738804
2023-05-06,25.23777777777778,8.556666666666668,8.793103448275861,1007.7172413793104,2.63125,0.3326095,4.711305305070418,0.4004746485858543,0.004378766,27.80191,2.8571944e-07,1.4898638,0.3648955,19.80191,3.6211338
2023-05-07,25.43222222222223,10.09888888888889,0.0,1012.0655172413792,2.365,0.3326095,4.905749749514868,1.942696870808076,0.004378766,27.386414,1.0728835e-07,-0.049957912,-2.0109956,19.386414,3.205637
2023-05-08,27.76136363636364,10.113636363636363,0.0,1014.4965517241382,2.248101265822785,0.3326095,7.234891163656279,1.9574443455555488,0.004378766,29.768097,2.5033953e-07,0.14143753,-0.66696686,21.768097,5.5873203
2023-05-09,25.24204545454546,12.463636363636368,0.0,1012.8571428571428,3.856962025316456,0.3326095,4.715572981838097,4.307444345555552,0.004378766,26.790985,4.292527e-07,1.2296867,-2.3804188,18.790985,2.6102085
2023-05-10,22.76555555555556,8.731111111111112,0.0,1012.535714285714,2.83,0.3326095,2.2390830828481967,0.5749190930302976,0.004378766,24.754913,1.4232262e-07,-0.8300845,-2.1491327,16.754913,0.57413673
2023-05-11,20.60111111111111,6.808888888888888,0.0,1011.451724137931,3.4075,0.3326095,0.0746386384037478,-1.3473031291919255,0.004378766,22.733276,3.4247822e-07,-1.3703474,-2.7184277,14.733276,-1.4475002
2023-05-12,17.666666666666668,5.633333333333334,6.223529411764706,1010.732142857143,3.3846153846153846,0.3326095,-2.859805806040693,-2.5228586847474803,0.004378766,19.481781,0.00039142088,-1.0453542,-2.7189796,11.481781,-4.6989956
2023-05-13,19.294444444444444,4.223333333333333,0.0113636363636363,1013.406896551724,3.0962500000000004,0.3326095,-1.232028028262917,-3.932858684747481,0.004378766,20.939362,4.829554e-05,-0.94712895,-2.7689216,12.939362,-3.241415
2023-05-14,19.93777777777778,6.318888888888889,2.0,1013.955172413793,2.8000000000000003,0.3326095,-0.5886946949295826,-1.837303129191925,0.004378766,20.55188,0.0001921527,-0.27727953,-2.502216,12.55188,-3.6288967
2023-05-15,20.6,6.587777777777779,0.0,1012.689655172414,3.1075,0.3326095,0.0735275272926401,-1.568414240303035,0.004378766,22.066803,2.2968785e-05,-0.1558717,-2.4731414,14.066803,-2.1139736
2023-05-16,21.075280898876404,5.371910112359552,0.0,1010.8241379310346,3.220253164556962,0.3326095,0.5488084261690425,-2.7842819057212624,0.004378766,22.113373,3.925214e-07,-1.3441461,-2.1830692,14.113373,-2.0674038
2023-05-17,22.270000000000003,4.777777777777779,0.0,1009.9241379310344,4.3975,0.3326095,1.7435275272926418,-3.3784142403030355,0.004378766,23.60028,9.998059e-07,-3.012476,-2.9493206,15.600281,-0.58049583
2023-05-18,20.41685393258427,4.937078651685394,0.0,1011.9137931034484,3.988607594936709,0.3326095,-0.1096185401230904,-3.21911336639542,0.004378766,22.195831,7.1028865e-08,-2.2746353,-3.2519662,14.195831,-1.9849453
2023-05-19,19.603296703296703,5.4582417582417575,0.0,1011.9275862068966,4.124999999999999,0.3326095,-0.9231757694106584,-2.697950259839057,0.004378766,19.9552,1.3258308e-05,-1.395244,-3.6090755,11.9552,-4.2255764
2023-05-20,19.414130434782614,5.290217391304348,1.6555555555555554,1008.4241379310344,2.6629629629629634,0.3326095,-1.1123420379247475,-2.865974626776466,0.004378766,20.278717,5.7702884e-05,-1.6290989,-1.9777571,12.278717,-3.9020596
2023-05-21,20.57555555555556,8.475555555555557,13.241379310344827,1004.4275862068964,2.683544303797469,0.3326095,0.0490830828481954,0.319363537474743,0.004378766,21.89624,0.00017763612,-1.868426,-0.91514844,13.89624,-2.2845364
2023-05-22,22.030337078651687,10.196629213483147,15.413793103448276,1005.3413793103448,2.6835443037974684,0.3326095,1.503864605944326,2.0404371954023333,0.004378766,24.557037,0.00029631614,-2.0188255,-0.5067353,16.557037,0.37626076
2023-05-23,22.468181818181822,11.015909090909092,35.27906976744186,1005.8655172413792,3.489743589743589,0.3326095,1.941709345474461,2.8597170728282784,0.004378766,23.268097,0.0015909792,-2.3123124,-1.4773054,15.268097,-0.9126797
2023-05-24,23.235227272727272,10.943181818181818,24.41176470588235,1007.7551724137932,2.5743589743589745,0.3326095,2.70875480001991,2.7869898001010043,0.004378766,23.437866,0.00067436526,-1.5586987,-1.238369,15.437866,-0.7429104
2023-05-25,23.96333333333333,9.953333333333337,154.97619047619048,1006.9142857142856,2.70379746835443,0.3326095,3.43686086062597,1.7971413152525209,0.004378766,22.98941,0.000754436,-0.7446537,-0.7272699,14.98941,-1.1913662
2023-05-26,18.65681818181818,10.054545454545456,87.64367816091954,1008.1071428571428,3.822077922077921,0.3326095,-1.86965429088918,1.8983534364646408,0.004378766,20.420715,0.011116903,-2.4030216,1.3216985,12.420715,-3.7600613
2023-05-27,20.07934782608696,11.357608695652177,107.55555555555556,1008.9551724137932,2.3012345679012345,0.3326095,-0.4471246466204022,3.2014166775713626,0.004378766,22.268799,0.0015200436,-1.2283179,0.25250325,14.268799,-1.9119778
2023-05-28,18.83936170212766,11.789361702127662,75.6413043478261,1007.0758620689656,1.8609756097560968,0.3326095,-1.6871107705797002,3.633169684046848,0.004378766,19.5513,0.0024235516,-0.2440834,0.12514623,11.5513,-4.6294765
2023-05-29,20.99255319148936,11.3,66.77777777777777,1005.9724137931034,2.303658536585366,0.3326095,0.4660807187819991,3.143807981919186,0.004378766,20.952911,0.00074674486,0.10482534,0.7369607,12.952911,-3.2278652
2023-05-30,21.17608695652174,11.121739130434785,64.73626373626374,1007.525925925926,2.05925925925926,0.3326095,0.6496144838143785,2.9655471123539705,0.004378766,21.308746,0.0014878832,0.03436323,0.5829734,13.308746,-2.8720303
2023-05-31,22.931182795698927,10.951612903225808,31.593406593406595,1007.5172413793103,1.8963414634146345,0.3326095,2.4047103229915656,2.7954208851449938,0.004378766,23.077179,0.00032804554,-0.12610245,0.5510003,15.077179,-1.1035976
2023-06-01,22.181914893617027,11.7,67.53260869565217,1005.6,2.060975609756098,0.25344798,1.6554424209096652,3.543807981919187,-0.07478276,22.623383,0.0012928874,-0.9428857,0.108966075,14.623383,-6.748457
2023-06-02,22.58478260869565,11.111956521739131,51.71111111111111,1005.6137931034484,2.1012500000000003,0.25344798,2.0583101359882967,2.955764503658319,-0.07478276,22.029388,0.0014024597,-1.1337687,-0.4967098,14.029388,-7.342451
2023-06-03,24.323076923076925,10.82967032967033,27.09090909090909,1006.0551724137932,1.9687500000000004,0.25344798,3.796604450369564,2.673478311589516,-0.07478276,23.692322,0.00031407256,-0.8451462,-0.14523816,15.692322,-5.6795177
2023-06-04,24.83516483516484,11.986813186813189,24.795454545454547,1006.8000000000004,1.7137500000000003,0.25344798,4.308692362457478,3.830621168732375,-0.07478276,23.946747,0.00048069726,-0.6960249,-0.070890345,15.946747,-5.4250927
2023-06-05,24.94494382022472,13.015730337078656,29.72093023255814,1006.889655172414,1.8443037974683536,0.25344798,4.418471347517361,4.859538318997842,-0.07478276,25.578308,0.00039145633,-0.30978712,-0.0745993,17.578308,-3.7935314
2023-06-06,27.38681318681319,12.567032967032969,32.01123595505618,1005.15,2.029629629629629,0.25344798,6.860340714105828,4.4108409489521545,-0.07478276,26.328705,5.731364e-05,-1.2387003,-0.11188316,18.328705,-3.0431347
2023-06-07,20.72258064516129,14.941935483870967,65.6,1004.8896551724138,2.9395061728395064,0.25344798,0.196108172453929,6.785743465790153,-0.07478276,20.332245,0.0027838768,-0.92126274,0.95406467,12.332245,-9.039595
2023-06-08,20.65326086956522,14.195652173913048,94.5,1003.0206896551724,3.38641975308642,0.25344798,0.126788396857858,6.0394601558322325,-0.07478276,20.516876,0.0049612406,-0.19882457,1.2560934,12.516876,-8.854963
2023-06-09,22.276086956521745,13.266304347826088,44.51685393258427,1004.4310344827586,3.603703703703704,0.25344798,1.7496144838143834,5.110112329745274,-0.07478276,22.46637,0.001675005,2.3214386,2.2941768,14.46637,-6.90547
2023-06-10,24.49891304347826,13.956521739130432,1.477777777777778,1006.8344827586208,1.891358024691358,0.25344798,3.9724405707709,5.800329721049618,-0.07478276,24.528992,0.000292338,0.95703954,1.0824826,16.528992,-4.842848
2023-06-11,25.4956043956044,13.67802197802198,7.49438202247191,1006.710344827586,2.6049382716049387,0.25344798,4.969131922897034,5.521829959941165,-0.07478276,26.419556,1.755529e-05,1.4246783,0.47635832,18.419556,-2.9522839
2023-06-12,25.525,13.431521739130435,39.66666666666666,1004.9689655172414,2.391358024691358,0.25344798,4.998527527292641,5.275329721049621,-0.07478276,26.950714,7.954588e-05,0.9348469,0.7218903,18.950714,-2.4211254
2023-06-13,22.92,12.687777777777775,22.477272727272727,1004.6250000000002,2.5392405063291137,0.25344798,2.3935275272926404,4.531585759696963,-0.07478276,23.939484,0.0012396853,1.2070528,-0.41769728,15.939484,-5.432356
2023-06-14,25.89101123595506,12.370786516853933,0.0229885057471264,1008.8142857142856,2.0063291139240502,0.25344798,5.3645387632476975,4.214594498773119,-0.07478276,25.411865,0.00014185318,-0.3145256,-1.7078489,17.411865,-3.9599743
2023-06-15,29.24888888888889,14.025555555555554,0.0337078651685393,1010.7793103448274,1.58375,0.25344798,8.722416416181527,5.86936353747474,-0.07478276,29.410889,4.82416e-07,-0.6292763,-0.3041215,21.410889,0.03904915
2023-06-16,31.544444444444448,16.095555555555556,0.0,1008.1785714285716,1.848101265822785,0.25344798,11.017971971737088,7.939363537474742,-0.07478276,31.611115,8.576921e-07,-0.28235182,-0.30451977,23.611115,2.239275
2023-06-17,31.51428571428572,17.243956043956043,15.386363636363637,1004.1655172413792,2.79125,0.25344798,10.987813241578356,9.087764025875227,-0.07478276,33.074524,0.00038355825,0.23358727,0.4610108,25.074524,3.7026844
2023-06-18,28.428571428571427,16.25714285714286,14.306818181818182,1002.593103448276,2.6675,0.25344798,7.902098955864066,8.100950839062046,-0.07478276,30.45346,0.0006444351,0.18601608,0.865537,22.45346,1.0816212
2023-06-19,27.525842696629216,16.348314606741575,16.152941176470588,1001.7344827586209,3.0835443037974684,0.25344798,6.999370223921854,8.19212258866076,-0.07478276,29.157196,0.0011116876,-0.43642235,1.1572069,21.157196,-0.21464348
2023-06-20,24.936666666666667,15.444444444444445,0.7906976744186046,1004.2689655172416,2.854430379746836,0.25344798,4.410194193959306,7.288252426363631,-0.07478276,26.668182,9.602983e-05,1.9295021,1.4427953,18.668182,-2.7036572
2023-06-21,26.294382022471908,13.64044943820225,39.61627906976744,1006.839285714286,2.0580246913580247,0.25344798,5.767909549764546,5.484257420121436,-0.07478276,28.3302,0.00036568512,0.3065745,0.85038376,20.3302,-1.0416393
2023-06-22,27.917777777777776,12.772222222222222,0.034090909090909,1011.975,1.469135802469136,0.25344798,7.391305305070414,4.616030204141408,-0.07478276,28.765228,4.958347e-05,-0.232687,0.564184,20.765228,-0.60661125
2023-06-23,31.3934065934066,15.53956043956044,0.0,1013.2333333333336,1.8493827160493823,0.25344798,10.866934120699234,7.383368421479627,-0.07478276,31.670929,1.8347928e-06,-1.2559586,-0.6432663,23.670929,2.2990894
2023-06-24,33.81208791208792,17.421978021978024,0.0,1010.1827586206896,1.9320987654320991,0.25344798,13.285615439380557,9.26578600389721,-0.07478276,34.25882,1.2192822e-06,-0.7690709,0.13690622,26.25882,4.88698
2023-06-25,35.727777777777774,18.97777777777777,11.659090909090908,1008.9928571428572,2.3703703703703707,0.25344798,15.201305305070411,10.821585759696964,-0.07478276,37.460846,0.00024384154,0.20991452,-0.39276823,29.460846,8.089006
2023-06-26,34.81460674157304,18.811235955056176,0.0227272727272727,1009.0571428571428,2.306172839506173,0.25344798,14.288134268865676,10.655043936975362,-0.07478276,37.451263,3.637777e-05,-0.050748188,-0.5583299,29.451263,8.079424
2023-06-27,32.663333333333334,17.700000000000003,0.0113636363636363,1007.8428571428568,2.04320987654321,0.25344798,12.136860860625973,9.543807981919189,-0.07478276,36.096893,3.0237754e-07,-0.3423252,-1.2598692,28.096893,6.725054
2023-06-28,33.330000000000005,17.235555555555557,0.0,1006.1321428571428,2.255555555555556,0.25344798,12.803527527292644,9.079363537474745,-0.07478276,35.533173,5.871766e-05,0.15075874,-1.201076,27.533173,6.161333
2023-06-29,31.640909090909087,16.21818181818182,0.0,1007.625,3.5253164556962027,0.25344798,11.114436618201726,8.061989800101005,-0.07478276,35.871002,1.9636378e-05,0.5707825,-1.4981962,27.871002,6.4991627
2023-06-30,27.44157303370787,13.614606741573034,0.0,1011.4285714285716,3.1625,0.25344798,6.915100561000507,5.45841472349222,-0.07478276,29.572723,1.8609284e-06,-1.3720881,-2.9060938,21.572723,0.20088387
2023-07-01,31.239325842696623,14.747191011235952,0.0229885057471264,1009.3071428571428,2.1375,0.25344798,10.712853369989263,6.590998993155138,-0.07478276,31.984802,4.288086e-07,-1.0200857,-1.327858,23.984802,-2.284378
2023-07-02,33.07078651685394,17.53707865168539,6.540229885057471,1007.6785714285714,2.08375,0.25344798,12.54431404414658,9.380886633604575,-0.07478276,33.612396,0.00015053003,-0.84605026,-1.3689703,25.612396,-0.65678406
2023-07-03,32.95888888888889,18.366666666666667,5.816091954022989,1007.0103448275864,3.306172839506173,0.25344798,12.432416416181532,10.210474648585851,-0.07478276,35.29001,2.4758154e-05,1.1746292,-0.114314236,27.290009,1.0208282
2023-07-04,31.673626373626377,16.354945054945055,0.0,1008.7793103448274,3.045679012345679,0.25344798,11.147153900919015,8.198753036864241,-0.07478276,34.20172,3.4334747e-07,1.2838198,-1.0113969,26.201721,-0.06745911
2023-07-05,31.6032967032967,15.01868131868132,0.0,1007.6827586206896,2.195061728395062,0.25344798,11.076824230589338,6.8624893006005045,-0.07478276,32.966766,4.8528113e-07,0.7701626,0.0139726,24.966766,-1.302414
2023-07-06,31.35168539325843,16.413483146067414,7.850574712643678,1004.5586206896552,2.606172839506173,0.25344798,10.825212920551069,8.2572911279866,-0.07478276,33.803497,2.5516127e-05,0.93959314,1.0380865,25.803497,-0.46568298
2023-07-07,32.06263736263736,16.234065934065935,0.4431818181818182,1005.1379310344828,3.633333333333333,0.25344798,11.53616488993,8.077873915985121,-0.07478276,33.842377,0.0003906082,0.5883975,0.7448012,25.842377,-0.4268036
2023-07-08,30.03296703296704,14.502197802197802,0.0229885057471264,1009.4068965517243,2.67875,0.25344798,9.506494560259677,6.346005784116988,-0.07478276,32.346405,3.7471003e-05,1.9856911,1.1836973,24.346405,-1.9227753
2023-07-09,32.4,14.730769230769234,0.0,1011.5821428571428,2.22,0.25344798,11.873527527292635,6.574577212688419,-0.07478276,34.30612,3.400086e-07,1.2140961,0.6097794,26.306122,0.03694153
2023-07-10,36.86703296703297,16.057142857142857,0.0,1009.8035714285712,2.056962025316456,0.25344798,16.340560494325608,7.900950839062043,-0.07478276,38.20822,4.4455246e-07,0.40701804,-0.2506509,30.208221,3.9390411
2023-07-11,35.797777777777775,18.68555555555556,0.0,1006.4178571428572,3.612658227848102,0.25344798,15.271305305070412,10.529363537474746,-0.07478276,38.438873,7.314445e-07,1.9545313,1.4600309,30.438873,4.169693
2023-07-12,31.566304347826087,16.63478260869565,0.0,1008.6172413793104,2.9740740740740743,0.25344798,11.039831875118724,8.478590590614838,-0.07478276,34.725006,1.1238382e-06,2.0573654,0.76658565,26.725006,0.4558258
2023-07-13,33.107608695652175,16.330434782608695,0.0,1009.6206896551724,2.206172839506173,0.25344798,12.581136222944814,8.17424276452788,-0.07478276,34.280304,6.613154e-07,0.6081403,-0.1866676,26.280304,0.011123657
2023-07-14,33.979787234042554,17.08936170212766,0.0444444444444444,1005.9724137931034,3.757831325301205,0.25344798,13.453314761335193,8.933169684046847,-0.07478276,36.150604,4.2961787e-07,1.9369507,1.6242971,28.150604,1.881424
2023-07-15,28.596774193548388,16.195698924731182,0.0222222222222222,1006.4965517241378,3.709638554216868,0.25344798,8.070301720841027,8.039506906650368,-0.07478276,31.986847,3.5762785e-08,2.6182556,2.0575104,23.986847,-2.2823334
2023-07-16,31.24148936170213,13.052127659574468,0.0,1007.544827586207,2.34578313253012,0.25344798,10.715016888994768,4.895935641493654,-0.07478276,33.708557,0.0,1.1784388,0.39321434,25.708557,-0.56062317
2023-07-17,36.75851063829788,15.132978723404255,0.0,1007.1862068965517,2.324096385542169,0.25344798,16.232038165590517,6.976786705323441,-0.07478276,38.884705,9.4001484e-07,0.008966446,0.27244237,30.884705,4.6155243
2023-07-18,36.4494623655914,20.527956989247315,0.5930232558139535,1007.9241379310346,3.2204819277108427,0.25344798,15.92298989288404,12.3717649711665,-0.07478276,39.184235,1.7722572e-06,1.2420267,1.5224004,31.184235,4.9150543
2023-07-19,35.62978723404255,19.11914893617021,0.0,1007.5344827586208,3.3024096385542165,0.25344798,15.103314761335191,10.962956918089398,-0.07478276,37.9498,9.656648e-07,2.6712334,1.6366134,29.949799,3.6806183
2023-07-20,32.35106382978724,16.363829787234046,0.0,1005.348275862069,3.496341463414634,0.25344798,11.824591357079877,8.207637769153232,-0.07478276,34.9581,1.0682029e-07,2.661005,1.6632613,26.9581,0.68891907
2023-07-21,29.756989247311832,14.898924731182795,1.101123595505618,1006.3241379310348,2.52289156626506,0.25344798,9.230516774604473,6.742732713101981,-0.07478276,32.052948,5.6847927e-07,1.148976,-0.18459184,24.052948,-2.2162323
2023-07-22,31.24255319148936,14.071276595744685,0.0,1007.7758620689654,2.1795180722891563,0.25344798,10.716080718782,5.915084577663869,-0.07478276,32.948944,6.930325e-07,0.53309757,-0.09185024,24.948944,-1.3202362
2023-07-23,33.33829787234042,14.947872340425532,0.0,1005.4413793103448,3.3409638554216863,0.25344798,12.811825399633058,6.791680322344719,-0.07478276,35.346466,7.3097186e-07,1.8773657,1.4628884,27.346466,1.0772858
2023-07-24,28.69347826086957,14.56304347826087,0.0,1005.603448275862,3.8695121951219513,0.25344798,8.167005788162207,6.406851460180056,-0.07478276,32.725494,5.545715e-07,2.3420181,0.16862349,24.725494,-1.5436859
2023-07-25,29.01195652173913,12.565217391304348,0.0,1008.3310344827588,2.3292682926829267,0.25344798,8.485484049031768,4.409025373223534,-0.07478276,30.636932,8.655608e-07,0.69293404,-1.1476015,22.636932,-3.632248
2023-07-26,32.55326086956522,13.921739130434784,0.0,1008.4103448275864,1.9049382716049383,0.25344798,12.02678839685786,5.765547112353971,-0.07478276,32.61966,2.856519e-07,-1.181551,-0.9923186,24.61966,-1.6495209
2023-07-27,31.83763440860216,16.582795698924734,3.1123595505617976,1005.2517241379312,3.493827160493827,0.25344798,11.311161935894797,8.42660368084392,-0.07478276,33.586517,2.3134487e-07,1.1080314,0.9874776,25.586517,-0.68266296
2023-07-28,32.208510638297874,14.789361702127657,0.0,1006.3275862068964,2.512195121951219,0.25344798,11.682038165590512,6.633169684046843,-0.07478276,33.673218,1.8378099e-08,1.7405955,1.2774464,25.673218,-0.5959625
2023-07-29,33.06276595744681,16.627659574468087,0.0,1006.8793103448274,3.159756097560976,0.25344798,12.536293484739446,8.471467556387273,-0.07478276,35.217926,6.7748766e-07,1.9501814,0.9246836,27.217926,0.9487457
2023-07-30,34.30744680851065,17.24148936170213,0.0,1008.9827586206898,2.5365853658536586,0.25344798,13.780974335803286,9.085297343621315,-0.07478276,36.182343,7.144116e-08,1.1265227,0.19455953,28.182343,1.9131622
2023-07-31,34.55106382978723,17.011702127659575,0.0,1008.1413793103447,2.697560975609756,0.25344798,14.02459135707987,8.855510109578761,-0.07478276,36.38263,4.261732e-07,0.4617087,-0.5161336,28.38263,2.113449
2023-08-01,33.68723404255319,16.398936170212767,0.0,1006.9448275862068,2.569512195121951,0.25344798,13.160761569845832,8.242744152131953,-0.07478276,34.981384,1.055661e-06,0.9159762,-1.3224448,26.981384,1.4046097
2023-08-02,32.12872340425532,17.5,0.0,1004.4965517241378,4.1170731707317065,0.25344798,11.602250931547957,9.343807981919186,-0.07478276,35.41983,7.4879136e-07,1.9008127,-0.81071943,27.41983,1.8430557
2023-08-03,29.104255319148944,15.01808510638298,0.0,1007.8551724137932,3.3780487804878043,0.25344798,8.577782846441583,6.861893088302166,-0.07478276,31.068665,3.5539267e-07,1.2375889,-2.4152615,23.068665,-2.50811
2023-08-04,26.81935483870968,11.95483870967742,0.0,1013.4655172413792,3.524390243902439,0.25344798,6.2928823660023205,3.7986466915966055,-0.07478276,29.021454,2.5009118e-07,-1.5869795,-2.864827,21.021454,-4.5553207
2023-08-05,32.57021276595744,12.009574468085107,0.0,1012.0379310344828,2.1841463414634146,0.25344798,12.043740293250082,3.853382450004293,-0.07478276,33.42389,4.291534e-07,-0.46864292,-1.1396503,25.42389,-0.15288544
2023-08-06,33.925531914893625,16.261702127659575,0.0,1009.1793103448276,2.5829268292682928,0.25344798,13.399059442186264,8.105510109578761,-0.07478276,34.82675,3.5762785e-08,-1.1339086,-1.6752895,26.826752,1.2499771
2023-08-07,35.77127659574468,15.472340425531916,0.0,1008.2655172413791,2.1048780487804883,0.25344798,15.24480412303732,7.316148407451102,-0.07478276,35.59012,2.471109e-07,-1.2268344,-0.6611069,27.590118,2.0133438
2023-08-08,37.75053763440861,18.55483870967742,0.0,1006.155172413793,2.433333333333333,0.25344798,17.224065161701247,10.398646691596603,-0.07478276,38.508087,5.480053e-07,-0.029144287,0.44073606,30.508087,4.9313126
2023-08-09,37.6,20.76630434782609,0.8275862068965517,1007.7827586206896,2.8556962025316457,0.25344798,17.07352752729264,12.610112329745276,-0.07478276,40.08429,0.00016697,1.3078556,1.0583205,32.08429,6.507515
2023-08-10,35.57142857142857,18.04945054945055,0.0,1011.1500000000004,2.3530864197530867,0.25344798,15.044956098721208,9.893258531369735,-0.07478276,37.410583,2.0778398e-05,1.3824469,0.10196614,29.410583,3.833809
2023-08-11,37.07391304347827,17.655434782608694,0.0,1011.657142857143,2.1814814814814816,0.25344798,16.54744057077091,9.49924276452788,-0.07478276,37.808228,2.7256712e-07,-0.17393048,-0.32054374,29.808228,4.231453
2023-08-12,35.62222222222222,19.19,0.0,1008.8629629629628,2.33875,0.25344798,15.09574974951486,11.033807981919184,-0.07478276,37.187958,2.6871763e-07,0.67345876,0.20790727,29.187958,3.6111832
2023-08-13,34.59891304347827,17.92391304347826,0.0,1005.6586206896552,3.03,0.25344798,14.072440570770908,9.767721025397448,-0.07478276,36.855927,8.747841e-07,0.9523099,1.3680865,28.855927,3.279152
2023-08-14,33.53763440860216,16.303225806451614,0.0,1004.9241379310346,2.67,0.25344798,13.011161935894798,8.1470337883708,-0.07478276,34.600098,5.3395826e-08,1.4811821,1.4898084,26.600098,1.023323
2023-08-15,33.35913978494624,15.550537634408608,0.0,1005.596551724138,2.2395061728395054,0.25344798,12.832667312238875,7.394345616327794,-0.07478276,35.323364,0.0,1.1808268,1.0374596,27.323364,1.7465897
2023-08-16,33.469565217391306,15.918478260869568,0.0,1005.1214285714286,2.3530864197530867,0.25344798,12.943092744683945,7.762286242788754,-0.07478276,34.63861,0.0,1.2188467,1.1364454,26.63861,1.0618362
2023-08-17,33.707526881720426,16.391397849462365,0.0111111111111111,1005.0655172413794,2.679012345679012,0.25344798,13.181054409013065,8.23520583138155,-0.07478276,34.93814,0.0,1.4319954,1.1042067,26.93814,1.3613663
2023-08-18,32.48172043010753,16.612903225806452,0.0,1006.6275862068968,3.1524390243902447,0.25344798,11.955247957400168,8.456711207725638,-0.07478276,33.336212,0.0,2.2109368,1.7128404,25.336212,-0.24056244
2023-08-19,34.82065217391305,17.398913043478263,0.0,1009.1827586206898,2.365853658536585,0.25344798,14.294179701205683,9.242721025397447,-0.07478276,35.744293,0.0,1.0496515,0.6411439,27.744293,2.1675186
2023-08-20,36.86559139784946,18.416129032258063,0.0,1010.0107142857144,1.8012195121951224,0.25344798,16.339118925142103,10.259937014177252,-0.07478276,37.660065,2.1755693e-07,0.5230058,0.25440988,29.660065,4.08329
2023-08-21,38.60989010989011,20.05164835164836,0.0,1009.1296296296296,2.022222222222222,0.25344798,18.083417637182748,11.89545633356754,-0.07478276,38.880524,6.11134e-07,-0.81950253,-0.13840728,30.880524,5.303749
2023-08-22,38.79021739130435,21.59239130434783,0.0,1007.5035714285716,2.733333333333334,0.25344798,18.26374491859699,13.436199286267016,-0.07478276,38.999878,1.0728835e-07,-1.4132919,0.568243,30.999878,5.4231033
2023-08-23,37.74565217391304,22.14130434782609,0.0444444444444444,1006.737931034483,2.969135802469136,0.25344798,17.219179701205682,13.985112329745272,-0.07478276,38.345856,6.104197e-07,-1.4367803,0.7489433,30.345856,4.769081
2023-08-24,37.65824175824176,20.500000000000004,0.0,1005.9655172413794,3.0395061728395065,0.25344798,17.131769285534396,12.34380798191919,-0.07478276,38.295624,2.702969e-07,0.3184999,0.575967,30.295624,4.718849
2023-08-25,35.464835164835165,18.51208791208791,0.1235955056179775,1005.9241379310344,3.62962962962963,0.25344798,14.938362692127804,10.355895894007096,-0.07478276,37.420135,1.1319017e-06,2.3149548,0.7496504,29.420135,3.843361
2023-08-26,29.6010989010989,16.02967032967033,0.1363636363636363,1004.5689655172412,4.313750000000001,0.25344798,9.07462642839154,7.873478311589517,-0.07478276,32.749084,3.3281742e-06,3.0694911,1.7630314,24.749084,-0.8276901
2023-08-27,23.375000000000004,11.981521739130438,0.0,1010.5724137931034,4.5287500000000005,0.25344798,2.8485275272926422,3.825329721049624,-0.07478276,24.34433,7.939062e-05,0.5106309,-4.153984,16.34433,-9.232445
2023-08-28,26.83152173913044,10.47826086956522,0.0112359550561797,1012.4103448275862,2.8113924050632915,0.25344798,6.30504926642308,2.322068851484405,-0.07478276,26.863434,3.879269e-06,0.7896004,-1.5220108,18.863434,-6.7133408
2023-08-29,26.56813186813187,12.828571428571427,0.0,1008.5310344827586,2.6524999999999994,0.25344798,6.04165939542451,4.672379410490613,-0.07478276,27.247528,1.1801721e-06,-0.08500799,-2.072132,19.247528,-6.3292465
2023-08-30,27.161538461538463,12.4,0.0,1006.8428571428572,1.9800000000000004,0.25344798,6.635065988831105,4.243807981919186,-0.07478276,28.056976,6.765318e-07,-0.5609616,-1.5861658,20.056976,-5.5197983
2023-08-31,30.89782608695652,12.551086956521738,0.0,1008.4482758620692,2.14,0.25344798,10.37135361424916,4.394894938440924,-0.07478276,30.854614,7.1551405e-08,-0.1307996,0.13906376,22.854614,-2.7221603
2023-09-01,30.59450549450549,14.436263736263736,21.035714285714285,1006.0551724137932,3.2,0.42413005,10.068033021798133,6.280071718182922,0.09589931,31.41043,8.864321e-06,1.1113625,1.227847,23.41043,5.609125
2023-09-02,22.763736263736263,13.928888888888888,147.51807228915663,1005.4827586206898,3.281818181818182,,2.237263791028901,5.772696870808074,,25.756104,0.006264958,-1.6417497,0.062173765,17.756104,-0.045202255
2023-09-03,20.751685393258427,14.273033707865167,376.2168674698795,1004.7464285714284,3.47922077922078,,0.2252129205510655,6.116841689784353,,23.830048,0.02547732,-1.8946539,-0.80533665,15.830048,-1.9712582
2023-09-04,23.825,14.451136363636367,35.07142857142857,1006.1666666666669,2.6662337662337663,,3.298527527292638,6.294944345555553,,22.07309,0.013934801,-0.5166022,-0.17265148,14.07309,-3.7282162
2023-09-05,25.84666666666667,14.222222222222223,7.423529411764706,1008.732142857143,2.1102564102564108,,5.32019419395931,6.066030204141411,,26.08377,0.0007917802,-0.35223642,-0.2141908,18.08377,0.28246498
2023-09-06,27.99347826086956,15.01086956521739,0.1511627906976744,1009.4620689655172,1.9135802469135803,,7.467005788162201,6.854677547136577,,26.348389,0.003085635,-0.94449806,-0.23877533,18.348389,0.5470829
2023-09-07,28.4010752688172,17.425806451612907,8.431818181818182,1008.8689655172412,2.082716049382716,,7.874602796109841,9.269614433532093,,26.948517,0.00033293114,-0.5893593,-0.05601986,18.948517,1.1472111
2023-09-08,28.83870967741936,16.9505376344086,4.123595505617978,1007.844827586207,2.154320987654321,,8.312237204711998,8.794345616327787,,27.284454,0.00027612314,-0.5759246,-0.1656704,19.284454,1.4831486
2023-09-09,26.12688172043011,16.651612903225807,21.48314606741573,1008.1275862068966,2.5962962962962965,,5.600409247722748,8.495420885144993,,26.08902,0.0005043345,-0.7071883,0.820082,18.08902,0.287714
2023-09-10,27.81956521739131,15.030434782608696,26.91954022988505,1008.3275862068964,2.139506172839506,,7.29309274468395,6.874242764527882,,27.444061,0.0006552355,-0.41462836,0.30508268,19.444061,1.6427555
2023-09-11,24.650537634408604,14.86021505376344,4.090909090909091,1008.0827586206896,2.41358024691358,,4.1240651617012425,6.704023035682626,,24.359283,0.00033313097,0.92795944,1.2886385,16.359283,-1.4420223
2023-09-12,25.60107526881721,13.63978494623656,12.534883720930232,1008.8071428571428,1.7487499999999998,,5.0746027961098505,5.483592928155746,,24.644318,2.3857814e-05,0.47656885,-0.38793564,16.644318,-1.1569881
2023-09-13,26.996808510638296,13.341489361702129,6.177777777777778,1010.6482758620688,1.8682926829268296,,6.470336037930935,5.185297343621313,,25.763153,1.8311042e-06,-1.2770201,-1.4693112,17.763153,-0.038152695
2023-09-14,27.26129032258065,14.712903225806452,104.875,1008.5068965517244,2.0975609756097566,,6.734817849873284,6.5567112077256375,,26.634369,0.001063226,-1.1975002,-0.62843704,18.634369,0.8330631
2023-09-15,24.89677419354839,14.806521739130435,59.46067415730337,1004.4357142857144,2.1951219512195124,,4.370301720841027,6.650329721049621,,22.497406,0.010865859,-0.7285309,0.5038659,14.497406,-3.3038998
2023-09-16,20.554255319148936,14.451063829787232,63.22222222222222,1003.8896551724138,2.712345679012346,,0.0277828464415748,6.294871811706418,,23.724457,0.0022625923,-0.22341411,1.9911894,15.724457,-2.076849
2023-09-17,19.854255319148937,13.627659574468089,58.79545454545455,1006.144827586207,3.767073170731708,,-0.6722171535584245,5.471467556387273,,19.296265,0.0055488613,0.5961838,1.8534826,11.296265,-6.505041
2023-09-18,20.01170212765958,12.429787234042552,9.855555555555556,1010.9103448275864,1.6841463414634146,,-0.5147703450477827,4.273595215961739,,20.405884,0.00041777312,1.2145737,1.2823334,12.405884,-5.395422
2023-09-19,23.824175824175825,10.942391304347826,0.651685393258427,1010.5862068965516,1.3544303797468351,,3.2977033514684635,2.786199286267012,,22.994171,1.4613505e-05,-0.40240607,-0.28818068,14.994171,-2.8071346
2023-09-20,23.38279569892473,11.166666666666666,0.9775280898876404,1006.693103448276,2.982716049382716,,2.856323226217373,3.010474648585852,,23.43045,1.2756636e-06,1.0999641,1.2236366,15.43045,-2.3708553
2023-09-21,18.32765957446809,11.00531914893617,50.73333333333333,1003.9241379310344,4.030487804878049,,-2.198812898239275,2.849127130855356,,17.78476,0.0009795526,2.7561867,2.2605774,9.7847595,-8.016546
2023-09-22,19.37872340425532,8.041489361702128,0.0227272727272727,1008.9392857142856,2.6185185185185187,,-1.1477490684520395,-0.1147026563786859,,20.858154,0.000111462316,1.2243277,-1.1444908,12.858154,-4.9431515
2023-09-23,22.83440860215053,7.504301075268817,0.0,1013.539285714286,1.2222222222222223,,2.307936129443174,-0.6518909428119972,,21.400421,1.2516976e-07,-0.44939741,-0.67932814,13.400421,-4.4008846
2023-09-24,26.70217391304348,9.4,0.0,1013.9035714285716,1.5567901234567902,,6.17570144033612,1.2438079819191863,,25.365417,0.0,-0.44858423,-0.83237594,17.365417,-0.4358883
2023-09-25,28.51195652173913,10.891304347826088,0.0,1012.5500000000002,1.512345679012346,,7.985484049031768,2.7351123297452737,,27.100708,4.618977e-07,-0.3873202,-0.7891936,19.100708,1.2994022
2023-09-26,28.526881720430108,12.201075268817208,0.0,1012.144827586207,1.3731707317073167,,8.000409247722747,4.044883250736394,,27.22348,2.4909298e-07,-0.7151343,-0.6536183,19.22348,1.4221745
2023-09-27,27.880851063829788,13.38617021276596,0.0,1011.5586206896552,2.057831325301205,,7.354378591122426,5.229978194685145,,27.322296,1.7757218e-08,-0.23931186,-0.07525456,19.322296,1.5209904
2023-09-28,28.55744680851064,12.348936170212763,0.0,1012.7586206896552,1.702409638554217,,8.030974335803272,4.192744152131951,,28.17331,0.0,0.23239708,0.221891,20.17331,2.3720036
2023-09-29,30.59468085106383,13.075531914893618,0.0,1015.3620689655172,1.413253012048193,,10.06820837835647,4.919339896812804,,30.13974,3.1962995e-07,-0.35292032,-1.0332063,22.13974,4.338434
2023-09-30,31.342553191489365,14.411702127659572,0.0,1016.2206896551726,1.7614457831325303,,10.816080718782004,6.255510109578758,,29.992767,3.929763e-07,-0.689738,-0.9532213,21.992767,4.1914616
2023-10-01,31.74210526315789,14.335789473684212,0.0,1014.8862068965516,1.6819277108433734,,11.215632790450528,6.179597455603398,,30.54306,1.8186508e-07,-0.6074066,-0.9082775,22.54306,9.267778
2023-10-02,31.088421052631585,14.107368421052632,0.0,1013.9275862068966,2.087951807228916,,10.561948579924223,5.951176402971818,,29.783417,1.8378099e-08,-0.5289281,-0.4824184,21.783417,8.508135
2023-10-03,29.809574468085103,13.10425531914894,0.0,1015.664285714286,1.5253012048192771,,9.283101995377743,4.9480633010681245,,29.601715,1.0035901e-06,-0.28499475,0.09622979,21.601715,8.326433
2023-10-04,29.203157894736844,13.289473684210526,0.0,1017.2758620689656,1.9084337349397589,,8.676685422029482,5.133281666129712,,29.019196,9.092185e-07,-0.62829906,-0.42312142,21.019196,7.7439137
2023-10-05,30.526315789473685,13.396842105263158,0.0,1016.5034482758618,1.6216867469879517,,9.999843316766324,5.240650087182344,,29.797882,4.0580824e-07,-0.6153075,-0.8226668,21.797882,8.5226
2023-10-06,30.972631578947368,13.698947368421056,0.0,1016.2724137931036,1.9469879518072288,,10.446159106240009,5.542755350340242,,30.470581,7.127722e-08,-0.963006,-1.1558565,22.470581,9.195299
2023-10-07,30.55,13.18191489361702,0.0,1016.151724137931,1.8240963855421688,,10.023527527292636,5.025722875536207,,29.882812,0.0,-0.75220174,-1.0428281,21.882812,8.607531
2023-10-08,30.411702127659574,12.747872340425532,0.0,1016.693103448276,1.4120481927710844,,9.885229654952212,4.591680322344718,,29.822174,1.0729904e-07,-0.19102542,-0.66883785,21.822174,8.546892
2023-10-09,29.130851063829784,12.322340425531914,0.0,1016.803448275862,1.5144578313253014,,8.604378591122423,4.1661484074511,,28.491669,3.55398e-07,-0.26558557,-0.40345573,20.491669,7.216387
2023-10-10,28.20526315789474,11.08315789473684,0.0,1015.1551724137933,1.3915662650602412,,7.67879068518738,2.926965876656027,,27.437042,7.5238034e-07,-0.25429282,-0.31848016,19.437042,6.1617603
2023-10-11,27.954736842105262,10.625263157894738,0.0434782608695652,1014.296551724138,1.408433734939759,,7.428264369397901,2.469071139813924,,27.053864,7.203387e-08,-0.110669374,-0.14333498,19.053864,5.7785816
2023-10-12,28.331578947368424,11.44,0.0,1013.6241379310344,1.5530120481927712,,7.805106474661063,3.283807981919187,,27.14569,1.4205771e-07,-0.34078193,-0.4269282,19.14569,5.870409
2023-10-13,24.71170212765958,12.177659574468086,22.33695652173913,1012.8965517241378,2.197590361445783,,4.18522965495222,4.021467556387272,,26.158539,1.1476449e-06,0.32053375,0.07719485,18.158539,4.883257
2023-10-14,21.66526315789473,12.24421052631579,2.4456521739130435,1014.0,1.3626506024096383,,1.1387906851873737,4.088018508234976,,21.68161,0.0024891526,0.34558997,0.21078937,13.68161,0.4063282
2023-10-15,20.28315789473685,10.362105263157895,32.608695652173914,1010.8413793103448,1.635714285714286,,-0.2433145779705157,2.205913245077081,,20.716858,0.0006058721,0.54399043,0.2729604,12.716858,-0.558424
2023-10-16,19.343010752688173,12.96774193548387,6.450549450549451,1004.9714285714288,1.975903614457832,,-1.1834617200191886,4.811549917403056,,19.678497,0.00051232846,0.7445595,1.0209364,11.678497,-1.5967846
2023-10-17,21.601075268817205,14.9,137.438202247191,998.7535714285716,5.532926829268293,,1.0746027961098434,6.743807981919186,,23.586914,0.00044925674,0.54759663,2.982895,15.586914,2.3116322
2023-10-18,19.795652173913048,13.788043478260873,141.3068181818182,998.6750000000002,4.835365853658536,,-0.7308202987943133,5.631851460180059,,20.104767,0.000794174,3.7143357,3.5245278,12.104767,-1.1705151
2023-10-19,15.875,9.909782608695652,500.3863636363636,989.8821428571428,4.032098765432099,,-4.651472472707361,1.753590590614838,,17.672974,0.019115,2.807832,4.4885573,9.672974,-3.6023083
2023-10-20,14.31195652173913,7.939130434782609,8.887640449438202,993.4642857142856,5.503658536585366,,-6.214515950968231,-0.2170615832982054,,16.72519,0.0020971273,3.685733,1.2622026,8.725189,-4.5500927
2023-10-21,14.647311827956988,5.850537634408602,0.9772727272727272,1002.8178571428572,2.070731707317073,,-5.879160644750375,-2.305654383672212,,15.317169,3.583315e-05,1.2776171,1.117333,7.317169,-5.9581127
2023-10-22,15.093478260869569,7.891304347826088,174.0,998.2892857142858,2.8666666666666667,,-5.432994211837794,-0.2648876702547262,,17.33017,0.004192671,-2.0653884,-0.20582576,9.33017,-3.9451122
2023-10-23,13.344565217391308,8.110869565217394,50.12643678160919,1000.7428571428572,2.193827160493828,,-7.1819072553160535,-0.0453224528634201,,16.115387,0.001957196,1.9005032,2.1322267,8.115387,-5.159895
2023-10-24,13.095652173913043,5.982608695652174,86.70930232558139,1007.685714285714,3.607407407407407,,-7.430820298794316,-2.17358332242864,,13.218842,0.0003496717,2.7634094,2.3852637,5.2188416,-8.05644
2023-10-25,16.860869565217392,11.10108695652174,24.477272727272727,1006.925,4.128395061728395,,-3.665602907489969,2.9448949384409246,,18.261871,0.00024481575,2.9534314,2.3669755,10.261871,-3.0134106
2023-10-26,17.593406593406595,9.39,92.33333333333331,1002.1481481481484,5.768354430379747,,-2.9330658793007665,1.2338079819191865,,17.638214,0.002191055,3.4309368,2.8747346,9.638214,-3.6370678
2023-10-27,14.397752808988765,8.059550561797753,21.435294117647057,1004.2185185185187,4.280519480519481,,-6.128719663718597,-0.096641456283061,,15.539032,0.00163622,2.9287364,1.9645785,7.539032,-5.73625
2023-10-28,15.994505494505493,10.052747252747254,62.39080459770115,1001.8333333333336,4.720253164556961,,-4.531966978201869,1.8965552346664405,,15.557037,0.00034782058,2.904689,3.16063,7.5570374,-5.7182446
2023-10-29,15.340659340659345,11.246153846153849,237.5287356321839,997.9407407407408,4.294936708860759,,-5.185813132048018,3.0899618280730348,,16.26065,0.0017538663,2.22803,4.025662,8.260651,-5.0146313
2023-10-30,13.603296703296705,6.735555555555556,8.705882352941176,1002.5592592592592,3.764556962025316,,-6.923175769410657,-1.420636462525258,,14.465485,0.0072047208,2.124522,2.3317664,6.4654846,-6.8097973
2023-10-31,13.760869565217394,5.273913043478261,11.873563218390805,1010.489285714286,1.5839506172839508,,-6.765602907489967,-2.882278974602553,,13.365936,0.00041062734,0.35312143,0.8722369,5.3659363,-7.9093456
2023-11-01,14.857608695652177,7.944565217391306,92.1046511627907,1006.1214285714286,4.94567901234568,,-5.668863777055186,-0.2116268006895083,,14.022919,0.0013537264,2.5840187,3.1786833,6.0229187,-0.70741653
2023-11-02,15.115555555555554,5.608888888888889,85.5,998.7035714285716,7.44,,-5.410916917151807,-2.547303129191925,,14.939941,0.005555853,4.8581843,2.776776,6.9399414,0.20960617
2023-11-03,11.793406593406594,5.952747252747252,35.49425287356322,1002.6428571428572,5.45875,,-8.733065879300767,-2.203444765333562,,13.317749,0.0007668088,3.8117192,1.7569422,5.317749,-1.4125862
2023-11-04,14.90989010989011,8.161538461538463,82.25,995.9428571428572,7.297499999999999,,-5.616582362817251,0.0053464434576486,,14.053375,0.0002891679,4.150825,4.041411,6.0533752,-0.67696
2023-11-05,12.764835164835166,6.396703296703297,5.295454545454546,1003.475,4.318518518518519,,-7.761637307872196,-1.759488721377517,,13.2258,0.00015893266,3.2205238,2.244501,5.2257996,-1.5045357
2023-11-06,11.57912087912088,3.352747252747253,1.7159090909090908,1012.9571428571428,2.678481012658228,,-8.947351593586482,-4.803444765333561,,12.264038,4.3949884e-05,1.7306417,0.72122806,4.264038,-2.4662971
2023-11-07,10.155555555555557,1.01,9.023255813953488,1018.5,2.320253164556962,,-10.370916917151805,-7.146192018080814,,11.821838,2.4220719e-05,1.428531,0.8969822,3.8218384,-2.9084969
2023-11-08,11.848351648351647,3.3417582417582428,48.98823529411764,1016.1321428571428,2.440506329113924,,-8.678120824355712,-4.814433776322572,,12.869293,0.00020460521,1.027326,1.487966,4.869293,-1.861042
2023-11-09,14.303296703296702,7.380219780219781,0.2823529411764706,1011.7407407407408,2.8862500000000004,,-6.223175769410659,-0.7759722378610334,,15.677948,0.0005902334,2.1089427,1.1406593,7.677948,0.94761276
2023-11-10,14.08131868131868,6.609890109890111,31.376470588235293,1012.077777777778,3.225,,-6.445153791388682,-1.5463019081907028,,14.258453,0.0001957933,2.0836766,1.1806841,6.2584534,-0.47188187
2023-11-11,16.666666666666668,11.429999999999998,8.416666666666666,1010.5370370370372,4.741772151898735,,-3.8598058060406935,3.273807981919184,,17.153748,8.026374e-05,3.0359986,2.5386677,9.153748,2.4234123
2023-11-12,17.903333333333332,11.52,8.741176470588234,1014.1,2.832911392405064,,-2.623139139374029,3.363807981919188,,18.856476,1.8527731e-05,2.0366678,1.7067553,10.856476,4.1261406
2023-11-13,18.22222222222222,9.733333333333333,0.2976190476190476,1017.5888888888888,2.112658227848101,,-2.30425025048514,1.5771413152525184,,18.452179,0.00010696411,1.4568882,1.4619641,10.452179,3.7218437
2023-11-14,17.594505494505494,8.002197802197802,0.3529411764705882,1019.1000000000004,1.87625,,-2.931966978201867,-0.1539942158830118,,17.459198,4.3943466e-05,0.38840738,0.7880052,9.459198,2.7288628
2023-11-15,17.388172043010755,8.938709677419356,0.5,1018.8785714285716,1.2585365853658534,,-3.1383004296966064,0.7825176593385414,,16.7742,1.7108023e-05,-0.39320084,-0.018762032,8.7742,2.0438652
2023-11-16,16.773118279569893,9.678494623655917,0.8837209302325582,1018.7607142857142,1.9134146341463416,,-3.753354193137469,1.522302605575101,,17.965973,2.4628307e-05,0.1254921,0.6070811,9.965973,3.2356377
2023-11-17,16.650537634408604,8.149462365591397,0.4827586206896552,1020.0,1.373170731707317,,-3.8759348382987575,-0.0067296524894171,,16.890594,2.3831826e-05,-0.114788055,0.043937046,8.8905945,2.1602592
2023-11-18,19.60326086956522,6.425,0.2528735632183908,1019.7928571428572,1.1365853658536589,,-0.9232116031421428,-1.7311920180808142,,17.58374,1.0682023e-05,-0.4845511,-0.52728975,9.58374,2.853405
2023-11-19,19.04731182795699,6.3311827956989255,0.3707865168539326,1016.7642857142856,0.9585365853658536,,-1.4791606447503725,-1.8250092223818888,,18.899323,1.4404192e-06,-0.40250632,-0.63992566,10.8993225,4.1689873
2023-11-20,15.43978494623656,5.746236559139785,1.348314606741573,1015.2964285714286,1.329268292682927,,-5.086687526470801,-2.409955458941029,,18.404816,2.5923592e-07,0.30704626,-0.63543403,10.404816,3.6744804
2023-11-21,11.889247311827956,3.964516129032258,0.3636363636363636,1017.482142857143,2.714814814814815,,-8.637225160879407,-4.191675889048556,,12.473297,9.857197e-06,-0.048599046,-2.8179283,4.473297,-2.257038
2023-11-22,12.410752688172046,2.772043010752688,0.2808988764044944,1019.0571428571428,3.888888888888889,,-8.115719784535315,-5.384149007328126,,13.182159,4.10676e-06,-0.5883438,-3.1244214,5.1821594,-1.5481758
2023-11-23,13.325806451612904,0.981720430107527,0.0444444444444444,1019.5964285714286,2.0646341463414632,,-7.200666021094456,-7.174471587973287,,13.91983,5.6611987e-07,-0.62479144,-1.2828884,5.9198303,-0.8105049
2023-11-24,14.933333333333334,0.2172043010752687,0.0222222222222222,1014.339285714286,1.2109756097560975,,-5.593139139374028,-7.938987717005546,,15.446136,6.039937e-07,0.1420211,-0.42710558,7.4461365,0.71580124
2023-11-25,15.816129032258068,1.210752688172043,0.1123595505617977,1011.2071428571428,1.0876543209876544,,-4.710343440449293,-6.945439329908771,,15.424683,3.5514432e-08,-0.19333012,-0.33957794,7.4246826,0.6943474
2023-11-26,15.03010752688172,1.79247311827957,0.0666666666666666,1011.65,1.0518518518518518,,-5.496364945825642,-6.363718899801244,,14.669281,2.6809673e-07,0.06758237,0.2274193,6.669281,-0.06105423
2023-11-27,12.335483870967744,2.987096774193549,6.573033707865169,1011.339285714286,2.497530864197531,,-8.190988601739617,-5.1690952438872655,,15.055634,7.137692e-08,1.3158379,1.1916062,7.0556335,0.3252983
2023-11-28,12.45698924731183,7.089247311827957,28.30337078651685,1007.8285714285714,2.207317073170732,,-8.069483225395532,-1.0669447062528574,,13.743469,0.00030725717,1.6336123,1.6825129,5.743469,-0.986866
2023-11-29,14.69677419354839,9.284946236559142,29.06896551724138,1002.0285714285716,3.4432098765432104,,-5.829698279158972,1.1287542184783277,,14.311737,0.00036834404,2.1745288,2.6659791,6.311737,-0.41859818
2023-11-30,14.208791208791208,8.524175824175824,435.78823529411767,995.3607142857144,4.0475,,-6.317681263916153,0.36798380609501,,14.361664,0.0019758279,2.6147606,4.4183254,6.361664,-0.36867142
2023-12-01,10.13956043956044,2.863736263736264,5.080459770114943,999.2071428571428,3.573076923076923,,-10.386912033146922,-5.29245575434455,,13.37381,0.0150586255,2.4069843,0.25238416,5.37381,2.1815233
2023-12-02,9.007608695652175,0.3315217391304347,0.735632183908046,1011.8857142857144,1.7443037974683546,,-11.518863777055186,-7.8246702789503795,,9.935577,0.0006950779,1.1935526,0.06009837,1.9355774,-1.2567091
2023-12-03,8.40769230769231,-1.0703296703296703,30.379310344827587,1014.1370370370372,2.1240506329113926,,-12.118780165015052,-9.226521688410484,,9.043671,5.439793e-05,0.34945107,0.81687504,1.0436707,-2.1486158
2023-12-04,10.496774193548388,3.382795698924732,3.4942528735632186,1011.8137931034482,3.45875,,-10.029698279158971,-4.773396319156083,,10.295898,0.0018863451,1.479793,1.7786714,2.2958984,-0.89638805
2023-12-05,7.781521739130435,0.9347826086956522,1.75,1012.5678571428574,1.6525000000000003,,-12.744950733576928,-7.221409409385162,,8.530853,8.891823e-05,-0.588295,-1.1901022,0.5308533,-2.6614332
2023-12-06,9.060869565217391,0.6206521739130435,3.272727272727273,1012.5758620689656,0.9864197530864196,,-11.46560290748997,-7.53553984416777,,11.149567,2.433856e-08,-0.26365915,-0.109778084,3.1495667,-0.04271984
2023-12-07,9.671739130434782,2.6119565217391307,147.04545454545453,1013.2620689655172,2.4827160493827165,,-10.85473334227258,-5.544235496341683,,9.334503,0.0026958194,0.58600426,1.1433328,1.3345032,-1.8577833
2023-12-08,10.82717391304348,4.67608695652174,1.0909090909090908,1015.4724137931034,3.607407407407407,,-9.699298559663882,-3.4801050615590743,,11.504761,0.0015444724,2.2149963,-0.36889777,3.5047607,0.31247425
2023-12-09,13.291304347826088,5.503260869565218,3.897727272727273,1019.3448275862072,3.2475,,-7.235168124881273,-2.652931148515596,,12.820831,5.199706e-05,1.3103701,1.4861103,4.8208313,1.6285448
2023-12-10,13.485869565217389,8.879347826086958,1.3409090909090908,1019.9655172413794,2.0425000000000004,,-7.040602907489973,0.723155808006144,,12.691559,0.0002170364,0.7547183,1.3571538,4.691559,1.4992723
2023-12-11,14.480219780219784,7.413186813186813,0.1590909090909091,1016.4857142857144,1.8237500000000004,,-6.0462526924875775,-0.7430052048940006,,12.9652405,0.00027037368,0.35017076,1.1872231,4.9652405,1.772954
2023-12-12,13.616129032258064,6.87956989247312,53.056179775280896,1012.0241379310346,3.202439024390244,,-6.910343440449298,-1.2766221256076946,,13.46228,0.00016559183,1.4548613,1.6600647,5.4622803,2.2699938
2023-12-13,10.505494505494507,3.550549450549451,0.3181818181818182,1013.5571428571428,4.038271604938273,,-10.020977967212854,-4.605642567531364,,11.533051,0.0018026619,2.5351784,-0.6800804,3.5330505,0.34076405
2023-12-14,10.469565217391304,0.7206521739130435,0.1477272727272727,1022.9642857142856,2.091358024691357,,-10.056907255316055,-7.435539844167771,,10.2152405,8.350785e-05,0.51447994,-1.1990261,2.2152405,-0.977046
2023-12-15,12.48172043010753,0.8537634408602149,0.1573033707865168,1030.1275862068967,2.2765432098765435,,-8.044752042599832,-7.302428577220599,,12.105011,9.274732e-07,-1.1070156,-1.8913637,4.105011,0.9127245
2023-12-16,11.302150537634413,-0.1419354838709677,0.3146067415730337,1030.7655172413797,1.2451219512195124,,-9.22432193507295,-8.298127501951782,,12.633331,4.6193597e-07,-0.6161869,-0.8744886,4.6333313,1.4410448
2023-12-17,10.75268817204301,-0.4569892473118279,0.3595505617977528,1030.9206896551725,1.1402439024390243,,-9.773784300664351,-8.613181265392642,,11.610138,8.5532673e-07,-0.6996613,-0.8608861,3.610138,0.41785145
2023-12-18,10.42043010752688,-0.9021505376344088,0.3181818181818182,1030.4172413793106,0.945121951219512,,-10.10604236518048,-9.058342555715225,,11.110626,3.9214888e-07,-0.3890063,-0.39768496,3.1106262,-0.08166027
2023-12-19,10.4468085106383,-1.4180851063829785,3.044943820224719,1027.1866666666667,1.1853658536585363,,-10.079663962069064,-9.574277124463793,,10.935608,7.1028865e-08,-0.088835634,-0.115609445,2.935608,-0.25667858
2023-12-20,10.047872340425531,-0.1457446808510638,2.238636363636364,1025.2666666666669,2.8914634146341465,,-10.478600132281828,-8.301936698931877,,10.411255,0.000100651196,-0.32387856,-2.0141556,2.411255,-0.7810316
2023-12-21,11.508602150537634,0.2483870967741935,0.1704545454545454,1025.4166666666667,1.890123456790124,,-9.017870322169728,-7.907804921306621,,11.951324,6.2445797e-06,0.23358066,-0.9346778,3.9513245,0.759038
2023-12-22,12.871276595744682,0.3851063829787234,0.1685393258426966,1024.35,1.942682926829268,,-7.655195876962679,-7.77108563510209,,13.088806,6.046767e-07,-0.29244804,-1.1696587,5.088806,1.8965197
2023-12-23,11.531914893617024,-0.2680851063829786,0.2840909090909091,1022.096551724138,1.353012048192771,,-8.994557579090337,-8.424277124463792,,12.575531,8.92837e-07,-0.50277585,-1.145471,4.575531,1.3832445
2023-12-24,9.53978494623656,-0.5881720430107528,0.3707865168539326,1020.0035714285716,1.028048780487805,,-10.9866875264708,-8.744364061091566,,11.184723,7.7199e-07,-0.25373968,-0.23564823,3.184723,-0.007563591
2023-12-25,9.046808510638298,-1.6744680851063831,0.4044943820224719,1018.9482758620692,0.89,,-11.479663962069065,-9.830660103187196,,9.631622,2.3134619e-07,-0.31777862,-0.15558894,1.6316223,-1.5606642
2023-12-26,7.903191489361703,-2.127659574468085,0.6590909090909091,1019.4966666666666,1.045679012345679,,-12.62328098334566,-10.2838515925489,,9.0711975,1.4686967e-06,-0.48321792,-0.27304855,1.0711975,-2.121089
2023-12-27,8.95108695652174,-1.9840425531914887,0.3258426966292135,1019.3344827586208,1.3012658227848102,,-11.57538551618562,-10.140234571272304,,8.495239,2.8510883e-07,-0.6828411,-0.12214025,0.49523926,-2.6970472
2023-12-28,9.513684210526316,-0.0157894736842105,0.2022471910112359,1020.9333333333336,1.2414634146341463,,-11.012788262181044,-8.171981491765024,,8.5047,3.551443e-08,-0.7011077,-0.36287752,0.5046997,-2.6875868
2023-12-29,9.502105263157896,2.5010526315789474,3.125,1018.71,1.0132530120481926,,-11.024367209549466,-5.655139386501867,,8.088318,0.00025151868,-0.6376031,-0.45669937,0.08831787,-3.1039686
2023-12-30,12.387368421052631,1.2789473684210528,1.9222222222222225,1015.0566666666668,1.898795180722892,,-8.139104051654728,-6.877244649659762,,9.5364685,2.9399494e-05,0.067798615,0.3663114,1.5364685,-1.655818
2023-12-31,9.355789473684212,3.185263157894737,3.4831460674157304,1013.3166666666668,3.3409638554216867,,-11.17068299902315,-4.970928860186077,,9.857147,6.022379e-05,1.7849337,1.705369,1.8571472,-1.3351393
2024-01-01,10.10744680851064,0.776595744680851,0.1136363636363636,1016.0600000000002,1.6317073170731708,,-10.419025664196722,-7.379596273399963,,9.767975,3.490705e-05,0.53804845,0.66040516,1.7679749,-0.41518402
2024-01-02,10.92021276595745,2.5659574468085107,83.4659090909091,1015.1933333333332,3.1682926829268294,,-9.606259706749912,-5.590234571272303,,9.810211,8.606054e-05,1.1473986,1.8945312,1.8102112,-0.3729477
2024-01-03,12.332631578947368,6.704210526315789,19.56179775280899,1013.42,2.8457831325301206,,-8.193840893759994,-1.4519814917650251,,11.767761,0.0012387746,1.6835842,1.8142929,3.7677612,1.5846024
2024-01-04,10.385263157894736,5.502105263157895,78.62222222222222,1008.6206896551724,1.7390243902439029,,-10.141209314812624,-2.6540867549229192,,10.643707,0.00085948623,1.0972334,1.1861907,2.6437073,0.4605484
2024-01-05,7.773958333333335,2.3468750000000003,5.622222222222222,1006.9166666666669,3.986746987951807,,-12.752514139374023,-5.809317018080813,,8.860474,0.0009447623,2.4921334,-0.6192414,0.86047363,-1.3226852
2024-01-06,8.06875,0.1572916666666666,1.2222222222222223,1014.3466666666668,2.443209876543209,,-12.457722472707362,-7.9989003514141475,,8.459564,4.2783737e-05,1.8859577,-0.757354,0.4595642,-1.7235947
2024-01-07,8.341666666666667,-1.4312500000000004,0.8222222222222222,1018.26,1.554878048780488,,-12.184805806040696,-9.587442018080814,,8.6441345,2.5307142e-07,0.50220174,-1.310103,0.6441345,-1.5390244
2024-01-08,7.072916666666668,-2.998958333333334,4.333333333333333,1016.4166666666669,1.1365853658536584,,-13.453555806040692,-11.155150351414148,,7.650421,5.1132097e-06,-0.1272564,0.12964869,-0.34957886,-2.5327377
2024-01-09,6.955208333333332,1.7937500000000004,9.122222222222222,1013.8466666666668,1.0481927710843373,,-13.57126413937403,-6.362442018080814,,8.534515,5.6646062e-05,-0.42432404,0.028659662,0.5345154,-1.6486435
2024-01-10,7.010416666666667,2.877083333333333,34.86666666666667,1013.9266666666666,2.7807228915662647,,-13.516055806040692,-5.279108684747481,,7.8749084,0.0010615758,1.4365559,0.908505,-0.12509155,-2.3082504
2024-01-11,7.303125000000001,-0.2447916666666667,1.6111111111111112,1016.8966666666668,1.8475609756097564,,-13.22334747270736,-8.40098368474748,,7.9396973,0.00016358953,-0.6542244,-1.2491318,-0.060302734,-2.2434616
2024-01-12,7.434375,-2.5385416666666667,0.4222222222222222,1020.4533333333336,2.1853658536585363,,-13.092097472707362,-10.69473368474748,,7.7467957,7.711351e-07,-1.2062111,-1.3373548,-0.25320435,-2.4363632
2024-01-13,10.928125,1.4031250000000002,19.77777777777778,1018.7566666666668,2.042168674698796,,-9.59834747270736,-6.753067018080814,,11.2500305,0.00010032393,-0.6753203,-0.54090655,3.2500305,1.0668716
2024-01-14,10.989473684210523,5.589473684210527,105.41111111111113,1013.8833333333332,2.6,,-9.536998788496838,-2.566718333870287,,11.741913,0.0010690478,0.6294594,0.7371457,3.7419128,1.558754
2024-01-15,13.29263157894737,8.814736842105264,110.42222222222222,1008.85,3.27710843373494,,-7.233840893759991,0.6585448240244496,,13.028168,0.0065782587,1.9684979,1.486426,5.0281677,2.8450089
2024-01-16,14.361702127659573,10.05957446808511,209.3033707865169,1003.5533333333332,4.064634146341464,,-6.164770345047788,1.903382450004296,,13.952911,0.0014471608,1.78711,2.824324,5.9529114,3.7697525
2024-01-17,12.146808510638298,7.913829787234042,91.03370786516854,997.9166666666669,5.65,,-8.379663962069063,-0.2423622308467719,,12.001831,0.0048945905,3.1031134,4.235449,4.001831,1.8186722
2024-01-18,12.834042553191487,8.013829787234043,134.2,1002.75,3.8536585365853657,,-7.692429919515874,-0.1423622308467713,,13.695099,0.0010390576,2.7006214,2.5180352,5.695099,3.51194
2024-01-19,8.713684210526317,0.8989473684210525,157.5,1005.87,3.9296296296296296,,-11.812788262181044,-7.257244649659762,,8.7352295,0.019101946,-1.7186931,-2.8773715,0.7352295,-1.4479294
2024-01-20,8.80842105263158,-1.3726315789473684,7.741573033707865,1018.7566666666668,1.4597560975609758,,-11.71805142007578,-9.528823597028182,,9.736053,0.0013042552,-0.49658132,-1.2177497,1.7360535,-0.4471054
2024-01-21,11.777894736842104,-0.2084210526315789,1.3370786516853932,1027.4633333333334,1.1926829268292682,,-8.748577735865256,-8.364613070712393,,11.44046,1.075926e-05,0.23916717,0.28292254,3.4404602,1.2573013
2024-01-22,12.495789473684212,1.5663157894736843,0.9318181818181818,1039.2035714285714,2.0301204819277108,,-8.03068299902315,-6.58987622860713,,13.424072,3.3793976e-06,0.015153368,0.85690355,5.4240723,3.2409134
2024-01-23,16.16021505376344,4.839784946236559,0.4318181818181818,1039.96,1.197530864197531,,-4.3662574189439205,-3.316407071844255,,14.870148,1.993201e-06,-0.6754188,-0.3621887,6.8701477,4.686989
2024-01-24,17.934042553191492,4.829787234042553,0.4827586206896552,1039.45,1.278048780487805,,-2.592429919515869,-3.326404784038261,,17.205658,1.2765328e-07,-0.51921374,-0.5854352,9.205658,7.022499
2024-01-25,18.23894736842105,4.73263157894737,0.3908045977011494,1028.426666666667,1.0795180722891566,,-2.2875251042863063,-3.4235604391334444,,17.636627,3.9065878e-07,-0.6423607,-0.5741215,9.636627,7.4534683
2024-01-26,18.229473684210525,4.720000000000001,0.1477272727272727,1026.19,1.0771084337349397,,-2.296998788496836,-3.436192018080813,,18.938385,3.5514432e-08,-0.64246434,-1.012771,10.938385,8.755226
2024-01-27,17.96,5.322105263157896,0.1149425287356321,1022.8833333333332,1.4,,-2.5664724727073605,-2.834086754922918,,17.3591,0.0,-0.94886464,-1.1083049,9.3591,7.1759415
2024-01-28,17.304210526315792,4.814736842105264,0.0909090909090909,1021.3,1.713253012048193,,-3.222261946391569,-3.3414551759755504,,16.064117,1.0877846e-07,-0.8451163,-0.7882271,8.064117,5.8809586
2024-01-29,15.458947368421054,5.224210526315789,0.0674157303370786,1022.7066666666666,1.4301204819277111,,-5.067525104286307,-2.9319814917650246,,14.885468,6.437922e-07,-0.98535115,-0.7770179,6.8854675,4.7023087
2024-01-30,15.072631578947368,3.193684210526316,0.1348314606741573,1025.8733333333334,1.346987951807229,,-5.453840893759994,-4.962507807554498,,14.60318,7.048248e-07,-0.66406566,-0.5182724,6.60318,4.420021
2024-01-31,13.535789473684211,2.573684210526316,0.2159090909090909,1028.97,1.413253012048193,,-6.99068299902315,-5.5825078075544985,,13.275391,3.9463237e-07,-0.6072655,-0.46483803,5.2753906,3.0922318
2024-02-01,16.260638297872337,1.974468085106383,0.1123595505617977,1029.3137931034482,1.6337349397590362,,-4.265834174835025,-6.181723932974431,,17.122223,9.1933674e-07,-0.6638531,-1.2907515,9.122223,3.0745306
2024-02-02,15.47578947368421,2.791578947368421,0.0224719101123595,1026.41,1.8156626506024096,,-5.050682999023151,-5.364613070712393,,14.861847,6.406997e-07,-1.3423959,-1.4677219,6.861847,0.8141546
2024-02-03,16.218749999999996,2.691666666666667,0.0449438202247191,1025.9666666666667,1.4710843373493976,,-4.307722472707365,-5.464525351414148,,14.911835,1.1082064e-06,-0.9724064,-1.0774606,6.9118347,0.8641424
2024-02-04,17.335416666666664,1.8989583333333333,0.0,1025.6133333333337,1.1951807228915663,,-3.1910558060406977,-6.25723368474748,,16.320679,1.4298233e-07,-0.16523719,-0.5543944,8.320679,2.2729864
2024-02-05,15.690526315789477,2.0414893617021272,0.0224719101123595,1023.78,1.0407407407407407,,-4.835946156917887,-6.114702656378687,,14.811066,7.152557e-08,0.03426389,-0.15493338,6.8110657,0.7633734
2024-02-06,14.982105263157896,3.7242105263157903,0.8089887640449438,1020.6233333333332,1.8975609756097565,,-5.544367209549465,-4.431981491765024,,15.634186,4.099433e-06,0.6060416,0.23728442,7.634186,1.5864935
2024-02-07,11.672631578947373,2.974736842105263,1.056818181818182,1017.4566666666668,2.6637499999999994,,-8.85384089375999,-5.181455175975551,,12.695892,1.1607998e-05,1.7696463,1.3971376,4.6958923,-1.3518
2024-02-08,11.340000000000002,6.657894736842105,200.8314606741573,1003.3266666666668,5.331325301204819,,-9.18647247270736,-1.4982972812387088,,12.828613,0.00048177116,1.5761948,3.357998,4.8286133,-1.219079
2024-02-09,11.063541666666666,6.310416666666666,127.3258426966292,987.38,4.127710843373493,,-9.462930806040696,-1.845775351414148,,11.533478,0.008642544,2.0662434,3.5657682,3.5334778,-2.5142145
2024-02-10,8.55625,2.504166666666667,15.0,994.4600000000004,4.977108433734939,,-11.97022247270736,-5.652025351414148,,9.875397,0.0022081714,3.6019008,0.3284906,1.8753967,-4.1722956
2024-02-11,7.965625,1.6473684210526316,37.39772727272727,1005.2766666666666,3.0566265060240965,,-12.560847472707362,-6.508823597028183,,6.3693237,0.0015933238,1.664184,1.6830138,-1.6306763,-7.6783686
2024-02-12,14.710416666666667,6.060416666666666,3.426966292134832,1008.2166666666668,4.084337349397591,,-5.816055806040694,-2.095775351414148,,15.657501,0.00020469386,2.086502,1.1139436,7.657501,1.6098089
2024-02-13,15.480208333333332,7.820833333333333,9.034090909090908,1016.3,2.020481927710844,,-5.0462641393740295,-0.3353586847474812,,15.40332,3.587489e-05,1.1730684,1.02629,7.4033203,1.355628
2024-02-14,17.702127659574472,8.127368421052633,0.3181818181818182,1015.3321428571428,2.4512195121951224,,-2.824344813132889,-0.0288235970281807,,17.58496,4.7657795e-05,-0.9566509,-0.9865348,9.584961,3.5372686
2024-02-15,15.608333333333333,7.701052631578948,73.42696629213484,1010.7586206896552,3.645783132530121,,-4.918139139374029,-0.455139386501866,,16.828888,0.0015246053,0.07272466,0.2624003,8.828888,2.7811956
2024-02-16,13.752083333333331,4.675,0.5955056179775281,1018.3833333333332,2.087951807228916,,-6.774389139374028,-3.4811920180808142,,14.835785,0.000288395,1.0578611,-0.8917815,6.835785,0.7880926
2024-02-17,15.821875,2.2989583333333337,0.0674157303370786,1025.89,1.9843373493975909,,-4.704597472707363,-5.857233684747481,,15.908661,2.9211444e-06,-0.42500624,-1.0211089,7.908661,1.8609686
2024-02-18,17.32916666666667,2.386458333333333,0.0224719101123595,1029.0533333333335,1.4048192771084338,,-3.197305806040692,-5.7697336847474805,,16.745941,7.127722e-08,-0.042960327,-0.3999656,8.745941,2.6982489
2024-02-19,17.667708333333334,4.3343750000000005,0.0,1026.9166666666667,2.097590361445783,,-2.858764139374028,-3.8218170180808135,,17.291168,7.8818226e-07,-0.9562052,-1.7340174,9.291168,3.243476
2024-02-20,18.86105263157895,2.301052631578947,0.0,1023.782142857143,1.4530120481927715,,-1.6654198411284111,-5.855139386501867,,18.506592,7.8594144e-07,0.083418526,-0.38136694,10.506592,4.4588995
2024-02-21,16.048958333333335,2.9635416666666665,0.0224719101123595,1019.6766666666668,2.0590361445783136,,-4.477514139374026,-5.192650351414148,,16.73111,1.1417023e-06,0.6363742,0.638733,8.73111,2.6834173
2024-02-22,13.1625,4.011458333333334,31.752808988764045,1010.0033333333332,5.243373493975902,,-7.36397247270736,-4.1447336847474805,,13.489716,0.00053432275,2.8433888,2.031558,5.4897156,-0.5579767
2024-02-23,8.6625,2.020833333333333,8.931818181818182,1006.8333333333336,5.228915662650604,,-11.863972472707362,-6.13535868474748,,10.093536,0.00067831547,3.6556637,0.59120804,2.0935364,-3.954156
2024-02-24,9.304166666666664,1.9520833333333336,20.426966292134832,1008.3699999999998,4.548780487804877,,-11.222305806040696,-6.204108684747481,,10.362457,5.757442e-05,3.1225502,-0.40940705,2.3624573,-3.685235
2024-02-25,12.311458333333334,5.027083333333333,53.61627906976744,1004.7066666666668,7.060240963855423,,-8.215014139374027,-3.1291086847474814,,12.1875305,0.0014675468,3.848405,3.1031768,4.1875305,-1.8601618
2024-02-26,9.153191489361705,2.844680851063829,10.534090909090908,1004.0206896551726,5.331707317073171,,-11.37328098334566,-5.311511167016985,,10.554962,0.0024905049,3.132141,-1.5544481,2.5549622,-3.4927301
2024-02-27,9.72526315789474,0.6147368421052631,0.4404761904761904,1013.9566666666668,4.40246913580247,,-10.801209314812622,-7.541455175975551,,10.003784,0.00013897852,0.9616974,-4.1033683,2.0037842,-4.043908
2024-02-28,11.956842105263156,-0.1831578947368421,0.3636363636363636,1018.3666666666668,3.145783132530121,,-8.569630367444205,-8.339349912817656,,11.902069,1.3473134e-07,0.20576124,-2.8282883,3.902069,-2.1456232
2024-02-29,12.741666666666667,0.1468749999999999,1.9772727272727275,1014.25,4.33012048192771,,-7.784805806040694,-8.009317018080814,,14.740082,6.798034e-06,1.754172,-1.1051534,6.740082,0.6923895
2024-03-01,10.777083333333332,-0.5458333333333335,2.764044943820225,1012.17,3.902409638554217,,-9.74938913937403,-8.702025351414148,,12.903931,1.0396043e-06,2.478756,0.78302765,4.9039307,-2.339841
2024-03-02,8.366315789473685,1.0073684210526317,102.5681818181818,1000.8066666666668,6.023456790123458,,-12.160156683233676,-7.148823597028183,,8.085815,0.002830391,3.729678,2.940107,0.08581543,-7.157956
2024-03-03,8.441666666666668,-0.0791666666666666,22.77272727272728,1006.8066666666668,4.218292682926831,,-12.084805806040691,-8.235358684747482,,10.025299,0.0004915449,2.8513947,-0.06722335,2.025299,-5.2184725
2024-03-04,11.884375000000004,3.61875,10.617977528089888,1012.7966666666666,4.31566265060241,,-8.642097472707357,-4.537442018080814,,12.372467,0.00018492847,2.779649,1.7814708,4.372467,-2.8713045
2024-03-05,11.982291666666663,1.0208333333333337,0.8045977011494253,1017.8966666666666,1.8722891566265063,,-8.544180806040698,-7.13535868474748,,12.701294,1.691101e-05,0.9096171,-0.18191142,4.701294,-2.5424776
2024-03-06,13.967708333333333,-0.3406250000000001,1.3793103448275863,1013.5533333333332,1.9487804878048784,,-6.558764139374029,-8.496817018080813,,13.617371,3.2012665e-07,-0.65148354,-0.12478884,5.6173706,-1.626401
2024-03-07,10.322916666666666,2.2291666666666665,138.0681818181818,1003.5333333333332,4.447560975609756,,-10.203555806040695,-5.927025351414148,,13.472076,0.003111459,0.044294357,2.4291954,5.4720764,-1.7716951
2024-03-08,9.38125,2.428125,156.3068181818182,995.1933333333332,5.870731707317074,,-11.145222472707362,-5.728067018080814,,9.718048,0.0038132167,2.548879,4.077169,1.7180481,-5.5257235
2024-03-09,7.549473684210527,2.15625,80.11494252873563,989.4551724137932,4.6207317073170735,,-12.976998788496834,-5.999942018080814,,7.7015686,0.0046993163,3.1527863,3.6666539,-0.2984314,-7.542203
2024-03-10,10.628125000000002,3.395833333333333,16.186046511627907,998.3266666666668,5.72439024390244,,-9.89834747270736,-4.76035868474748,,11.714874,0.0019137004,3.5150204,1.2235742,3.7148743,-3.5288973
2024-03-11,12.427083333333334,3.030208333333334,2.4827586206896552,1012.3066666666668,3.5585365853658533,,-8.099389139374027,-5.12598368474748,,12.948883,0.00010286579,2.072561,-0.83190984,4.948883,-2.2948885
2024-03-12,16.126315789473686,1.2936842105263158,1.0,1015.9689655172416,1.5650602409638552,,-4.400156683233675,-6.862507807554499,,15.610107,7.8997466e-08,-0.18233617,-0.46181676,7.6101074,0.36633587
2024-03-13,18.925263157894737,3.833684210526316,0.0,1010.8448275862067,2.095180722891566,,-1.6012093148126247,-4.322507807554498,,17.375458,0.0,-0.43427685,-0.39125314,9.375458,2.1316862
2024-03-14,15.558064516129033,5.026881720430108,1.9058823529411764,1012.1500000000002,2.83855421686747,,-4.968407956578329,-3.129310297650706,,15.87619,8.292199e-05,1.4622773,1.4514743,7.87619,0.63241863
2024-03-15,16.766315789473687,6.025263157894736,4.056818181818182,1016.2758620689656,2.1,,-3.7601566832336735,-2.130928860186078,,17.147217,7.006873e-05,1.0820686,0.71348715,9.147217,1.9034452
2024-03-16,18.77263157894737,5.714736842105264,0.0454545454545454,1018.5896551724136,1.6927710843373498,,-1.7538408937599923,-2.44145517597555,,18.180939,1.3369844e-05,0.04019745,0.25457892,10.180939,2.9371672
2024-03-17,20.58105263157895,7.3989473684210525,0.0,1015.3551724137932,1.510843373493976,,0.0545801588715875,-0.7572446496597616,,20.479645,4.356106e-07,-0.14184952,0.022986174,12.479645,5.235873
2024-03-18,21.27368421052632,7.686315789473685,0.0,1011.8448275862067,1.6108433734939762,,0.7472117378189544,-0.4698762286071289,,20.147186,7.6847186e-07,-0.22192638,-0.08037313,12.147186,4.9034147
2024-03-19,22.474736842105266,8.43263157894737,0.0,1008.1275862068964,2.0180722891566263,,1.9482643693979007,0.2764395608665566,,22.809967,1.2681511e-06,-0.16446877,-0.09169813,14.809967,7.5661955
2024-03-20,20.9872340425532,8.744680851063832,18.848837209302324,1007.1535714285716,2.2602409638554217,,0.4607615698458325,0.5884888329830176,,21.381042,0.00063935295,-1.1460457,0.4281946,13.3810425,6.137271
2024-03-21,22.3968085106383,10.721276595744682,0.4418604651162791,1011.1892857142856,4.033734939759036,,1.87033603793094,2.5650845776638675,,23.393677,0.000169891,-2.3291848,-0.9148133,15.393677,8.149905
2024-03-22,24.92736842105264,10.41578947368421,0.0,1011.3655172413794,2.286746987951808,,4.400895948345273,2.259597455603396,,25.10263,2.4136007e-06,-1.5402037,-1.2206389,17.10263,9.858859
2024-03-23,22.221052631578942,10.081052631578949,0.0,1010.6586206896552,2.8771084337349406,,1.6945801588715843,1.9248606134981348,,22.060791,6.216268e-07,-1.9396471,-1.75656,14.060791,6.8170195
2024-03-24,20.37684210526316,7.661052631578948,10.363636363636363,1003.9758620689656,2.690361445783133,,-0.1496303674441996,-0.495139386501866,,22.981567,3.551443e-07,-2.1734588,-0.83203965,14.981567,7.737796
2024-03-25,15.143157894736843,5.514736842105263,31.39772727272728,993.0689655172416,3.521686746987952,,-5.383314577970518,-2.641455175975551,,15.157867,0.005863946,0.23154767,1.2885329,7.1578674,-0.08590412
2024-03-26,8.47872340425532,1.263157894736842,63.41379310344828,989.15,4.251219512195123,,-12.047749068452042,-6.893034123343972,,9.353058,0.0049630846,3.21119,1.5474621,1.3530579,-5.8907137
2024-03-27,12.461702127659576,3.798947368421053,107.4318181818182,989.8137931034483,7.282716049382719,,-8.064770345047785,-4.357244649659761,,11.316925,0.0021168056,4.130585,3.7186573,3.316925,-3.9268465
2024-03-28,14.027368421052634,5.1957894736842105,193.88636363636363,992.5379310344828,6.365060240963857,,-6.499104051654728,-2.960402544396604,,14.71463,0.0014639181,3.246167,4.4682355,6.71463,-0.5291414
2024-03-29,9.585263157894737,2.982105263157895,115.9659090909091,991.7758620689656,2.6289156626506025,,-10.941209314812625,-5.17408675492292,,10.886078,0.013364237,1.8220109,1.7793709,2.886078,-4.3576937
2024-03-30,9.989473684210523,3.244210526315789,147.57954545454547,988.3071428571428,4.090361445783134,,-10.536998788496836,-4.911981491765024,,10.947388,0.0059298114,0.16326968,2.5271356,2.9473877,-4.296384
2024-03-31,9.56421052631579,2.6442105263157893,53.75,992.5571428571428,3.825301204819277,,-10.962261946391571,-5.511981491765025,,10.66507,0.0051691835,2.3894646,3.1509056,2.6650696,-4.578702
2024-04-01,11.506382978723405,2.6989473684210523,14.494252873563218,1006.2,4.596385542168674,,-9.020089493983956,-5.457244649659762,,12.161652,0.0007826492,3.218671,2.2884138,4.1616516,-6.8458195
2024-04-02,13.02,3.522105263157895,17.080459770114942,1011.6931034482758,3.830120481927711,,-7.50647247270736,-4.634086754922919,,13.901428,0.00028082,1.145839,1.9430755,5.901428,-5.106043
2024-04-03,16.936842105263157,6.523157894736844,0.125,1012.9862068965516,2.768292682926829,,-3.5896303674442045,-1.63303412334397,,17.069672,3.727898e-05,1.9438263,1.6067308,9.069672,-1.9377995
2024-04-04,19.81578947368421,5.1810526315789485,0.0,1012.1103448275863,2.5783132530120487,,-0.7106829990231489,-2.9751393865018656,,20.1922,1.4463777e-06,0.25369373,0.9024865,12.1922,1.1847286
2024-04-05,22.403157894736843,8.445263157894738,0.0449438202247191,1007.5655172413792,3.7819277108433726,,1.8766854220294813,0.2890711398139238,,23.289398,1.8052988e-07,-1.002051,1.004691,15.289398,4.281927
2024-04-06,21.75368421052632,11.858947368421054,20.382022471910112,1005.9758620689656,3.0783132530120487,,1.2272117378189584,3.70275535034024,,25.471039,1.6018747e-07,-0.057734173,0.26741636,17.471039,6.4635677
2024-04-07,20.157894736842103,10.526315789473683,19.204545454545453,1007.2724137931034,2.5277108433734936,,-0.3685777358652551,2.370123771392871,,20.490814,0.00034594722,1.2959048,0.43983695,12.490814,1.4833431
2024-04-08,15.535789473684211,4.530526315789474,38.62921348314607,1010.3551724137932,4.571084337349397,,-4.99068299902315,-3.62566570229134,,16.46756,0.00025630687,2.7431965,1.5932811,8.46756,-2.5399113
2024-04-09,14.725263157894735,1.4578947368421054,0.1348314606741573,1020.8379310344828,2.106024096385542,,-5.801209314812624,-6.698297281238709,,15.312744,2.6273787e-05,0.49707794,-1.7113913,7.312744,-3.694727
2024-04-10,19.143157894736845,3.0831578947368423,0.0,1031.9888888888888,1.9963855421686745,,-1.3833145779705165,-5.073034123343971,,19.907623,7.139469e-08,-0.5314477,-1.4792217,11.907623,0.9001522
2024-04-11,23.89368421052632,7.6010526315789475,0.0,1030.14,2.721686746987952,,3.367211737818959,-0.5551393865018666,,23.623962,0.0,-1.5163122,-1.4411501,15.623962,4.6164913
2024-04-12,24.83263157894737,8.265263157894738,0.0,1030.308,1.556626506024097,,4.30615910624001,0.1090711398139241,,23.051178,0.0,-0.3739624,-0.009252827,15.051178,4.043707
2024-04-13,26.45052631578947,9.158947368421057,0.0,1019.7620689655174,1.4855421686746988,,5.92405384308211,1.0027553503402409,,25.737793,8.5979696e-07,-0.35591188,-0.51974803,17.737793,6.730322
2024-04-14,26.51052631578948,10.192631578947369,0.0,1016.2379310344828,1.713253012048193,,5.984053843082112,2.036439560866554,,25.19217,6.082156e-07,0.08662796,-0.033379078,17.19217,6.184698
2024-04-15,25.461052631578944,11.142105263157896,0.0,1013.1275862068968,2.153012048192771,,4.934580158871583,2.9859132450770822,,26.080109,3.7796462e-07,0.24879265,-1.2709935,18.080109,7.0726376
2024-04-16,23.46842105263158,8.415789473684208,0.0,1011.0724137931034,2.366265060240964,,2.941948579924219,0.2595974556033944,,24.00998,5.389253e-08,-0.6928361,-1.782271,16.00998,5.002508
2024-04-17,20.077894736842108,6.48,0.0,1009.9379310344826,2.7048192771084336,,-0.4485777358652534,-1.6761920180808136,,20.671234,2.2956887e-07,-1.50767,-1.6421465,12.671234,1.663763
2024-04-18,20.766315789473683,5.267368421052632,0.0,1011.1310344827584,2.7891566265060246,,0.2398433167663221,-2.888823597028182,,20.837982,1.7452065e-08,-2.082516,-1.7744268,12.837982,1.8305111
2024-04-19,21.757894736842104,4.603157894736843,0.6067415730337079,1011.6517241379312,2.0891566265060235,,1.2314222641347428,-3.553034123343971,,21.438751,4.261732e-07,-1.3279023,-0.98544246,13.438751,2.4312801
2024-04-20,22.755789473684214,7.325263157894738,0.0449438202247191,1007.889655172414,2.438554216867469,,2.2293170009768524,-0.8309288601860763,,22.642609,3.551443e-08,-1.6094099,-1.4883704,14.642609,3.6351376
2024-04-21,21.876842105263155,5.732631578947369,0.247191011235955,1008.289655172414,2.3578313253012047,,1.3503696325557932,-2.4235604391334453,,22.285675,1.8933788e-05,-1.2497088,-1.4425699,14.285675,3.278204
2024-04-22,16.931578947368422,3.613684210526316,0.0,1011.8620689655172,3.765060240963856,,-3.59489352533894,-4.5425078075544985,,18.16977,3.22635e-06,-1.5253328,-2.937682,10.169769,-0.8377018
2024-04-23,15.969473684210524,0.3789473684210527,0.0227272727272727,1013.2137931034484,2.902409638554217,,-4.556998788496836,-7.777244649659761,,16.88681,9.9791e-07,-0.536225,-2.6867225,8.88681,-2.1206608
2024-04-24,17.952631578947372,1.7010526315789476,0.0,1010.4392857142856,2.2457831325301205,,-2.5738408937599893,-6.455139386501866,,19.213287,2.8609833e-07,0.0021266937,-0.58171874,11.213287,0.20581627
2024-04-25,17.418947368421055,5.254736842105263,0.0449438202247191,1003.2928571428572,2.687951807228916,,-3.1075251042863066,-2.901455175975551,,18.663208,3.378913e-05,0.70678633,-0.8646669,10.663208,-0.34426308
2024-04-26,15.34421052631579,5.5178947368421065,57.17977528089887,998.0896551724136,3.26144578313253,,-5.182261946391572,-2.6382972812387075,,17.054962,3.4801662e-06,2.1214106,1.8172334,9.054962,-1.9525089
2024-04-27,12.92842105263158,4.691578947368422,33.056179775280896,997.4655172413792,4.242168674698795,,-7.598051420075782,-3.4646130707123923,,13.886627,0.0043880926,2.7268074,2.9510891,5.886627,-5.120844
2024-04-28,15.43368421052632,2.272631578947369,4.741573033707865,1005.903448275862,1.7722891566265062,,-5.092788262181042,-5.883560439133445,,16.639221,0.00027641497,0.6447735,0.39257622,8.639221,-2.36825
2024-04-29,17.441052631578952,3.0431578947368423,4.7727272727272725,1009.1655172413792,2.071951219512195,,-3.085419841128409,-5.113034123343972,,18.307709,0.00012454092,-0.19033878,-1.2861258,10.307709,-0.69976234
2024-04-30,15.80421052631579,4.112631578947369,30.808988764044944,1007.6275862068964,3.23855421686747,,-4.722261946391571,-4.043560439133445,,18.402435,7.31926e-05,2.2175446,1.2670822,10.402435,-0.6050358
2024-05-01,12.360638297872338,3.5414893617021272,22.625,1007.006896551724,4.160493827160494,,-8.165834174835023,-4.614702656378687,,13.733154,0.0026119838,2.8537934,0.49084795,5.7331543,-10.447622
2024-05-02,13.639361702127662,1.79468085106383,2.839080459770115,1011.5758620689656,3.3536585365853666,,-6.8871107705796994,-6.361511167016984,,15.150482,0.00029090428,2.4789898,1.1793784,7.150482,-9.030294
2024-05-03,17.201063829787234,2.734042553191489,0.0227272727272727,1013.393103448276,2.7890243902439025,,-3.325408642920128,-5.4221494648893245,,18.988739,8.984904e-06,1.9354223,1.5451859,10.988739,-5.1920376
2024-05-04,21.51368421052632,6.947368421052632,1.2159090909090908,1010.1206896551724,3.767469879518072,,0.9872117378189564,-1.2088235970281822,,22.743134,5.334615e-07,2.2932618,2.1023731,14.743134,-1.437643
2024-05-05,18.50526315789474,9.692631578947369,93.87640449438204,1007.4896551724138,3.80843373493976,,-2.021209314812623,1.5364395608665546,,20.078857,2.6125088e-05,3.0289352,2.481676,12.078857,-4.101919
2024-05-06,18.46315789473684,7.530526315789474,1.6741573033707866,1008.6517241379312,2.6951807228915663,,-2.0633145779705195,-0.6256657022913403,,19.590424,0.0011088321,1.6895167,0.007193724,11.590424,-4.590353
2024-05-07,20.926315789473684,5.090526315789474,0.0444444444444444,1014.2137931034484,2.272289156626506,,0.3998433167663222,-3.06566570229134,,22.3909,6.229852e-05,-0.9551366,-2.0537746,14.3909,-1.7898769
2024-05-08,23.746315789473684,6.636842105263158,0.0222222222222222,1013.9137931034484,2.055421686746988,,3.2198433167663225,-1.5193499128176562,,24.099884,3.2236179e-07,-1.5203457,-1.3103623,16.099884,-0.08089256
2024-05-09,25.902105263157896,7.978947368421053,0.0444444444444444,1010.289655172414,1.571084337349398,,5.375632790450535,-0.1772446496597615,,26.223328,7.202228e-08,-0.5718899,-0.76615554,18.223328,2.042551
2024-05-10,27.332631578947368,9.963157894736842,0.0,1007.7206896551724,1.910843373493976,,6.806159106240006,1.806965876656028,,28.61557,7.48535e-07,-1.1373367,-0.09348345,20.61557,4.4347935
2024-05-11,26.53157894736842,11.358947368421052,6.034090909090909,1007.4,2.548192771084337,,6.0051064746610585,3.2027553503402384,,28.262787,7.5725715e-05,0.10293516,0.5172108,20.262787,4.0820103
2024-05-12,25.621052631578948,10.741052631578947,0.0,1008.1137931034484,1.9698795180722888,,5.094580158871587,2.584860613498135,,27.565094,6.326785e-06,0.7652893,-0.06181717,19.565094,3.3843174
2024-05-13,24.975789473684213,9.727368421052631,40.01111111111111,1003.610344827586,3.665060240963855,,4.449317000976851,1.5711764029718172,,26.768982,2.4767161e-05,2.3457363,1.1823095,18.768982,2.5882053
2024-05-14,16.82842105263158,7.426315789473684,3.9318181818181817,1002.5275862068966,4.043373493975904,,-3.6980514200757817,-0.7298762286071296,,19.938477,0.0018803482,2.7930157,-0.7571928,11.938477,-4.2423
2024-05-15,16.470526315789478,5.187368421052632,3.303370786516854,1002.9724137931034,3.536144578313253,,-4.055946156917884,-2.968823597028182,,17.504303,0.00010557705,2.4246826,0.069473945,9.504303,-6.6764736
2024-05-16,16.285106382978725,5.391489361702129,38.45454545454545,1003.051724137931,3.539759036144579,,-4.241366089728636,-2.7647026563786854,,18.984497,4.374608e-05,2.4908917,1.4847795,10.984497,-5.1962795
2024-05-17,17.744086021505378,7.796774193548387,5.67816091954023,1002.825,3.295121951219513,,-2.782386451201983,-0.3594178245324269,,18.523804,0.0011893625,2.1903355,1.0860014,10.523804,-5.656973
2024-05-18,19.321276595744685,5.723404255319149,6.613636363636363,1005.1241379310344,2.4390243902439024,,-1.2051958769626765,-2.4327877627616648,,20.845215,8.358434e-05,1.4291166,0.03473429,12.845215,-3.3355618
2024-05-19,18.800000000000004,6.8627659574468085,17.15730337078652,1003.9103448275864,2.403658536585366,,-1.726472472707357,-1.2934260606340056,,21.039886,0.0002509835,0.9329421,-0.49964282,13.039886,-3.1408901
2024-05-20,19.31720430107527,5.277419354838711,6.965517241379311,1006.18275862069,2.4037037037037035,,-1.2092681716320897,-2.878772663242104,,21.320953,0.00039534457,1.2892386,-0.083847284,13.320953,-2.8598232
2024-05-21,19.144680851063832,7.706382978723404,11.584269662921349,1009.2724137931036,3.107317073170732,,-1.3817916216435293,-0.4498090393574099,,20.15866,0.0010216554,1.8762633,0.28426695,12.158661,-4.0221157
2024-05-22,19.83085106382979,6.454255319148936,0.0888888888888888,1011.1827586206896,2.8939024390243904,,-0.695621408877571,-1.7019366989318785,,21.40976,0.00014224813,1.7462425,0.476311,13.4097595,-2.771017
2024-05-23,23.12842105263158,5.843157894736843,0.0,1010.1655172413796,1.8385542168674704,,2.601948579924219,-2.31303412334397,,23.39975,8.419156e-08,-0.6045265,-1.3594646,15.39975,-0.78102684
2024-05-24,25.871578947368427,7.820000000000001,0.0,1008.5344827586208,2.006024096385542,,5.3451064746610655,-0.3361920180808129,,26.221283,1.5237679e-06,0.10121918,-0.40198708,18.221283,2.0405064
2024-05-25,26.89157894736842,9.107368421052632,0.0,1008.993103448276,3.172289156626506,,6.365106474661058,0.951176402971818,,28.672821,8.754432e-08,1.5269718,0.9882094,20.672821,4.4920444
2024-05-26,26.451578947368425,10.114736842105266,0.0219780219780219,1009.4206896551724,2.725301204819277,,5.925106474661064,1.958544824024452,,28.89798,0.0,1.8282427,1.1013336,20.89798,4.717203
2024-05-27,26.958947368421057,9.889473684210529,0.0,1010.3241379310346,2.1072289156626502,,6.432474895713696,1.733281666129713,,28.639893,5.7031394e-07,0.11785507,-1.5499424,20.639893,4.459116
2024-05-28,29.43510638297873,11.148936170212766,0.0,1010.7137931034484,1.8566265060240963,,8.90863391027137,2.992744152131952,,30.056427,2.2819127e-06,-0.8621173,-0.88877106,22.056427,5.8756504
2024-05-29,31.52105263157896,13.298947368421054,0.0,1008.0379310344828,1.8554216867469884,,10.994580158871592,5.14275535034024,,32.742706,1.6366442e-07,-0.15987015,-0.6249688,24.742706,8.56193
2024-05-30,31.747368421052627,14.189473684210526,0.3296703296703296,1004.1206896551724,2.334939759036145,,11.220895948345266,6.033281666129712,,33.485077,1.3155241e-06,-0.899498,-1.5847508,25.485077,9.3043
2024-05-31,27.692473118279576,12.463440860215057,0.0,1005.2793103448276,3.525301204819277,,7.166000645572215,4.307248842134241,,29.119781,1.1374553e-07,-2.4888859,-2.7785177,21.119781,4.939005
2024-06-01,25.93894736842105,9.92842105263158,0.0,1008.7689655172412,3.593975903614458,,5.4124748957136894,1.7722290345507652,,26.853027,1.7881393e-07,-2.5664577,-2.6129205,18.853027,-2.5188122
2024-06-02,26.776595744680847,9.545744680851064,0.0222222222222222,1009.3714285714289,2.715853658536586,,6.250123271973486,1.3895526627702512,,26.628143,3.5762785e-08,-2.1149127,-1.6703173,18.628143,-2.7436962
2024-06-03,28.22421052631579,11.649473684210523,6.741573033707865,1007.4206896551724,2.4481927710843374,,7.697738053608429,3.493281666129711,,28.13266,0.00024424965,-0.9741147,-0.42152467,20.13266,-1.2391796
2024-06-04,29.81263157894736,12.584210526315792,0.6222222222222222,1006.0482758620687,2.166265060240964,,9.28615910624,4.4280185082349774,,30.524994,3.5718207e-05,0.45873046,0.7355493,22.524994,1.1531544
2024-06-05,31.37872340425532,14.288297872340427,0.0112359550561797,1006.3241379310348,2.4795180722891565,,10.852250931547957,6.132105854259613,,32.61441,0.0,1.072456,0.45900407,24.61441,3.2425709
2024-06-06,32.88924731182796,14.891397849462368,8.113636363636363,1006.0586206896552,2.1890243902439024,,12.362774839120595,6.735205831381553,,34.195618,8.642922e-06,-0.29272103,-0.016257605,26.195618,4.823778
2024-06-07,31.50537634408602,18.105376344086025,4.977272727272728,1004.1310344827588,2.8926829268292686,,10.97890387137866,9.949184326005213,,35.08722,3.8832673e-05,-2.185028,0.2755184,27.08722,5.7153797
2024-06-08,23.802222222222227,14.392222222222223,60.11627906976744,1002.9250000000002,2.655696202531645,,3.275749749514865,6.236030204141411,,23.737518,0.0018144432,0.9607207,1.0660858,15.737518,-5.634321
2024-06-09,22.338202247191013,13.16179775280899,101.89411764705882,1003.3964285714286,2.467088607594937,,1.811729774483652,5.005605734728176,,21.237091,0.0013308051,0.8191643,0.31218752,13.237091,-8.134748
2024-06-10,20.764367816091955,11.854545454545452,38.41176470588236,1005.9142857142856,2.4259740259740257,,0.2378953433845936,3.6983534364646378,,18.805023,0.0069055087,-1.0175438,-1.6104006,10.805023,-10.566816
2024-06-11,24.612087912087915,8.995604395604396,0.9540229885057472,1007.932142857143,2.33,,4.085615439380554,0.8394123775235816,,24.301117,0.00045629314,-0.7002252,-1.8699117,16.301117,-5.0707226
2024-06-12,24.046153846153853,10.752747252747254,2.7471264367816093,1010.0964285714284,2.808641975308642,,3.519681373446492,2.59655523466644,,22.344269,0.0013972261,-1.4668528,-1.9894184,14.344269,-7.0275707
2024-06-13,27.392307692307696,9.12857142857143,0.0,1010.475,2.9450000000000003,,6.865835219600335,0.9723794104906158,,26.144318,0.00014448426,0.6150201,0.43407473,18.144318,-3.227522
2024-06-14,28.35108695652174,11.903296703296704,0.0,1006.5142857142858,3.65,,7.824614483814379,3.7471046852158896,,28.506866,6.406005e-07,2.199466,1.6697444,20.506866,-0.86497307
2024-06-15,25.90322580645161,11.041935483870969,0.0,1006.3892857142856,3.2804878048780486,,5.376753333744251,2.885743465790153,,27.065308,4.2845923e-07,1.60661,-0.26127943,19.065308,-2.306532
2024-06-16,27.973118279569896,10.281720430107528,0.0,1005.1535714285716,3.1182926829268287,,7.446645806862534,2.125528412026714,,28.953705,5.879756e-07,1.4471995,0.80910736,20.953705,-0.4181347
2024-06-17,28.140860215053763,11.06236559139785,10.573033707865168,1003.5142857142856,3.458536585365853,,7.614387742346402,2.9061735733170355,,29.567871,1.4400572e-07,2.2040415,1.4069818,21.567871,0.19603157
2024-06-18,22.53225806451613,11.908602150537634,61.92134831460674,1004.7357142857142,3.0317073170731708,,2.005785591808774,3.75241013245682,,27.033783,0.00016604019,2.095092,1.9520193,19.033783,-2.3380566
2024-06-19,21.95376344086022,9.696774193548388,32.735632183908045,1006.85,2.039024390243902,,1.4272909681528605,1.5405821754675737,,23.544464,8.0445236e-05,1.7047132,1.3580984,15.544464,-5.8273754
2024-06-20,20.72637362637363,10.5,36.52272727272727,1010.142857142857,2.2802469135802466,,0.1999011536662678,2.343807981919186,,22.43982,0.00080940075,1.6765417,1.0469087,14.439819,-6.93202
2024-06-21,26.34731182795699,10.175268817204302,0.0,1013.3785714285716,1.9219512195121944,,5.820839355249628,2.0190767991234875,,27.289856,0.00010735241,0.7668042,-0.1284256,19.289856,-2.0819836
2024-06-22,28.377419354838715,12.340860215053764,0.0,1012.5928571428572,2.529268292682928,,7.850946882131353,4.18466819697295,,30.603058,3.2110202e-07,0.3755562,-1.1835861,22.603058,1.2312183
2024-06-23,29.6462365591398,14.565591397849465,0.0,1008.7964285714286,2.56219512195122,,9.119764086432433,6.409399379768649,,29.649261,7.1677526e-08,-1.4026724,-2.2240486,21.649261,0.27742195
2024-06-24,31.634408602150536,15.291397849462369,0.0,1004.1107142857144,2.067073170731707,,11.107936129443177,7.135205831381553,,31.938599,2.7194622e-07,-0.90191394,-0.8143844,23.938599,2.566759
2024-06-25,32.81739130434782,16.18586956521739,26.045454545454547,999.8444444444444,2.7268292682926827,,12.29091883164046,8.029677547136577,,34.096863,1.2397766e-06,0.3758335,0.49087095,26.096863,4.7250233
2024-06-26,30.08152173913044,16.45326086956522,24.1123595505618,1001.0481481481482,2.8222222222222224,,9.555049266423072,8.297068851484406,,31.161469,0.0003435527,-0.17773628,0.7226004,23.161469,1.789629
2024-06-27,31.46195652173913,17.019565217391307,4.179775280898877,1002.037037037037,2.417073170731708,,10.935484049031768,8.863373199310493,,34.883728,0.0001450759,-1.3052616,0.112493515,26.883728,5.5118885
2024-06-28,25.614444444444448,14.216666666666669,145.34883720930233,1005.1962962962964,2.897530864197531,,5.087971971737087,6.060474648585853,,27.569427,0.00154679,0.48145294,1.0103489,19.569427,-1.802412
2024-06-29,20.73888888888889,13.825555555555557,4.206896551724138,1006.5185185185184,3.5074999999999994,,0.2124164161815329,5.669363537474741,,23.091492,0.004616964,2.9050777,2.251008,15.091492,-6.280348
2024-06-30,24.726666666666667,13.58,4.011494252873563,1007.3851851851852,1.8525,,4.200194193959305,5.423807981919186,,24.931244,0.00031738763,1.3013433,1.2470554,16.931244,-4.4405956
2024-07-01,27.99891304347826,13.26153846153846,0.0561797752808988,1010.9892857142858,2.543209876543209,,7.4724405707709,5.105346443457647,,28.019684,1.972668e-05,-0.25413194,-2.1988218,20.019684,-6.2494965
2024-07-02,29.644565217391307,13.62391304347826,0.0,1011.2,2.563414634146341,,9.118092744683944,5.467721025397445,,29.99939,9.792547e-07,-0.7930953,-1.9085611,21.99939,-4.2697906
2024-07-03,32.582608695652176,14.342391304347826,0.0224719101123595,1007.2821428571428,1.891463414634147,,12.056136222944817,6.186199286267012,,32.84091,0.0,-0.15146129,-0.48178735,24.840912,-1.4282684
2024-07-04,35.15934065934066,16.287912087912087,0.0,1005.0964285714286,1.6456790123456793,,14.632868186633296,8.131720069831273,,35.709015,1.0728427e-06,-0.55141383,-0.78808403,27.709015,1.4398346
2024-07-05,35.69111111111111,18.71666666666667,4.137931034482759,1001.1642857142856,2.95625,,15.164638638403751,10.560474648585854,,36.93454,6.322076e-05,0.1953799,0.4331195,28.93454,2.6653595
2024-07-06,29.348351648351645,15.871428571428574,0.0,1002.575,3.501219512195122,,8.821879175644284,7.71523655334776,,30.731903,0.00076285837,0.82669324,-0.88414365,22.731903,-3.5372772
2024-07-07,28.847252747252742,12.409890109890112,0.0,1004.7857142857144,2.5146341463414634,,8.320780274545385,4.253698091809298,,30.536346,7.506882e-05,0.48368284,0.18245971,22.536346,-3.7328339
2024-07-08,30.508791208791205,13.213186813186816,0.0,1005.1928571428572,3.0256097560975608,,9.982318736083844,5.056994795106002,,32.071198,0.0,1.23235,1.1837277,24.071198,-2.1979828
2024-07-09,30.062637362637364,15.629670329670333,0.0,1006.6607142857144,3.2,,9.536164889930005,7.473478311589517,,32.160675,3.5762785e-08,2.2125733,1.7602944,24.160675,-2.1085052
2024-07-10,32.13695652173914,15.714130434782613,0.0,1009.285714285714,2.701204819277108,,11.610484049031776,7.5579384167017984,,33.900696,0.0,1.9572983,1.543681,25.900696,-0.3684845
2024-07-11,32.42826086956522,17.507608695652173,0.0,1008.1857142857144,3.621686746987952,,11.90178839685786,9.35141667757136,,35.519043,4.6168762e-07,2.434149,1.4847454,27.519043,1.2498627
2024-07-12,30.77826086956521,14.841304347826089,0.0,1006.1607142857144,2.1915662650602408,,10.251788396857853,6.685112329745273,,32.40262,1.7856559e-07,0.61472446,-0.91709405,24.402618,-1.8665619
2024-07-13,31.35217391304348,14.256521739130436,0.0,1002.3285714285714,3.0265060240963853,,10.825701440336116,6.100329721049622,,33.359467,3.5762785e-08,0.9509646,0.57407016,25.359467,-0.90971375
2024-07-14,30.713043478260875,13.997826086956524,2.1797752808988764,1003.7249999999998,3.326506024096385,,10.186571005553514,5.84163406887571,,32.246674,5.3644175e-07,2.4782543,2.297221,24.246674,-2.0225067
2024-07-15,28.25217391304348,15.305434782608694,1.9325842696629207,1006.5392857142858,4.148192771084338,,7.72570144033612,7.14924276452788,,29.799896,2.7703743e-07,2.9554482,2.3644788,21.799896,-4.469284
2024-07-16,30.85108695652174,11.97608695652174,0.0,1008.5892857142856,1.8731707317073167,,10.32461448381438,3.8198949384409264,,32.078552,5.7866174e-08,0.90758514,0.2638344,24.078552,-2.190628
2024-07-17,34.18913043478261,13.97608695652174,0.0,1007.6214285714284,2.5317073170731708,,13.66265796207525,5.819894938440925,,34.94394,0.0,0.6220538,0.20783322,26.94394,0.6747589
2024-07-18,34.85666666666667,16.268888888888892,0.0,1008.7962962962964,2.5158536585365856,,14.330194193959308,8.112696870808078,,36.97235,7.122755e-07,0.63331604,1.2599509,28.972351,2.7031708
2024-07-19,36.38260869565217,17.564130434782612,0.0,1007.907142857143,2.7865853658536577,,15.856136222944812,9.407938416701798,,37.44217,1.3377517e-06,1.3727347,0.92285275,29.44217,3.172989
2024-07-20,32.333695652173915,16.970652173913045,0.0,1004.0,3.989156626506024,,11.807223179466554,8.814460155832231,,35.300262,4.8302144e-07,2.785035,0.94519824,27.300262,1.0310822
2024-07-21,30.773913043478263,14.939130434782609,0.0,1007.375,2.6170731707317074,,10.247440570770902,6.782938416701793,,32.446533,1.432178e-06,-0.2125899,-2.1671572,24.446533,-1.8226471
2024-07-22,34.63478260869565,14.271739130434783,0.0,1010.7500000000002,2.08170731707317,,14.10831013598829,6.115547112353971,,34.61978,3.2062326e-07,-1.2412611,-1.2433033,26.619781,0.3506012
2024-07-23,37.60652173913044,17.67717391304348,0.0,1010.0370370370372,2.006097560975609,,17.08004926642308,9.520981894962665,,37.672394,3.551443e-08,-0.3540376,-0.31998125,29.672394,3.4032135
2024-07-24,38.55913978494624,19.81505376344086,0.0,1006.839285714286,2.244578313253012,,18.03266731223888,11.658861745360047,,39.178986,1.4205771e-07,0.32114348,-0.14558423,31.178986,4.9098053
2024-07-25,37.4741935483871,19.81397849462365,0.1538461538461538,1001.4357142857144,2.268674698795181,,16.947721075679738,11.657786476542844,,38.32434,1.2114646e-06,0.036396664,-0.29328355,30.32434,4.0551605
2024-07-26,36.56236559139785,19.19032258064516,1.054945054945055,1001.0714285714286,2.0915662650602407,,16.03589311869049,11.034130562564348,,36.30136,7.127722e-08,-0.63012,-0.2678764,28.301361,2.0321808
2024-07-27,36.40434782608696,19.684782608695656,1.0,1002.5928571428574,2.2304878048780483,,15.877875353379594,11.528590590614842,,36.97757,0.0,-0.4208908,0.4708655,28.97757,2.7083893
2024-07-28,36.766304347826086,20.21630434782609,0.0,1005.1857142857144,2.8500000000000005,,16.239831875118725,12.060112329745278,,38.35013,3.4868717e-07,-1.9341291,1.0689324,30.350128,4.080948
2024-07-29,34.01136363636365,21.456818181818186,6.494117647058824,1007.2464285714289,2.3455696202531646,,13.484891163656286,13.300626163737368,,35.59839,5.6662902e-06,-1.4196091,-0.11993929,27.598389,1.3292084
2024-07-30,35.97386363636363,20.53636363636364,0.0689655172413793,1005.2464285714286,3.557692307692307,,15.44739116365627,12.380171618282825,,37.742706,9.339914e-05,0.24933179,0.8816897,29.742706,3.473526
2024-07-31,35.67303370786517,18.0438202247191,0.0,1005.5928571428572,2.5538461538461537,,15.146561235157812,9.887628206638285,,36.758728,5.1448765e-06,1.6768335,1.4986635,28.758728,2.4895477
2024-08-01,36.02696629213484,17.752808988764045,0.3181818181818182,1012.2185185185187,2.471794871794872,,15.500493819427476,9.59661697068323,,37.162262,1.0339719e-06,1.4484177,1.2240499,29.162262,3.5854874
2024-08-02,32.37752808988765,17.498876404494382,11.74712643678161,1012.811111111111,2.8265822784810126,,11.851055617180286,9.342684386413568,,34.639984,8.443014e-06,0.5491848,-1.4517275,26.639984,1.0632095
2024-08-03,34.677777777777784,16.89777777777778,0.0,1013.6037037037036,2.132911392405064,,14.151305305070425,8.741585759696965,,35.337555,1.1953158e-06,-0.96094006,-1.0341364,27.337555,1.7607803
2024-08-04,36.36888888888889,18.08333333333333,0.0,1013.0035714285714,2.0234567901234564,,15.842416416181528,9.927141315252518,,36.931305,5.420523e-08,-0.28311095,-0.62860626,28.931305,3.3545303
2024-08-05,36.577173913043474,19.151648351648355,0.0,1010.7892857142858,2.760493827160494,,16.050701440336113,10.99545633356754,,37.693146,0.0,0.83362895,0.57124877,29.693146,4.116371
2024-08-06,35.66703296703297,17.795604395604396,0.0,1010.0222222222224,2.469135802469136,,15.140560494325612,9.639412377523582,,37.410553,0.0,1.386989,0.42711768,29.410553,3.8337784
2024-08-07,36.362637362637365,17.661538461538463,0.0,1010.7814814814816,2.1419753086419755,,15.836164889930004,9.505346443457649,,37.17163,0.0,0.3470993,-0.1588351,29.17163,3.5948563
2024-08-08,37.20219780219781,18.482417582417582,0.0112359550561797,1013.1714285714286,2.05625,,16.675725329490447,10.326225564336768,,37.635284,0.0,-0.44237328,-0.26592505,29.635284,4.05851
2024-08-09,38.225,19.708695652173915,0.0,1015.3071428571428,2.0200000000000005,,17.69852752729264,11.5525036340931,,38.183777,0.0,-1.3470503,-0.43665802,30.183777,4.6070023
2024-08-10,37.81847826086957,21.14565217391305,0.1333333333333333,1014.5642857142858,3.085185185185185,,17.292005788162207,12.989460155832232,,38.2955,0.0,-2.0567734,0.5930963,30.295502,4.718727
2024-08-11,36.57282608695652,21.27608695652174,0.0,1011.6250000000002,2.8000000000000003,,16.046353614249156,13.119894938440927,,37.625793,1.0728835e-07,-1.1826566,0.6923869,29.625793,4.049019
2024-08-12,35.043956043956044,19.53076923076924,3.147727272727273,1010.5214285714284,2.7275,,14.517483571248682,11.37457721268842,,36.480316,2.2905071e-05,0.6560879,0.11022822,28.480316,2.9035416
2024-08-13,28.40666666666668,17.04888888888889,2.8160919540229883,1012.0964285714286,2.9430379746835444,,7.880194193959316,8.892696870808075,,31.893097,3.5599867e-05,1.4904791,-0.85964125,23.893097,-1.6836777
2024-08-14,29.71460674157304,14.795505617977527,0.0232558139534883,1015.3857142857144,2.59240506329114,,9.188134268865678,6.639313599896713,,29.047028,3.8895756e-05,-0.8763981,-2.370559,21.047028,-4.529747
2024-08-15,30.20777777777777,12.891111111111108,0.0,1018.2964285714286,2.7468354430379747,,9.681305305070412,4.734919093030294,,30.901337,2.1190692e-06,-1.6291853,-1.8891578,22.901337,-2.675438
2024-08-16,33.24555555555556,13.964444444444444,0.0681818181818181,1017.6607142857144,2.0443037974683542,,12.7190830828482,5.80825242636363,,33.903442,5.0067894e-07,-0.6394234,-1.5269274,25.903442,0.3266678
2024-08-17,34.65111111111111,16.51,0.0,1015.3535714285716,2.718987341772152,,14.124638638403752,8.353807981919187,,35.541138,3.5762785e-08,0.5697193,-0.015988031,27.541138,1.9643631
2024-08-18,32.95,18.068888888888893,0.0,1014.4,2.451898734177216,,12.423527527292642,9.912696870808078,,33.792755,5.3644175e-07,-0.5613448,-2.1026325,25.792755,0.21598053
2024-08-19,33.92444444444445,16.62666666666667,0.0,1013.739285714286,2.23375,,13.397971971737086,8.470474648585855,,34.856445,3.5762785e-08,-1.0405802,-1.3781666,26.856445,1.2796707
2024-08-20,34.870000000000005,16.907777777777774,0.0,1014.0370370370372,2.0475000000000003,,14.343527527292643,8.75158575969696,,35.71515,5.333474e-07,-0.91324973,-0.97512645,27.715149,2.1383743
2024-08-21,35.379999999999995,17.62,0.4545454545454545,1014.4703703703706,2.35625,,14.853527527292634,9.463807981919189,,34.91098,3.5638607e-08,-1.3301395,-0.41649738,26.91098,1.3342056
2024-08-22,34.815384615384616,18.30659340659341,0.5227272727272727,1013.0185185185188,2.7753086419753084,,14.288912142677257,10.150401388512597,,35.240753,4.720252e-06,0.5839303,0.5586682,27.240753,1.6639786
2024-08-23,35.24333333333333,16.323333333333338,0.6931818181818182,1013.1115384615384,2.5775,,14.716860860625973,8.167141315252524,,35.982513,1.4731546e-06,0.19352277,0.79923636,27.982513,2.4057388
2024-08-24,33.84444444444444,18.03111111111111,0.0,1012.9730769230772,3.21375,,13.31797197173708,9.874919093030297,,34.88318,7.1471725e-08,0.65336674,1.0739726,26.883179,1.3064041
2024-08-25,32.635555555555555,16.215555555555557,0.0,1015.8769230769232,2.69625,,12.109083082848194,8.059363537474743,,33.521454,4.9720205e-07,-1.1966991,-1.4974003,25.521454,-0.05532074
2024-08-26,32.67777777777778,16.036666666666665,0.0,1015.8384615384616,1.9937500000000004,,12.151305305070416,7.880474648585851,,33.069855,6.281939e-05,-0.6982918,-0.16708998,25.069855,-0.50691986
2024-08-27,34.160000000000004,16.71,0.0,1013.35,2.49375,,13.633527527292642,8.553807981919187,,34.989075,3.7103891e-06,0.7452552,1.0106465,26.989075,1.4123001
2024-08-28,34.26444444444444,16.724444444444448,38.31818181818182,1012.12,2.5025316455696203,,13.737971971737082,8.568252426363633,,35.645966,4.838854e-05,0.1517067,1.0074304,27.645966,2.069191
2024-08-29,29.001111111111115,17.67666666666667,17.488636363636363,1014.168,2.6375,,8.474638638403754,9.520474648585855,,29.738617,0.0041683163,-1.1342405,0.74936104,21.738617,-3.8381577
2024-08-30,30.50769230769231,16.77032967032967,48.29213483146067,1013.5740740740742,2.065432098765432,,9.981219834984948,8.614137652248855,,29.113861,0.0009074293,-1.101317,-0.3446668,21.113861,-4.4629135
2024-08-31,28.76923076923077,17.283516483516486,26.51685393258427,1013.7814814814816,2.6395061728395066,,8.242758296523409,9.127324465435672,,29.076996,7.4215975e-05,-0.7851111,-0.19096303,21.076996,-4.4997787
2024-09-01,29.886813186813185,16.43626373626374,0.4111111111111111,1013.0481481481482,1.8790123456790129,,9.360340714105824,8.280071718182926,,29.363678,0.0003793248,0.0692997,-0.3035895,21.363678,3.5623722
2024-09-02,30.532608695652176,16.13296703296703,10.322222222222225,1011.5518518518518,2.238271604938272,,10.006136222944814,7.976775014886217,,30.131866,6.829129e-05,-0.12492752,0.032953262,22.131866,4.3305607
2024-09-03,28.75652173913044,15.52391304347826,10.822222222222225,1012.6703703703708,2.628048780487805,,8.230049266423077,7.367721025397445,,29.351288,9.683371e-05,-0.7016366,-0.37367833,21.351288,3.549982
2024-09-04,26.6054347826087,14.097826086956522,1.7333333333333334,1015.4629629629632,2.8219512195121954,,6.078962309901339,5.941634068875707,,24.483673,0.001293403,-1.6533388,-2.6494367,16.483673,-1.3176327
2024-09-05,25.419565217391305,12.045652173913044,0.5555555555555556,1011.1370370370372,2.040243902439024,,4.8930927446839405,3.8894601558322304,,26.40506,6.9628906e-05,-0.42229143,-0.48428002,18.40506,0.60375404
2024-09-06,23.832608695652173,10.941304347826089,0.0,1007.1555555555556,2.760975609756098,,3.3061362229448115,2.7851123297452727,,25.716827,0.0,2.0757377,1.3709234,17.716827,-0.08447838
2024-09-07,24.84239130434783,8.031521739130437,0.0,1011.2111111111112,2.4085365853658534,,4.31591883164047,-0.1246702789503775,,25.999023,0.0,1.7154528,1.5410315,17.999023,0.19771767
2024-09-08,25.722826086956523,11.194565217391306,0.0,1014.7444444444446,2.497560975609756,,5.196353614249162,3.038373199310492,,27.86264,6.041035e-07,1.3574566,0.29114363,19.86264,2.0613346
2024-09-09,28.18571428571429,10.062637362637362,0.0,1018.974074074074,1.603658536585366,,7.659241813006929,1.9064453445565483,,28.613617,5.681957e-07,-0.63100815,-0.5054054,20.613617,2.8123112
2024-09-10,29.282417582417587,11.731868131868133,0.0,1017.8407407407408,1.8512195121951225,,8.755945109710225,3.575676113787317,,29.71811,7.1407264e-08,-0.925282,-1.1227032,21.71811,3.9168034
2024-09-11,27.906593406593405,12.163736263736263,0.0,1017.6629629629632,2.441975308641976,,7.380120933886044,4.007544245655451,,29.21988,3.919005e-07,-0.7723662,-2.166354,21.21988,3.4185734
2024-09-12,26.950000000000006,12.670000000000002,0.0,1017.662962962963,3.11604938271605,,6.423527527292645,4.513807981919188,,25.743805,5.9753665e-07,0.24227269,-2.2954056,17.743805,-0.05750084
2024-09-13,23.465909090909097,10.652272727272727,0.0,1021.95,3.45679012345679,,2.939436618201736,2.4960807091919133,,23.907135,8.0600125e-07,-3.015859,-2.3969905,15.907135,-1.8941708
2024-09-14,27.14888888888889,8.584444444444443,0.0,1022.4444444444446,1.78641975308642,,6.6224164161815295,0.4282524263636293,,26.650604,1.0828177e-07,-1.4009959,-1.224626,18.650604,0.8492985
2024-09-15,29.50333333333333,10.256666666666668,0.0,1019.7962962962962,1.91875,,8.976860860625973,2.1004746485858536,,30.167877,1.0016726e-06,-1.1098486,-1.3147863,22.167877,4.3665714
2024-09-16,29.03777777777778,9.537777777777778,0.0,1017.6296296296298,2.9200000000000004,,8.511305305070419,1.3815857596969645,,30.070587,4.2699546e-07,-1.9868069,-2.2852986,22.070587,4.2692814
2024-09-17,26.04831460674157,10.468539325842697,0.0,1014.1384615384616,2.8443037974683545,,5.5218421340342125,2.3123473077618826,,27.150848,1.7757218e-08,-2.096531,-1.8108716,19.150848,1.3495426
2024-09-18,26.73258426966292,11.1,10.22222222222222,1012.6230769230772,1.818987341772152,,6.2061117969555575,2.9438079819191856,,24.945892,0.00014153327,-1.27185,-0.2422425,16.945892,-0.85541344
2024-09-19,23.960869565217383,13.15824175824176,88.20224719101124,1013.5,2.07125,,3.434397092510025,5.002049740160945,,24.872803,0.0007005884,-0.5887216,0.17380917,16.872803,-0.92850304
2024-09-20,21.78695652173913,13.339560439560444,19.97752808988764,1014.4923076923076,1.7888888888888894,,1.2604840490317706,5.18336842147963,,22.664612,0.0011489182,-0.47399712,0.52142304,14.664612,-3.136694
2024-09-21,22.46630434782609,13.467391304347826,23.522222222222226,1013.8259259259258,2.202469135802469,,1.939831875118728,5.311199286267012,,21.778229,0.0034306773,0.11241722,0.82357246,13.778229,-4.023077
2024-09-22,22.65652173913044,10.97826086956522,0.1818181818181818,1016.2888888888888,2.0209876543209884,,2.1300492664230752,2.822068851484405,,23.237701,0.00027771277,1.054154,0.39692187,15.237701,-2.5636044
2024-09-23,22.948913043478264,9.78695652173913,0.0222222222222222,1016.4703703703706,2.103703703703704,,2.4224405707709025,1.630764503658316,,23.196808,7.052875e-06,1.1372337,0.6696287,15.196808,-2.604498
2024-09-24,19.66739130434783,10.030434782608696,14.920454545454543,1016.3074074074076,2.441975308641976,,-0.8590811683595305,1.8742427645278816,,21.408844,6.9126867e-07,1.7954426,1.1861614,13.408844,-4.392462
2024-09-25,22.511956521739133,13.603260869565217,13.067415730337078,1014.5,4.230864197530864,,1.985484049031772,5.447068851484403,,22.176178,0.00014528331,2.3618126,2.7141821,14.176178,-3.6251278
2024-09-26,21.700000000000003,13.121978021978023,22.75,1013.2851851851852,5.730864197530863,,1.1735275272926415,4.965786003897209,,21.92337,0.00025240052,4.064793,3.4265,13.92337,-3.8779354
2024-09-27,19.06413043478261,8.280434782608696,0.0222222222222222,1020.5555555555557,3.715853658536585,,-1.4623420379247527,0.1242427645278816,,21.243225,1.9878657e-05,1.9478836,-0.74575853,13.243225,-4.5580807
2024-09-28,20.282608695652176,4.876086956521739,0.0561797752808988,1025.5148148148148,1.7426829268292685,,-0.2438637770551857,-3.280105061559075,,20.577301,2.5133292e-07,-1.0488135,-1.3961018,12.577301,-5.2240047
2024-09-29,25.239130434782613,6.855434782608696,0.0,1023.5592592592594,1.5841463414634147,,4.712657962075252,-1.3007572354721182,,24.253265,1.269082e-07,-0.18496323,0.14566226,16.253265,-1.5480404
2024-09-30,28.08152173913044,9.031521739130437,0.0,1020.8259259259256,1.4560975609756095,,7.555049266423072,0.8753297210496225,,27.200165,8.7463803e-07,-0.03227234,0.07115897,19.200165,1.398859
2024-10-01,26.44301075268817,11.551612903225804,1.3888888888888888,1017.4214285714286,2.427710843373494,,5.916538279980809,3.39542088514499,,27.117157,4.2167772e-05,0.6748028,0.28070316,19.117157,5.841875
2024-10-02,22.19032258064517,14.785869565217393,47.48863636363637,1013.6857142857142,3.981927710843373,,1.6638501079378043,6.629677547136577,,24.184967,0.00023597211,2.5097744,0.91922444,16.184967,2.9096851
2024-10-03,22.360215053763447,12.797849462365592,1.247191011235955,1014.6035714285716,2.146987951807229,,1.833742581056086,4.641657444284778,,23.614716,6.50848e-05,0.19703674,-1.7193006,15.614716,2.3394337
2024-10-04,23.16021505376344,10.640860215053763,0.0224719101123595,1016.2678571428572,1.4682926829268292,,2.6337425810560795,2.484668196972949,,23.553253,8.488794e-06,0.2092088,0.15677643,15.553253,2.2779713
2024-10-05,24.189247311827963,10.56236559139785,0.3033707865168539,1014.8714285714286,2.7987804878048776,,3.662774839120601,2.4061735733170355,,25.800629,1.3352784e-06,1.361793,1.0387927,17.800629,4.5253468
2024-10-06,21.93763440860216,15.229032258064516,45.47727272727273,1011.3678571428572,3.714634146341464,,1.4111619358947929,7.072840239983702,,23.790192,1.2164744e-05,2.470522,2.4027188,15.790192,2.5149097
2024-10-07,19.340217391304343,11.040217391304347,121.63218390804596,1008.1821428571428,3.817073170731708,,-1.186255081403015,2.884025373223535,,24.62027,0.00058999326,1.9947834,2.8170595,16.62027,3.3449879
2024-10-08,17.142857142857146,10.428571428571429,47.40909090909091,1011.9964285714286,4.259756097560976,,-3.3836153298502154,2.2723794104906148,,17.986023,0.00024998398,3.209612,2.6118815,9.986023,-3.289259
2024-10-09,20.547826086956523,11.417391304347827,66.66666666666667,1006.0357142857144,7.16951219512195,,0.0213536142491612,3.261199286267013,,19.657349,0.0013304492,3.3280659,3.9707756,11.657349,-1.6179333
2024-10-10,18.27065217391305,7.730434782608696,0.8522727272727273,1014.8071428571428,1.909756097560976,,-2.2558202987943154,-0.4257572354721182,,19.46054,0.0004893281,1.280777,0.4054645,11.460541,-1.8147411
2024-10-11,18.06881720430108,7.02258064516129,108.31460674157304,1014.8642857142858,3.060240963855421,,-2.4576552684062847,-1.133611372919524,,18.800507,0.0014016439,-0.6087799,0.8164857,10.800507,-2.4747753
2024-10-12,18.476344086021506,12.93763440860215,138.04494382022472,1013.7035714285714,2.710843373493976,,-2.050128386685856,4.781442390521336,,18.85202,0.013618735,0.14173698,1.627093,10.85202,-2.4232616
2024-10-13,21.545652173913044,11.889130434782611,0.4659090909090909,1018.2464285714289,1.826829268292683,,1.0191797012056831,3.732938416701797,,22.23819,0.00092612416,-0.8048293,-0.8183629,14.23819,0.9629078
2024-10-14,21.78586956521739,11.632608695652175,61.4367816091954,1015.5571428571428,1.7207317073170731,,1.259397092510028,3.476416677571361,,21.74826,0.00080750766,-1.3299904,-1.1346073,13.7482605,0.4729786
2024-10-15,18.724731182795697,14.221505376344084,311.54117647058825,1009.1392857142856,3.403614457831325,,-1.8017412899116645,6.065313358263271,,18.580353,0.006917577,-0.7470824,2.1405485,10.580353,-2.6949291
2024-10-16,21.025806451612905,11.982795698924733,125.31395348837208,1008.1392857142856,3.718072289156627,,0.4993339789055433,3.826603680843919,,20.62851,0.0076220254,1.5095482,3.4651663,12.6285095,-0.6467724
2024-10-17,15.838709677419354,8.692391304347826,24.927710843373493,1019.1535714285716,4.134146341463414,,-4.687762795288007,0.5361992862670117,,16.708984,0.019119395,2.5068371,0.23609547,8.708984,-4.5662975
2024-10-18,16.530434782608697,6.060869565217391,2.488095238095238,1025.257142857143,2.268292682926829,,-3.996037690098664,-2.0953224528634227,,17.807404,0.0009998219,1.116993,-0.14922452,9.807404,-3.4678783
2024-10-19,19.322826086956525,10.634782608695652,0.0470588235294117,1023.2714285714286,2.2951219512195125,,-1.2036463857508366,2.4785905906148376,,20.027863,5.1030085e-05,1.3510755,1.0208492,12.027863,-1.2474194
2024-10-20,21.24347826086956,9.950000000000005,0.0465116279069767,1024.95,1.221951219512195,,0.7170057881622007,1.7938079819191888,,20.815521,3.5949013e-06,0.21064822,0.538173,12.815521,-0.45976067
2024-10-21,22.546739130434784,8.84021739130435,0.0,1025.4142857142858,1.2268292682926831,,2.020266657727422,0.6840253732235357,,22.1221,4.680206e-07,-0.31591988,-0.33812895,14.122101,0.8468189
2024-10-22,21.23478260869565,10.043956043956044,0.0,1026.9222222222222,1.8728395061728391,,0.7083101359882882,1.8877640258752293,,20.228302,1.4366146e-05,-1.7858614,-1.580876,12.228302,-1.0469799
2024-10-23,20.521978021978025,10.2021978021978,0.0470588235294117,1027.0037037037036,1.9780487804878049,,-0.0044944507293358,2.0460057841169874,,19.07602,0.0001373818,-1.2192599,-0.29058787,11.076019,-2.1992626
2024-10-24,20.36521739130435,10.634782608695655,13.909090909090908,1022.4678571428574,2.234146341463416,,-0.1612550814030129,2.478590590614841,,18.587372,0.00026780882,-0.670311,0.38663438,10.587372,-2.68791
2024-10-25,15.706451612903226,6.723655913978496,10.511363636363637,1019.882142857143,2.5891566265060235,,-4.820020859804135,-1.4325361041023186,,15.001678,0.0049390574,1.0148195,1.0056843,7.0016785,-6.2736034
2024-10-26,10.62258064516129,3.813978494623656,25.011494252873565,1019.1535714285714,1.985542168674699,,-9.90389182754607,-4.342213523457158,,12.6475525,0.0018357243,1.4850038,-0.20082219,4.6475525,-8.627729
2024-10-27,11.519565217391303,3.936956521739131,33.793103448275865,1021.0892857142856,2.40843373493976,,-9.006907255316058,-4.219235496341684,,13.430145,0.00038853413,-1.5616932,-2.113621,5.4301453,-7.8451366
2024-10-28,17.1989010989011,7.3659340659340655,4.593023255813954,1021.451851851852,3.391566265060241,,-3.3275713738062613,-0.7902579521467485,,17.482025,0.002758661,-2.7127285,-2.1146038,9.482025,-3.7932568
2024-10-29,16.164835164835164,8.44945054945055,233.69767441860463,1018.9107142857144,4.357831325301206,,-4.361637307872197,0.2932585313697355,,17.847992,0.00424051,-3.3135312,-3.1414976,9.847992,-3.42729
2024-10-30,17.382608695652177,7.910869565217391,38.689655172413794,1017.1142857142858,3.3719512195121952,,-3.1438637770551843,-0.245322452863423,,19.114594,0.013700691,-2.6214623,-0.3481973,11.1145935,-2.1606884
2024-10-31,17.27717391304348,10.415217391304347,69.82954545454545,1020.4964285714286,2.682926829268293,,-3.249298559663881,2.259025373223535,,19.282257,0.00078667887,-1.5952682,-0.26439795,11.282257,-1.9930248
2024-11-01,18.500000000000004,10.652747252747254,26.2,1021.5999999999998,1.979268292682927,,-2.0264724727073578,2.49655523466644,,17.870667,0.0021506527,-1.4830431,-0.698337,9.8706665,3.1403313
2024-11-02,18.16521739130435,8.767391304347825,2.2528735632183907,1021.882142857143,1.7317073170731707,,-2.361255081403012,0.611199286267011,,17.393585,0.00021763246,-1.2716764,-1.3161618,9.393585,2.66325
2024-11-03,18.45384615384616,8.418681318681319,0.0697674418604651,1022.9749999999998,2.481707317073171,,-2.072626318861208,0.2624893006005049,,17.326508,0.000244403,-1.5043436,-0.6806558,9.326508,2.5961723
2024-11-04,18.15384615384616,9.24945054945055,3.070588235294118,1022.0464285714286,2.0829268292682928,,-2.372626318861208,1.0932585313697365,,17.082611,0.0006203667,-0.8689893,-0.4714131,9.082611,2.3522758
2024-11-05,18.6,10.046153846153846,2.6463414634146343,1024.475,1.1710843373493975,,-1.926472472707364,1.889961828073032,,17.720917,0.00020759228,-0.016638437,-0.29605925,9.720917,2.9905815
2024-11-06,20.78817204301076,8.519354838709678,0.1149425287356321,1026.0392857142858,1.5325301204819275,,0.2616995703033922,0.3631628206288635,,19.637146,2.1539774e-05,-0.89214486,-1.2509747,11.637146,4.9068108
2024-11-07,19.513043478260872,8.040217391304349,0.0465116279069767,1024.1222222222225,1.5963414634146342,,-1.013428994446489,-0.1159746267764649,,16.872345,3.426808e-05,-0.7200057,-0.65008205,8.872345,2.1420097
2024-11-08,17.1,8.700000000000001,0.2528735632183908,1023.739285714286,1.4759036144578312,,-3.42647247270736,0.543807981919187,,16.86435,3.4304812e-05,-0.34848085,-0.15830486,8.864349,2.1340141
2024-11-09,17.50434782608696,7.730434782608696,0.1724137931034483,1027.4071428571428,1.6240963855421688,,-3.022124646620401,-0.4257572354721182,,17.733978,2.6772543e-05,0.72666574,-0.34598514,9.733978,3.003643
2024-11-10,15.909677419354836,7.003225806451613,6.459770114942529,1028.8535714285715,1.6228915662650605,,-4.616795053352524,-1.1529662116292014,,17.303925,5.7388723e-05,0.15079105,-0.792819,9.303925,2.5735893
2024-11-11,16.35978260869565,6.277173913043479,0.188235294117647,1028.725,2.597590361445783,,-4.166689864011712,-1.879018105037336,,16.981537,8.689362e-06,-1.3845986,-2.0491621,8.981537,2.2512016
2024-11-12,13.884782608695652,2.893478260869565,0.0697674418604651,1024.7407407407409,2.920481927710843,,-6.641689864011708,-5.262713757211249,,14.869568,2.7210763e-06,-0.8300572,-2.5199392,6.869568,0.13923264
2024-11-13,9.473626373626375,2.006593406593407,54.82758620689656,1019.15,4.267073170731707,,-11.052846099080986,-6.149598611487408,,8.410614,0.0027444828,-2.8804462,-2.3398678,0.410614,-6.319721
2024-11-14,15.048913043478258,7.978260869565219,23.48837209302325,1019.7892857142858,2.9325301204819283,,-5.477559429229103,-0.1779311485155954,,14.6171875,0.0020820443,-1.8219515,-1.5600675,6.6171875,-0.113147736
2024-11-15,16.1752688172043,9.418279569892476,2.735632183908046,1020.8107142857144,3.1445783132530125,,-4.35120365550306,1.2620875518116603,,16.44455,0.0018250141,-2.2107673,0.22880046,8.44455,1.7142143
2024-11-16,15.777419354838711,7.108602150537633,0.2873563218390804,1021.7285714285716,2.133734939759036,,-4.74905311786865,-1.0475898675431807,,14.919647,0.00020593787,-1.0951577,-1.0907313,6.919647,0.18931198
2024-11-17,19.03440860215054,5.698924731182796,1.5647058823529412,1021.5928571428574,1.5240963855421688,,-1.492063870556823,-2.457267286898018,,17.974396,1.38867645e-05,-0.20989282,-0.49663255,9.974396,3.2440605
2024-11-18,18.85760869565217,7.268478260869566,1.4767441860465116,1020.9714285714286,1.2265060240963854,,-1.66886377705519,-0.8877137572112481,,17.648224,3.9159008e-07,0.19765623,-0.30221245,9.648224,2.9178886
2024-11-19,15.604301075268818,5.688172043010753,0.1839080459770115,1021.9571428571428,2.0843373493975905,,-4.922171397438543,-2.468019975070061,,16.735687,1.17262825e-05,0.9426651,0.73727894,8.735687,2.005352
2024-11-20,14.742857142857142,6.514285714285715,0.2470588235294117,1023.260714285714,3.4855421686746983,,-5.783615329850219,-1.641906303795099,,15.684784,6.796978e-06,1.8419919,0.094364405,7.684784,0.9544487
2024-11-21,12.756989247311829,7.929032258064517,19.79310344827586,1018.725,5.237349397590361,,-7.769483225395533,-0.2271597600162973,,14.003754,1.1310982e-05,2.8709958,2.2214794,6.0037537,-0.7265816
2024-11-22,13.422580645161291,6.605376344086021,7.839080459770115,1019.9535714285716,2.0518072289156626,,-7.10389182754607,-1.5508156739947934,,14.290802,0.00026461095,1.5612888,0.62653923,6.290802,-0.43953323
2024-11-23,15.802150537634407,6.898924731182796,1.1477272727272727,1023.632142857143,2.834939759036145,,-4.724321935072954,-1.257267286898018,,16.105133,0.00033524213,-0.4914926,0.81717587,8.105133,1.3747978
2024-11-24,16.415053763440863,9.012903225806452,54.71264367816092,1018.475,5.030120481927711,,-4.111418709266498,0.8567112077256382,,17.388641,0.00022982107,-1.608167,0.62787056,9.388641,2.6583061
2024-11-25,15.927956989247312,4.51720430107527,67.86363636363636,1019.475,3.730120481927711,,-4.59851548346005,-3.638987717005544,,14.583405,0.00218409,1.7327728,2.6637752,6.5834045,-0.1469307
2024-11-26,11.146236559139783,2.5161290322580645,0.0909090909090909,1026.9928571428572,1.1686746987951808,,-9.380235913567578,-5.64006298582275,,11.868988,0.00016975564,-0.3019568,-0.5061945,3.868988,-2.8613472
2024-11-27,13.95161290322581,1.0397849462365591,0.4886363636363636,1027.7178571428572,1.083132530120482,,-6.574859569481552,-7.116407071844255,,13.550079,0.0,-0.34198454,-0.6554076,5.5500793,-1.1802559
2024-11-28,15.120652173913046,1.964130434782609,0.2906976744186046,1028.507142857143,1.6109756097560974,,-5.405820298794316,-6.192061583298205,,14.028595,9.4631815e-07,-0.53345746,-0.5094078,6.028595,-0.70174026
2024-11-29,17.11195652173913,5.419565217391304,0.0229885057471264,1028.8714285714286,1.4414634146341463,,-3.41451595096823,-2.7366268006895105,,15.812134,8.8355176e-07,-0.33903122,-0.14167325,7.812134,1.0817986
2024-11-30,18.02173913043478,5.508695652173913,0.0459770114942528,1029.7571428571428,1.3902439024390243,,-2.50473334227258,-2.6474963659069006,,16.251373,5.389253e-08,-0.42565408,-0.39339766,8.251373,1.521038
2024-12-01,16.841758241758242,5.821978021978023,8.204545454545455,1027.6444444444444,1.5280487804878051,,-3.684714230949119,-2.3342139961027915,,14.98291,9.444024e-05,-0.437816,-0.43222818,6.98291,3.7906237
2024-12-02,15.626373626373626,6.442857142857144,5.465909090909091,1026.3777777777775,1.6707317073170735,,-4.900098846333735,-1.71333487522367,,15.857605,0.00014485854,-0.13444965,-0.21668069,7.857605,4.6653185
2024-12-03,12.22272727272727,4.456818181818182,15.847058823529412,1024.9222222222222,2.0121951219512195,,-8.30374519998009,-3.699373836262632,,14.735413,9.8617405e-05,0.65474194,0.175736,6.7354126,3.543126
2024-12-04,13.647777777777778,4.661111111111111,0.2840909090909091,1027.9576923076922,2.3182926829268293,,-6.878694694929584,-3.495080906969702,,13.301178,9.693616e-05,0.54293317,-0.90470725,5.301178,2.1088915
2024-12-05,14.779120879120883,4.056043956043957,0.0681818181818181,1032.2222222222224,1.59390243902439,,-5.747351593586478,-4.100148062036857,,14.789764,4.24737e-06,0.32449278,0.12683487,6.7897644,3.597478
2024-12-06,15.37032967032967,5.910989010989012,0.5113636363636364,1031.4111111111113,1.4085365853658536,,-5.1561428023776905,-2.245203007091802,,15.999481,4.115204e-07,0.218448,0.30962244,7.999481,4.8071947
2024-12-07,14.709890109890113,3.267032967032967,0.3720930232558139,1028.7740740740742,4.124390243902439,,-5.81658236281725,-4.889159051047847,,14.64328,1.1940624e-06,1.4755908,-0.99418956,6.64328,3.4509935
2024-12-08,9.742857142857144,0.5978021978021978,0.1724137931034483,1027.9,3.76219512195122,,-10.783615329850218,-7.558389820278617,,9.705292,1.1175871e-07,1.6326002,-1.7671129,1.7052917,-1.4869947
2024-12-09,8.006666666666668,-0.7488888888888889,0.9090909090909092,1024.562962962963,2.9740740740740743,,-12.519805806040694,-8.905080906969703,,8.83609,9.3205193e-07,1.6676735,-1.2837057,0.8360901,-2.3561964
2024-12-10,8.424444444444443,-1.2533333333333334,0.0919540229885057,1022.5925925925928,1.7012658227848103,,-12.102028028262918,-9.409525351414148,,7.924225,1.2982022e-05,0.4051733,-0.86103255,-0.07577515,-3.2680616
2024-12-11,6.354444444444444,0.5333333333333334,0.3218390804597701,1021.5074074074072,1.3592592592592592,,-14.172028028262918,-7.622858684747481,,7.95578,3.8571623e-05,-0.9783179,-0.9769276,-0.04421997,-3.2365065
2024-12-12,9.53,-0.5866666666666668,9.0,1022.2629629629628,1.905,,-10.99647247270736,-8.74285868474748,,9.526093,7.1509836e-05,-1.0353006,-0.8199838,1.5260925,-1.666194
2024-12-13,8.812087912087913,0.8120879120879122,3.655172413793104,1026.1666666666667,1.328395061728395,,-11.714384560619449,-7.344104105992902,,8.3802185,0.0016542397,0.18029626,0.28119913,0.3802185,-2.812068
2024-12-14,9.645054945054946,-0.9032967032967036,0.5795454545454546,1034.5,1.2419753086419751,,-10.881417527652417,-9.059488721377518,,8.727142,9.096257e-05,-0.37193263,-0.27860644,0.72714233,-2.4651442
2024-12-15,9.717582417582417,-2.6428571428571423,0.6477272727272727,1039.8777777777775,1.85925925925926,,-10.808890055124944,-10.799049160937956,,9.588165,6.3578284e-08,-0.7569279,-1.2773346,1.5881653,-1.6041212
2024-12-16,10.886813186813187,-1.365934065934066,0.4827586206896552,1039.8000000000002,2.28641975308642,,-9.639659285894172,-9.52212608401488,,10.848907,1.7757219e-07,-1.147945,-1.2780762,2.8489075,-0.34337902
2024-12-17,12.27032967032967,-0.3868131868131868,0.6477272727272727,1035.9518518518516,1.4802469135802467,,-8.256142802377692,-8.543005204894001,,10.173309,3.050158e-07,-0.5943737,-0.14460151,2.1733093,-1.0189772
2024-12-18,14.03956043956044,2.3901098901098905,21.632183908045977,1031.3518518518515,2.1024691358024694,,-6.48691203314692,-5.766082127970924,,12.461395,7.346305e-07,-0.055734914,0.54869324,4.4613953,1.2691088
2024-12-19,13.702197802197803,2.808791208791209,10.528735632183908,1028.2703703703703,3.6740740740740745,,-6.824274670509558,-5.347400809289605,,14.101074,0.00030555384,1.4016501,0.22127962,6.101074,2.9087877
2024-12-20,9.257142857142858,-0.9736263736263736,0.264367816091954,1034.4222222222222,2.162962962962963,,-11.269329615564503,-9.129818391707188,,9.437195,2.0100177e-05,-0.60479003,-1.7183098,1.4371948,-1.7550917
2024-12-21,10.265934065934069,-2.6175824175824176,0.2758620689655172,1036.0962962962965,1.5419753086419754,,-10.260538406773296,-10.773774435663231,,10.048523,0.0,-0.14781888,-0.92898846,2.048523,-1.1437635
2024-12-22,13.353846153846154,-0.767032967032967,0.0227272727272727,1033.548148148148,2.237037037037037,,-7.172626318861207,-8.92322498511378,,13.1302185,5.1746304e-07,0.50404423,-0.31987572,5.1302185,1.937932
2024-12-23,10.183516483516485,0.7318681318681318,0.1494252873563218,1032.7777777777776,3.3012345679012345,,-10.342955989190878,-7.424323886212682,,10.418793,3.5751558e-08,-0.4281858,-2.4014614,2.4187927,-0.77349377
2024-12-24,12.901098901098903,0.3043956043956044,0.160919540229885,1032.6,2.1345679012345675,,-7.625373571608458,-7.85179641368521,,13.128143,1.0023484e-06,-0.86220807,-1.6400732,5.1281433,1.9358568
2024-12-25,13.623076923076926,1.5769230769230769,0.4431818181818182,1030.8703703703704,1.4975308641975311,,-6.903395549630435,-6.579268941157737,,14.567108,8.936681e-08,-0.7462349,-1.2783623,6.567108,3.3748217
2024-12-26,13.37912087912088,1.3043956043956044,0.5517241379310345,1030.4185185185188,1.062962962962963,,-7.147351593586482,-6.85179641368521,,13.412964,8.609787e-07,-0.69802094,-0.5148875,5.412964,2.2206774
2024-12-27,10.804395604395603,1.1824175824175824,0.3295454545454545,1032.2592592592594,1.845679012345679,,-9.722076868311758,-6.973774435663231,,11.292999,7.219286e-05,-1.2930735,-1.1450387,3.2929993,0.100712776
2024-12-28,9.573626373626372,-0.2109890109890109,0.2298850574712643,1033.003703703704,1.2851851851851852,,-10.952846099080988,-8.367181029069824,,10.779816,4.55336e-06,-0.5802415,-0.98692036,2.7798157,-0.41247082
2024-12-29,8.785555555555554,-1.3644444444444446,0.2873563218390804,1032.4111111111113,1.24625,,-11.740916917151807,-9.52063646252526,,10.514343,1.5298525e-07,-0.77122355,-1.1589445,2.5143433,-0.6779432
2024-12-30,8.120000000000001,-1.647777777777778,0.2758620689655172,1033.3074074074077,1.2379746835443035,,-12.40647247270736,-9.803969795858592,,8.704803,7.152557e-08,-0.80423564,-1.0594206,0.70480347,-2.487483
2024-12-31,7.845555555555555,-2.13,0.2325581395348837,1034.014814814815,1.235,,-12.680916917151803,-10.286192018080817,,8.635468,3.5762785e-08,-0.63109714,-0.98092383,0.6354675,-2.556819
2025-01-01,8.521111111111113,-1.764444444444445,0.4090909090909091,1033.4,1.34375,,-12.005361361596249,-9.92063646252526,,8.611237,0.0,-0.4161266,-0.8786621,0.6112366,-1.5719223
2025-01-02,9.85934065934066,-1.8822222222222225,0.3522727272727273,1031.5407407407406,1.47625,,-10.6671318133667,-10.038414240303036,,8.146851,0.0,0.19525082,0.35601652,0.14685059,-2.0363083
2025-01-03,9.623076923076924,-0.101098901098901,1.3529411764705883,1029.2925925925924,2.224691358024692,,-10.90339554963044,-8.257290919179715,,8.446808,5.355105e-07,0.6079591,0.9179573,0.44680786,-1.736351
2025-01-04,10.047252747252749,1.713186813186813,2.413793103448276,1025.0814814814814,1.877777777777778,,-10.479219725454612,-6.443005204894001,,8.4617,6.894221e-05,-0.087017216,0.89168596,0.46170044,-1.7214584
2025-01-05,10.353846153846154,4.40989010989011,115.41379310344828,1014.9111111111112,4.717283950617285,,-10.172626318861209,-3.746301908190704,,10.926422,0.001557319,0.74417335,2.9848747,2.926422,0.74326324
2025-01-06,9.803296703296704,2.551648351648352,11.095238095238097,1013.774074074074,3.7777777777777777,,-10.723175769410656,-5.604543666432463,,10.858826,0.0018957934,2.47219,1.4428664,2.8588257,0.6756668
2025-01-07,9.063736263736264,0.5571428571428573,8.306818181818182,1022.6925925925926,3.490123456790123,,-11.462736208971098,-7.599049160937957,,7.8779297,0.000120066026,1.6580797,1.6871338,-0.12207031,-2.3052292
2025-01-08,10.7010989010989,5.57912087912088,37.88636363636363,1020.5185185185188,4.446913580246915,,-9.82537357160846,-2.5770711389599343,,11.139038,0.00019925332,1.6293125,2.6870525,3.139038,0.9558792
2025-01-09,12.517391304347823,6.683695652173912,5.681818181818182,1024.0296296296297,3.9707317073170736,,-8.009081168359536,-1.4724963659069017,,12.358734,0.000122025034,2.6060297,2.1134322,4.358734,2.1755753
2025-01-10,12.885869565217394,6.22608695652174,10.224719101123595,1029.025925925926,2.534146341463414,,-7.640602907489967,-1.9301050615590745,,13.37265,9.21461e-05,1.2812499,1.245751,5.37265,3.1894913
2025-01-11,15.905434782608696,6.248913043478261,5.235955056179775,1029.1333333333334,3.203658536585365,,-4.621037690098666,-1.9072789746025527,,16.39215,0.00019009055,1.2521086,0.116672516,8.392151,6.208992
2025-01-12,12.834782608695654,1.5260869565217392,0.0909090909090909,1033.5296296296297,2.509756097560976,,-7.691689864011707,-6.630105061559075,,12.935516,1.5577658e-05,-0.33904138,-2.0760155,4.9355164,2.7523575
2025-01-13,10.569565217391304,-3.25,0.0,1032.674074074074,2.0890243902439027,,-9.956907255316056,-11.406192018080814,,10.717987,4.769613e-07,-0.43974176,-1.2009403,2.717987,0.5348282
2025-01-14,10.720652173913043,-4.881521739130435,0.0,1033.8777777777775,1.4670731707317073,,-9.805820298794318,-13.03771375721125,,8.796326,9.1033684e-07,-0.42114702,-0.72786,0.7963257,-1.3868332
2025-01-15,11.716304347826084,-4.698913043478262,0.0674157303370786,1031.5296296296294,1.657317073170732,,-8.810168124881276,-12.855105061559076,,9.454315,3.787377e-07,0.029784521,-0.42258945,1.4543152,-0.7288437
2025-01-16,12.276923076923078,-1.920879120879121,0.0454545454545454,1027.362962962963,2.139506172839506,,-8.249549395784284,-10.077071138959935,,10.003723,5.461772e-05,-1.3118902,-1.0156263,2.0037231,-0.17943573
2025-01-17,10.15824175824176,-1.6604395604395608,0.1136363636363636,1031.3,2.2300000000000004,,-10.3682307144656,-9.816631578520376,,10.467377,2.6639871e-05,-1.864008,-2.11335,2.4673767,0.28421783
2025-01-18,11.08021978021978,-3.2109890109890107,0.0909090909090909,1029.2333333333331,1.2518518518518518,,-9.44625269248758,-11.367181029069824,,9.386963,5.6922437e-07,-0.08787791,-0.27386686,1.3869629,-0.796196
2025-01-19,10.320879120879122,-3.4725274725274726,32.53409090909091,1023.9,1.9197530864197527,,-10.20559335182824,-11.628719490608288,,8.216705,3.2544467e-05,0.050181072,0.2772807,0.21670532,-1.9664536
2025-01-20,8.497802197802198,3.4384615384615387,137.88636363636363,1018.5888888888888,1.958024691358025,,-12.028670274905163,-4.717730479619275,,6.7155457,0.0024582036,-0.29405364,0.89526725,-1.2844543,-3.4676132
2025-01-21,11.038461538461538,6.3439560439560445,168.04545454545453,1013.977777777778,2.9,,-9.488010934245825,-1.8122359741247696,,9.754547,0.007653335,-0.12659073,1.3327664,1.7545471,-0.42861176
2025-01-22,11.72717391304348,7.741304347826088,179.93103448275863,1011.3555555555554,3.793902439024391,,-8.799298559663882,-0.4148876702547257,,12.7352295,0.002368898,0.7789332,2.8468792,4.7352295,2.5520706
2025-01-23,13.758888888888889,7.054444444444446,9.781609195402298,1017.6407407407409,1.3575,,-6.767583583818473,-1.1017475736363682,,13.4392395,0.0006150916,0.92000514,1.6284658,5.4392395,3.2560806
2025-01-24,12.496739130434785,7.020652173913044,33.11764705882353,1020.2481481481482,3.320987654320988,,-8.029733342272579,-1.13553984416777,,12.308563,0.0006238195,1.0727209,2.4851933,4.308563,2.1254044
2025-01-25,11.425806451612903,3.8053763440860218,33.258426966292134,1019.739285714286,3.604878048780488,,-9.100666021094456,-4.350815673994792,,11.118195,0.00090716203,2.2053735,2.5254192,3.1181946,0.9350357
2025-01-26,12.917391304347827,3.095652173913044,181.5977011494253,1017.7714285714284,5.558536585365855,,-7.609081168359534,-5.060539844167771,,12.395782,0.00021872403,2.2233908,3.6117232,4.3957825,2.2126236
2025-01-27,13.668478260869568,4.578260869565218,123.40449438202248,1012.7464285714289,7.092682926829268,,-6.857994211837793,-3.577931148515596,,12.18335,0.003954467,4.5080357,4.152886,4.1833496,2.0001907
2025-01-28,8.593548387096773,2.670967741935484,9.511627906976743,1022.6464285714284,5.212345679012346,,-11.932924085610589,-5.48522427614533,,10.665253,0.0011995798,3.8490784,1.3277885,2.6652527,0.4820938
2025-01-29,8.223913043478262,2.476086956521739,88.14772727272727,1020.6928571428572,4.551851851851851,,-12.3025594292291,-5.680105061559075,,7.4707336,0.002292717,2.1161766,2.7561681,-0.52926636,-2.7124252
2025-01-30,9.306521739130435,1.3619565217391305,0.6818181818181818,1024.0464285714286,4.421250000000001,,-11.219950733576926,-6.794235496341684,,10.53183,0.00025550343,1.5053009,-1.6883087,2.5318298,0.34867096
2025-01-31,9.966304347826089,-0.8608695652173912,0.0674157303370786,1032.8964285714287,1.73625,,-10.560168124881274,-9.017061583298204,,10.256836,1.043702e-06,0.09055364,-1.5028744,2.256836,0.07367706
2025-02-01,12.276086956521738,-0.458695652173913,1.3666666666666667,1027.325,2.1275000000000004,,-8.250385516185624,-8.614887670254728,,11.181305,2.9804808e-06,0.07610234,-1.0802103,3.181305,-2.8663874
2025-02-02,9.206521739130435,-0.4108695652173912,34.89887640449438,1023.7892857142856,1.6825,,-11.319950733576924,-8.567061583298205,,10.377014,0.0002929993,0.06371689,-0.5228672,2.3770142,-3.6706781
2025-02-03,10.346236559139786,-0.166304347826087,2.5280898876404496,1027.1285714285716,1.92875,,-10.180235913567577,-8.3224963659069,,11.394684,0.00022124239,-1.2854067,-1.7969799,3.3946838,-2.6530085
2025-02-04,11.835483870967742,-0.8870967741935485,2.067415730337079,1032.392857142857,1.432098765432099,,-8.690988601739619,-9.043288792274362,,12.175934,5.9931226e-06,-0.072193146,-0.2800846,4.175934,-1.8717585
2025-02-05,12.13010752688172,-1.0655913978494624,0.2247191011235955,1036.382142857143,1.3555555555555556,,-8.396364945825642,-9.221783415930275,,13.458221,1.4205771e-07,-0.29810902,-0.9272289,5.4582214,-0.58947086
2025-02-06,11.679347826086952,-1.4739130434782608,0.6777777777777778,1031.1185185185186,1.234567901234568,,-8.847124646620408,-9.630105061559076,,12.285187,1.1246651e-06,-0.03660333,0.048354704,4.285187,-1.7625055
2025-02-07,9.07717391304348,0.0239130434782608,81.0111111111111,1022.7851851851854,2.840740740740741,,-11.449298559663882,-8.132278974602553,,8.807098,0.0014559488,1.0745119,1.7828761,0.8070984,-5.240594
2025-02-08,10.62608695652174,0.2956521739130435,1.4,1025.0074074074075,1.655555555555556,,-9.90038551618562,-7.86053984416777,,10.73996,0.0001656928,0.79427665,0.70854187,2.7399597,-3.3077326
2025-02-09,14.042391304347827,3.3978260869565218,6.659090909090909,1027.3555555555556,1.3111111111111111,,-6.484081168359534,-4.758365931124292,,12.438904,4.817421e-06,-0.3540794,0.14449807,4.438904,-1.6087885
2025-02-10,13.434065934065934,5.384615384615385,3.375,1022.514814814815,1.67,,-7.092406538641427,-2.771576633465429,,12.65097,0.0005429178,-0.2855334,-0.058150608,4.6509705,-1.3967218
2025-02-11,12.730434782608697,3.8208791208791215,106.47727272727272,1018.3461538461542,2.872151898734177,,-7.796037690098664,-4.3353128972016926,,13.66629,0.00040604325,-0.37644768,1.1028831,5.6662903,-0.38140202
2025-02-12,11.709782608695654,3.756521739130436,4.433333333333334,1019.9,3.197530864197531,,-8.816689864011707,-4.399670278950378,,13.397614,0.0026417347,1.5623201,-0.5212436,5.3976135,-0.6500788
2025-02-13,13.672527472527474,2.4505494505494507,0.0568181818181818,1023.925,1.5743589743589743,,-6.853945000179888,-5.705642567531363,,14.025116,0.00011180129,0.5132389,0.4187316,6.025116,-0.022576332
2025-02-14,16.00326086956522,2.6673913043478263,0.0,1020.759259259259,1.438271604938271,,-4.5232116031421405,-5.488800713732988,,15.217804,9.1647524e-07,-0.21762149,0.103439964,7.217804,1.1701117
2025-02-15,15.53913043478261,3.556521739130435,0.0222222222222222,1016.1148148148148,2.3925925925925933,,-4.987342037924751,-4.599670278950379,,15.877136,6.2621484e-07,-0.40644836,-0.36099944,7.877136,1.8294439
2025-02-16,17.00978260869565,3.2086956521739136,0.8555555555555555,1016.4592592592592,2.3888888888888893,,-3.5166898640117097,-4.9474963659069005,,16.86795,1.5234615e-06,0.5705859,0.071097694,8.86795,2.8202581
2025-02-17,14.785869565217393,3.998913043478261,0.1444444444444444,1017.914814814815,1.3320987654320988,,-5.7406029074899685,-4.157278974602553,,14.452667,1.0759508e-05,-0.07761828,-0.07025973,6.452667,0.40497494
2025-02-18,15.033695652173916,5.140217391304348,1.6444444444444444,1014.7037037037036,2.6271604938271604,,-5.492776820533447,-3.015974626776466,,16.371613,9.357929e-07,-0.670954,-0.5453377,8.371613,2.3239202
2025-02-19,15.693478260869565,5.576086956521739,2.1797752808988764,1021.7259259259258,1.5098765432098764,,-4.832994211837796,-2.580105061559075,,15.740936,2.7306689e-05,0.49818483,0.45258713,7.7409363,1.693244
2025-02-20,16.847252747252746,4.320879120879121,0.0681818181818181,1027.8111111111111,1.6135802469135805,,-3.6792197254546153,-3.835312897201693,,16.721283,4.017105e-06,0.4119638,0.47255075,8.721283,2.6735907
2025-02-21,14.782608695652174,5.673913043478261,63.74444444444445,1022.477777777778,3.8493827160493823,,-5.743863777055188,-2.4822789746025533,,16.31662,0.00023117872,0.31115595,1.5814003,8.31662,2.2689276
2025-02-22,12.668478260869565,3.5728260869565216,4.224719101123595,1025.0666666666668,2.092592592592593,,-7.857994211837799,-4.583365931124293,,13.725525,0.0003847701,1.296608,0.08834668,5.725525,-0.3221674
2025-02-23,15.11195652173913,0.925,0.5222222222222223,1031.462962962963,1.439506172839506,,-5.414515950968232,-7.231192018080814,,15.021576,2.0042056e-05,0.3906218,-0.19609487,7.021576,0.9738836
2025-02-24,15.445652173913045,3.404347826086956,4.033333333333333,1029.8629629629631,2.581481481481481,,-5.080820298794318,-4.751844191993857,,15.184601,4.1115644e-07,1.164641,1.4817585,7.184601,1.1369085
2025-02-25,12.611956521739137,2.781521739130435,2.977777777777778,1028.3666666666668,3.2913580246913585,,-7.914515950968227,-5.374670278950379,,13.387817,3.5518868e-05,1.5767599,-0.3069814,5.3878174,-0.6598749
2025-02-26,13.244565217391305,-0.3934782608695652,0.4666666666666667,1028.0407407407406,1.5225,,-7.281907255316057,-8.54967027895038,,12.7655945,3.306964e-06,-0.0029246013,0.29364905,4.7655945,-1.2820978
2025-02-27,12.931868131868134,3.5483516483516486,3.422222222222222,1021.6653846153848,1.6000000000000003,,-7.594604340839227,-4.607840369729166,,13.316559,2.0429552e-06,-0.28513274,-0.03393491,5.316559,-0.73113346
2025-02-28,14.909782608695652,4.55108695652174,16.366666666666667,1017.5666666666668,2.685185185185185,,-5.616689864011709,-3.6051050615590734,,15.204041,5.7939815e-05,-1.8520437,-1.1695766,7.2040405,1.1563482
2025-03-01,8.40989010989011,3.4989010989010985,64.15730337078652,1019.874074074074,3.6740740740740736,,-12.116582362817253,-4.657290919179715,,8.4114685,0.0035276657,-1.9836546,-1.8870144,0.4114685,-6.832303
2025-03-02,5.860439560439561,1.956043956043956,128.32222222222222,1022.2925925925928,3.751851851851852,,-14.6660329122678,-6.200148062036858,,6.0312195,0.006199738,-2.1121929,-2.2039173,-1.9687805,-9.212552
2025-03-03,10.203296703296704,4.523076923076923,102.93333333333334,1018.7185185185184,3.54320987654321,,-10.32317576941066,-3.633115095003891,,10.844513,0.0063705263,-2.082033,-1.5315657,2.844513,-4.3992586
2025-03-04,13.837362637362636,6.367032967032967,45.0,1018.077777777778,3.06875,,-6.689109835344725,-1.7891590510478474,,13.844879,0.001851674,-1.6749941,-1.0872746,5.844879,-1.3988924
2025-03-05,12.597802197802196,7.312087912087912,53.36363636363637,1017.677777777778,3.848148148148148,,-7.928670274905166,-0.8441041059929022,,11.684601,0.0038485357,-2.1939669,-1.2436393,3.6846008,-3.5591707
2025-03-06,13.511827956989247,7.084946236559141,71.71111111111111,1015.1428571428572,3.3555555555555565,,-7.014644515718112,-1.0712457815216734,,13.068848,0.015424673,-1.776069,1.0613397,5.0688477,-2.174924
2025-03-07,11.78494623655914,6.276344086021506,126.3956043956044,1011.5000000000002,4.213414634146342,,-8.741526236148221,-1.879847932059308,,12.864777,0.0058286157,-1.2467871,2.1899793,4.8647766,-2.378995
2025-03-08,10.236956521739131,3.954347826086957,199.0888888888889,1002.4392857142858,5.535365853658537,,-10.28951595096823,-4.201844191993858,,11.105957,0.01174287,-1.0104722,3.7049053,3.105957,-4.1378145
2025-03-09,9.92608695652174,2.394565217391305,58.15555555555556,1001.3428571428572,2.9475609756097563,,-10.600385516185622,-5.761626800689509,,9.446045,0.0028186953,0.9251111,2.335416,1.4460449,-5.7977266
2025-03-10,10.277173913043478,3.1347826086956525,216.14444444444445,1002.239285714286,3.1,,-10.249298559663885,-5.021409409385162,,10.278809,0.0017466209,-0.005091985,2.2733529,2.2788086,-4.964963
2025-03-11,10.806451612903228,5.068817204301076,79.43333333333334,1003.9142857142858,2.5783132530120483,,-9.720020859804134,-3.0873748137797383,,10.625519,0.0032482569,1.5207888,2.255514,2.6255188,-4.6182528
2025-03-12,11.423913043478262,2.653260869565217,5.505882352941176,1006.1142857142856,3.032098765432099,,-9.1025594292291,-5.5029311485155965,,12.494965,0.00036552714,2.1100914,1.4684614,4.4949646,-2.748807
2025-03-13,10.119354838709675,2.8516129032258064,58.142857142857146,1000.2285714285716,2.090243902439025,,-10.407117633997684,-5.304579114855008,,9.984283,0.0013621632,-0.8065376,-0.36485767,1.9842834,-5.259488
2025-03-14,8.790217391304349,0.2630434782608695,1.6,1006.5321428571432,3.225609756097562,,-11.736255081403012,-7.893148539819944,,10.679413,0.0002614579,-0.7309907,-2.359174,2.6794128,-4.5643587
2025-03-15,9.416129032258064,-1.4141304347826087,40.21111111111111,1015.2035714285712,1.834567901234568,,-11.110343440449295,-9.570322452863422,,10.15683,0.00016742763,0.7046337,0.1149377,2.1568298,-5.0869417
2025-03-16,9.12826086956522,1.7282608695652173,27.53333333333333,1018.1892857142858,1.88125,,-11.398211603142142,-6.427931148515597,,10.0277405,0.0029017704,0.72840625,0.3318812,2.0277405,-5.216031
2025-03-17,10.582608695652176,2.471739130434783,127.70454545454544,1016.1178571428572,3.198765432098765,,-9.943863777055189,-5.684452887646032,,8.927155,0.0026617805,-2.153855,-0.023322344,0.92715454,-6.316617
2025-03-18,11.600000000000003,5.893478260869566,84.92222222222222,1014.7888888888888,2.814634146341464,,-8.926472472707356,-2.262713757211248,,10.358307,0.013444948,-2.0746973,1.8065804,2.358307,-4.8854647
2025-03-19,15.03076923076923,6.402173913043479,18.95505617977528,1016.0576923076924,4.674074074074074,,-5.495703241938131,-1.7540181050373356,,16.409027,0.0023679058,-2.2599576,1.8903681,8.409027,1.1652555
2025-03-20,14.043010752688172,7.286021505376346,177.62637362637363,1012.6111111111112,4.989156626506024,,-6.483461720019189,-0.8701705127044681,,16.161652,0.002747042,-1.9257302,2.97081,8.161652,0.91788006
2025-03-21,10.67741935483871,4.869565217391305,183.45555555555555,1009.4962962962962,5.252439024390244,,-9.849053117868651,-3.2866268006895094,,11.221222,0.007220391,2.3832557,4.4221134,3.221222,-4.0225496
2025-03-22,9.36774193548387,2.8141304347826086,92.52222222222224,1009.4703703703706,4.958024691358025,,-11.15873053722349,-5.3420615832982055,,9.832428,0.0026209063,3.6110394,3.0909874,1.832428,-5.4113436
2025-03-23,10.23763440860215,1.4043010752688172,14.054945054945057,1013.6814814814816,2.571604938271605,,-10.288838064105212,-6.751890942811997,,11.10556,0.0014675702,1.5201212,0.062582016,3.1055603,-4.1382113
2025-03-24,13.09247311827957,1.8365591397849463,36.42857142857143,1019.8740740740742,2.62375,,-7.433999354427792,-6.319632878295868,,12.215118,0.0015266339,0.9129546,-0.66871756,4.2151184,-3.0286531
2025-03-25,13.860869565217389,3.610869565217392,3.2333333333333334,1024.7740740740744,2.3375000000000004,,-6.665602907489973,-4.545322452863422,,14.253204,0.00023631022,-0.5853357,-1.886249,6.2532043,-0.9905672
2025-03-26,14.594680851063828,2.7510638297872343,0.6813186813186813,1023.789285714286,1.924691358024692,,-5.931791621643534,-5.405128188293579,,14.152496,3.2755728e-05,-0.1719547,-1.2594982,6.1524963,-1.0912752
2025-03-27,14.035106382978723,2.40531914893617,0.2637362637362637,1020.4214285714286,1.938271604938272,,-6.491366089728636,-5.750872869144644,,14.226227,2.580881e-06,-0.3980527,-1.1958054,6.226227,-1.0175447
2025-03-28,16.451063829787234,2.8276595744680857,0.0,1021.5285714285716,2.2839506172839505,,-4.075408642920127,-5.328532443612728,,16.473175,1.1997137e-06,0.2758545,-1.6120415,8.473175,1.2294035
2025-03-29,16.278723404255324,3.1563829787234043,0.0,1024.2392857142856,3.087654320987654,,-4.247749068452038,-4.99980903935741,,15.201141,5.900859e-07,-0.41690698,-2.2161467,7.2011414,-0.042630196
2025-03-30,18.594680851063835,1.7744680851063834,0.0,1023.9464285714288,2.4938271604938267,,-1.9317916216435265,-6.381723932974431,,18.012848,5.3644175e-07,-1.4438254,-1.3603467,10.012848,2.7690763
2025-03-31,23.412765957446805,4.339361702127659,0.0,1018.1071428571428,1.9050000000000005,,2.8862934847394435,-3.816830315953154,,21.473297,5.3569676e-07,-0.65424156,-0.76521176,13.473297,6.2295256
2025-04-01,21.144565217391303,6.473913043478262,0.1555555555555555,1010.0178571428572,2.12625,,0.6180927446839419,-1.6822789746025515,,21.090546,1.6118088e-07,0.6749706,0.37994716,13.090546,2.0830746
2025-04-02,17.337634408602153,6.265591397849463,114.48314606741572,1006.475,2.91604938271605,,-3.1888380641052088,-1.8906006202313508,,18.200653,0.00012984473,1.2602386,1.9674721,10.200653,-0.806818
2025-04-03,11.95,6.770652173913043,103.17977528089888,1011.948148148148,3.3237499999999995,,-8.57647247270736,-1.3855398441677709,,11.547211,0.016253596,-1.0600115,0.97655565,3.5472107,-7.4602604
2025-04-04,13.563043478260871,7.489130434782608,140.53932584269663,1010.7629629629632,4.61125,,-6.96342899444649,-0.6670615832982056,,15.668549,0.008473073,-0.41783777,3.015309,7.6685486,-3.3389225
2025-04-05,15.132967032967032,6.258241758241759,2.25,1015.7259259259258,2.42625,,-5.393505439740329,-1.897950259839055,,15.043671,0.0007232391,1.5916404,1.4122263,7.0436707,-3.9638004
2025-04-06,17.377777777777776,5.430000000000001,0.7586206896551724,1017.5846153846154,1.578481012658228,,-3.148694694929585,-2.726192018080813,,17.118011,9.969583e-05,0.57732075,-0.049363494,9.118011,-1.8894596
2025-04-07,21.05777777777778,5.215555555555556,0.0459770114942528,1019.8884615384616,1.4962025316455694,,0.5313053050704184,-2.9406364625252586,,20.196869,7.3624797e-06,0.081570946,-0.3661002,12.196869,1.1893978
2025-04-08,23.18387096774194,7.225806451612903,0.0,1020.9571428571428,2.2703703703703706,,2.657398495034577,-0.930385566467911,,22.533539,1.8129741e-08,-1.0335222,-0.5088317,14.533539,3.5260677
2025-04-09,23.88172043010753,8.200000000000001,0.0,1017.7785714285714,1.7625000000000004,,3.35524795740017,0.043807981919187,,22.261993,2.1662561e-07,-1.0055479,-0.86863834,14.261993,3.2545223
2025-04-10,22.53655913978495,9.176086956521742,1.1222222222222222,1016.7107142857144,3.28125,,2.010086667077587,1.0198949384409275,,21.475098,2.312163e-07,-2.2028382,0.3919954,13.475098,2.4676266
2025-04-11,15.775268817204305,9.087096774193547,51.19101123595506,1015.7928571428572,2.9925925925925925,,-4.751203655503058,0.930904756112735,,18.600311,0.003080706,-2.0411282,0.4243257,10.600311,-0.4071598
2025-04-12,16.717391304347824,8.659782608695652,71.37078651685393,1012.2071428571428,1.755555555555555,,-3.809081168359537,0.5035905906148379,,17.397308,0.0019517598,0.11774,0.89215213,9.397308,-1.6101627
2025-04-13,18.062365591397853,9.0505376344086,13.3,1011.5892857142856,1.928395061728396,,-2.464106881309508,0.8943456163277865,,17.869781,0.0008937791,0.28526625,0.3751234,9.8697815,-1.1376896
2025-04-14,15.233333333333336,7.122580645161292,60.577777777777776,1008.7071428571428,4.170370370370371,,-5.293139139374025,-1.0336113729195224,,16.323425,0.00024843463,2.281269,2.2250323,8.323425,-2.6840458
2025-04-15,10.966666666666669,3.1988888888888884,19.26744186046512,1010.5642857142858,3.943037974683545,,-9.559805806040693,-4.957303129191926,,11.952484,0.0033364927,2.775137,1.0290735,3.9524841,-7.054987
2025-04-16,10.816666666666668,1.31,31.45977011494253,1016.9857142857144,4.008860759493671,,-9.709805806040691,-6.846192018080814,,11.997711,0.0005538227,2.755888,0.7245552,3.9977112,-7.00976
2025-04-17,16.179347826086957,3.5815217391304355,6.277777777777778,1018.9321428571428,3.03,,-4.347124646620404,-4.574670278950379,,17.606384,4.6033787e-05,2.0178318,0.8822498,9.606384,-1.4010868
2025-04-18,15.906521739130437,7.644565217391304,112.17977528089888,1013.4535714285716,4.106329113924051,,-4.619950733576925,-0.5116268006895099,,17.767273,0.0015079329,1.8187071,2.8065312,9.767273,-1.2401981
2025-04-19,11.47802197802198,3.941111111111112,35.372093023255815,1009.5214285714284,5.611392405063292,,-9.04845049468538,-4.215080906969702,,13.1814575,0.0038346408,3.611089,2.1412842,5.1814575,-5.8260136
2025-04-20,14.7,4.455555555555556,5.436781609195402,1013.7071428571428,3.275949367088608,,-5.82647247270736,-3.7006364625252575,,15.378326,0.0009224937,1.9423841,0.2134167,7.3783264,-3.6291447
2025-04-21,16.331521739130434,4.647777777777778,33.627906976744185,1019.117857142857,2.139240506329114,,-4.194950733576928,-3.5084142403030363,,16.551239,8.198945e-05,1.0554409,0.8637151,8.551239,-2.456232
2025-04-22,17.065217391304348,6.825274725274726,0.5168539325842697,1022.1481481481484,2.06125,,-3.4612550814030136,-1.3309172928060882,,17.671265,0.000354745,0.41799608,-0.7494361,9.671265,-1.3362064
2025-04-23,21.12150537634409,5.233333333333333,0.0222222222222222,1024.1714285714288,1.5617283950617284,,0.5950329036367279,-2.9228586847474807,,20.716583,2.3915114e-05,-0.006239573,0.05414899,12.716583,1.7091122
2025-04-24,24.66304347826087,7.7956521739130435,0.0,1020.1285714285714,1.5666666666666669,,4.13657100555351,-0.3605398441677705,,23.807922,5.902959e-07,-0.371514,-0.43177506,15.807922,4.8004513
2025-04-25,24.181914893617027,9.111702127659576,19.066666666666663,1016.0310344827586,2.967901234567901,,3.655442420909665,0.9555101095787606,,23.959839,0.000119675875,1.0265249,0.15458596,15.959839,4.952368
2025-04-26,19.387234042553192,7.423404255319149,0.0219780219780219,1021.1758620689656,2.9790123456790125,,-1.139238430154169,-0.7327877627616655,,19.837646,2.9161261e-05,0.30082384,-2.3589494,11.8376465,0.8301754
2025-04-27,19.73617021276596,5.132978723404256,0.0,1023.8448275862067,2.369135802469136,,-0.7903022599414058,-3.023213294676558,,20.126068,1.4232331e-06,-1.7346935,-1.6285886,12.126068,1.118597
2025-04-28,22.20229885057472,6.677011494252874,0.0,1019.7954545454544,3.164864864864865,,1.6758263778673523,-1.4791805238279396,,21.70108,7.873461e-07,-1.9426975,0.13007545,13.70108,2.6936092
2025-04-29,21.537634408602152,9.151612903225807,0.0449438202247191,1015.9384615384614,4.2873417721518985,,1.0111619358947903,0.995420885144993,,21.580444,3.327523e-06,-2.729316,0.78812665,13.580444,2.5729733
2025-04-30,18.82258064516129,7.910752688172045,94.1,1014.5379310344828,3.89,,-1.7038918275460695,-0.2454393299087689,,21.680206,0.0010176277,-2.177438,1.232029,13.680206,2.6727352
2025-05-01,20.11914893617021,8.053191489361703,103.4,1014.9517241379313,2.3703703703703702,,-0.4073235365371488,-0.1030005287191109,,20.26941,0.0054909326,-0.88046837,0.06388918,12.269409,-3.9113674
2025-05-02,17.42,9.44421052631579,107.42857142857144,1013.8689655172412,3.606172839506173,,-3.10647247270736,1.288018508234975,,17.66452,0.013945069,-0.45273972,0.043907404,9.66452,-6.5162563
2025-05-03,18.1021052631579,9.290526315789474,62.96703296703296,1015.4862068965518,2.908641975308642,,-2.4243672095494624,1.1343342977086603,,17.378204,0.0017143075,0.84005165,1.8831787,9.378204,-6.8025723
2025-05-04,15.189473684210526,8.883157894736842,55.20879120879121,1014.2620689655172,2.561728395061728,,-5.336998788496835,0.7269658766560276,,16.245758,0.00078056665,1.9587549,1.8996426,8.245758,-7.9350185
2025-05-05,17.19578947368421,8.053684210526317,44.27777777777778,1014.493103448276,2.3864197530864204,,-3.33068299902315,-0.1025078075544971,,17.163116,0.001764238,1.2207813,0.3091924,9.163116,-7.01766
2025-05-06,15.906315789473688,5.7,0.2111111111111111,1016.7827586206896,2.25679012345679,,-4.620156683233674,-2.456192018080814,,16.001862,0.00023190929,-0.92033833,-0.8614127,8.001862,-8.178915
2025-05-07,18.84526315789473,5.176842105263158,3.337078651685393,1014.8206896551724,1.895,,-1.6812093148126266,-2.979349912817656,,18.21872,3.6562404e-05,-1.1784197,-1.1891403,10.2187195,-5.962057
2025-05-08,17.22421052631579,7.406315789473685,35.043956043956044,1012.451724137931,2.245679012345679,,-3.302261946391571,-0.7498762286071292,,17.266205,0.001969451,0.3347613,0.42524838,9.266205,-6.914572
2025-05-09,16.645744680851063,7.651063829787234,33.5,1012.2724137931036,2.7617283950617284,,-3.880727791856298,-0.5051281882935799,,16.95224,0.00041935686,1.3173288,1.7111994,8.95224,-7.2285366
2025-05-10,16.09578947368421,7.3168421052631585,29.67032967032967,1012.5517241379312,3.645679012345679,,-4.430682999023151,-0.8393499128176556,,16.434662,0.006718866,1.2036558,1.6327176,8.434662,-7.7461147
2025-05-11,16.07578947368421,5.137894736842106,1.3076923076923077,1016.5137931034484,3.2432098765432102,,-4.450682999023151,-3.0182972812387083,,16.12082,0.0004939605,1.8489596,0.44946468,8.120819,-8.0599575
2025-05-12,17.864210526315787,5.197894736842106,10.934065934065934,1016.555172413793,2.609876543209876,,-2.662261946391574,-2.958297281238708,,17.012085,2.899606e-05,1.1798865,0.44624996,9.012085,-7.1686916
2025-05-13,19.15744680851064,6.651612903225808,12.651685393258427,1014.782142857143,1.87875,,-1.3690256641967231,-1.504579114855006,,19.166077,2.4335646e-05,0.5253404,-0.04688235,11.166077,-5.0147
2025-05-14,19.53085106382979,7.265591397849463,50.48863636363637,1016.4137931034484,2.2734177215189875,,-0.9956214088775716,-0.8906006202313508,,19.647186,0.0006029718,-0.08435122,-0.56196266,11.647186,-4.5335903
2025-05-15,18.532978723404256,7.921276595744683,13.977777777777778,1019.4296296296296,2.18125,,-1.9934937493031053,-0.2349154223361313,,17.952484,0.0019023815,-0.31681314,-2.0324094,9.952484,-6.2282925
2025-05-16,21.73829787234043,7.39468085106383,0.0777777777777777,1018.8592592592591,2.06625,,1.2118253996330672,-0.7615111670169838,,22.14502,9.793559e-05,-0.15454166,-1.4569689,14.14502,-2.035757
2025-05-17,24.09148936170213,7.688297872340427,0.0,1016.3137931034483,1.65,,3.5650168889947693,-0.4678941457403871,,23.052582,8.21799e-07,-0.5094312,-0.43681383,15.052582,-1.1281948
2025-05-18,25.156382978723407,9.742553191489364,0.1,1014.1034482758622,3.43125,,4.629910506016046,1.58636117340855,,25.109253,2.1409367e-05,0.18122928,0.8880355,17.109253,0.92847633
2025-05-19,18.83510638297872,8.731914893617022,5.582417582417582,1019.1310344827588,3.4,,-1.691366089728639,0.5757228755362078,,18.483765,0.0013130518,2.2875762,1.0859953,10.483765,-5.697012
2025-05-20,22.4872340425532,7.854255319148937,0.0222222222222222,1022.5758620689654,1.94375,,1.9607615698458325,-0.3019366989318772,,23.173615,0.00012947363,0.13389333,-1.0131687,15.1736145,-1.0071621
2025-05-21,25.00851063829787,8.919148936170213,0.1318681318681318,1019.748275862069,2.20125,,4.4820381655905095,0.7629569180893991,,24.262451,1.2329026e-06,0.20937283,0.03589503,16.262451,0.081674576
2025-05-22,21.676086956521743,9.684782608695652,0.0,1019.1142857142858,3.1900000000000004,,1.149614483814382,1.5285905906148385,,21.818695,8.93799e-08,-1.2478682,-2.4342344,13.818695,-2.3620815
2025-05-23,22.55760869565217,6.86413043478261,0.0,1020.3321428571428,2.985897435897436,,2.0311362229448093,-1.292061583298204,,22.184052,0.0,-2.1320603,-2.355564,14.1840515,-1.9967251
2025-05-24,25.031914893617024,6.910638297872341,0.0,1021.6862068965518,1.835,,4.505442420909663,-1.2455537202084734,,24.383728,1.7757218e-07,-0.2901236,-0.53122073,16.383728,0.20295143
2025-05-25,27.6763440860215,10.20967741935484,0.2444444444444444,1020.348275862069,2.2848101265822787,,7.14987161331414,2.053485401274026,,27.286346,4.6922514e-06,0.5331561,0.17190428,19.286346,3.1055698
2025-05-26,27.76021505376344,11.706521739130435,0.0,1020.1724137931034,2.19620253164557,,7.233742581056077,3.550329721049623,,28.575348,9.23872e-07,0.26251602,-0.3620491,20.575348,4.3945713
2025-05-27,29.8063829787234,11.430851063829786,0.0,1021.5827586206896,1.9075,,9.27991050601604,3.2746590457489724,,29.619537,5.2017464e-07,-0.21997134,-0.589578,21.619537,5.4387608
2025-05-28,31.50217391304348,13.00978260869565,0.0,1022.9857142857144,1.7000000000000004,,10.97570144033612,4.853590590614836,,31.281464,3.5886963e-08,-0.3259805,-0.36006293,23.281464,7.100687
2025-05-29,32.90430107526882,14.41304347826087,2.855555555555556,1021.4214285714286,1.9525641025641027,,12.377828602561458,6.256851460180055,,32.682617,0.0,-0.8563029,-1.2492441,24.682617,8.501841
2025-05-30,32.70106382978724,16.236263736263737,8.215909090909092,1019.6678571428572,2.6243589743589744,,12.174591357079876,8.080071718182923,,33.136505,1.8016124e-05,0.053444546,-0.32925153,25.136505,8.955729
2025-05-31,33.22717391304348,15.65326086956522,5.876404494382022,1019.1793103448276,2.5487179487179485,,12.700701440336118,7.497068851484405,,33.624786,6.5583117e-06,0.089873634,-0.280257,25.624786,9.44401
2025-06-01,31.64130434782609,17.076086956521742,1.8764044943820224,1016.210344827586,2.946153846153846,,11.114831875118725,8.919894938440928,,32.633698,5.3829135e-05,0.620362,0.23256135,24.633698,3.261858
2025-06-02,28.81521739130435,15.0054347826087,10.02247191011236,1013.1517241379312,2.812820512820513,,8.28874491859699,6.849242764527885,,31.186981,8.441162e-05,0.58974963,0.6071976,23.186981,1.8151417
2025-06-03,22.6483870967742,12.40967741935484,43.5,1014.4896551724136,2.905063291139241,,2.121914624066836,4.253485401274027,,25.263092,0.00018586822,1.4107132,1.0914297,17.263092,-4.1087475
2025-06-04,23.508510638297874,10.20744680851064,0.1978021978021978,1016.7689655172412,2.82125,,2.982038165590513,2.051254790429825,,24.72351,2.493648e-05,1.703867,0.99818367,16.72351,-4.648329
2025-06-05,27.24408602150537,10.751612903225809,0.0444444444444444,1017.2551724137934,2.425,,6.717613548798013,2.5954208851449927,,27.688263,5.535781e-07,1.2572874,0.7252205,19.688263,-1.6835766
2025-06-06,28.449473684210524,11.62315789473684,0.0439560439560439,1017.0862068965516,2.6604938271604937,,7.923001211503163,3.466965876656026,,30.107147,0.0,1.5792547,0.8425594,22.107147,0.7353077
2025-06-07,29.30531914893617,12.38191489361702,0.0543478260869565,1017.4068965517242,2.750617283950617,,8.778846676228813,4.225722875536206,,30.953918,2.7194622e-07,1.6312872,0.6617275,22.953918,1.5820789
2025-06-08,32.026595744680854,12.622340425531917,0.0,1018.596551724138,1.7487499999999998,,11.500123271973491,4.466148407451101,,33.034576,2.6871763e-07,0.22555669,-0.23384063,25.034576,3.662737
2025-06-09,34.770967741935486,15.444086021505376,5.568181818181818,1017.9535714285716,2.1164556962025314,,14.244495269228125,7.287894003424562,,35.783997,0.00014626392,-0.33260092,0.039917905,27.783997,6.412157
2025-06-10,32.65483870967742,17.83655913978495,10.07865168539326,1017.2586206896552,2.537974683544304,,12.12836623697006,9.680367121704135,,32.44516,0.0005813401,-0.85573834,-0.05568695,24.44516,3.0733204
2025-06-11,27.441304347826087,15.415217391304347,39.88636363636363,1015.1310344827588,3.3189873417721523,,6.914831875118725,7.259025373223535,,27.37439,0.0010345514,0.36226717,0.74329275,19.37439,-1.9974499
2025-06-12,27.42978723404256,11.663829787234048,0.2087912087912088,1015.4551724137932,2.24,,6.903314761335192,3.507637769153233,,28.248474,0.00017417358,0.8638026,0.62927336,20.248474,-1.1233654
2025-06-13,29.8968085106383,12.753191489361704,0.3186813186813186,1016.8551724137932,2.25125,,9.37033603793094,4.59699947128089,,31.030914,1.4292696e-07,0.97479314,0.37313855,23.030914,1.6590748
2025-06-14,31.096808510638297,13.812765957446809,0.0109890109890109,1017.4689655172416,2.32125,,10.570336037930936,5.656573939365995,,32.15973,7.1773925e-08,0.8140748,0.65598804,24.159729,2.7878895
2025-06-15,32.33297872340425,14.2468085106383,0.0109890109890109,1018.7827586206898,2.232911392405063,,11.806506250696891,6.090616492557487,,33.59897,1.1062297e-06,-0.31897545,-0.40478012,25.598969,4.227129
2025-06-16,35.12580645161291,15.735869565217392,5.43956043956044,1018.9607142857142,1.97948717948718,,14.599333978905548,7.579677547136578,,35.55957,1.26513705e-05,-0.9147193,-0.12525523,27.55957,6.187731
2025-06-17,35.50217391304348,18.475,2.4725274725274726,1018.9285714285714,1.878205128205128,,14.975701440336117,10.318807981919187,,36.195404,0.0001965767,0.3113664,-0.31514478,28.195404,6.8235645
2025-06-18,35.87849462365591,18.366666666666667,0.0978260869565217,1018.4892857142858,2.715,,15.35202215094855,10.210474648585851,,36.572052,0.0001283843,0.86557513,0.0076936483,28.572052,7.2002125
2025-06-19,33.65806451612904,19.06451612903226,2.7065217391304346,1019.8629629629633,2.6645569620253164,,13.131592043421676,10.908324110951446,,33.31244,0.00043284605,0.17506154,-1.1380982,25.312439,3.9405994
2025-06-20,35.75483870967742,18.095698924731185,5.269662921348314,1018.1814814814816,2.774683544303797,,15.22836623697006,9.93950690665037,,35.714813,4.464138e-05,-0.46518135,-0.55456996,27.714813,6.3429737
2025-06-21,35.2195652173913,18.64565217391305,8.922222222222222,1015.9586206896552,3.025,,14.693092744683938,10.489460155832232,,36.404694,0.00010205185,0.19207256,0.5502042,28.404694,7.032854
2025-06-22,33.90425531914894,18.12127659574469,2.284090909090909,1017.3310344827588,2.77625,,13.377782846441576,9.965084577663871,,35.124542,0.00032609713,-0.20644633,0.24617112,27.124542,5.7527027
2025-06-23,33.97692307692307,18.396703296703297,15.875,1017.1689655172412,2.194805194805195,,13.45045060421571,10.240511278622485,,35.574554,0.00017365204,-0.5168266,-0.36331418,27.574554,6.202715
2025-06-24,29.687777777777782,17.215555555555557,48.65909090909091,1015.4285714285714,2.9632911392405066,,9.16130530507042,9.059363537474743,,36.743805,8.166022e-05,-0.49309793,0.13846464,28.743805,7.3719654
2025-06-25,26.923076923076923,14.532967032967033,0.1573033707865168,1016.7214285714286,3.422784810126582,,6.396604450369562,6.376775014886219,,27.8703,0.005368599,1.9602598,1.4809672,19.8703,-1.5015392
2025-06-26,31.71894736842105,13.301052631578951,0.0,1020.3428571428568,1.6246913580246916,,11.192474895713689,5.144860613498137,,31.094635,0.00023332436,0.11954752,-0.26809946,23.094635,1.7227955
2025-06-27,35.427368421052634,15.94315789473684,0.0,1021.56,1.9086419753086417,,14.900895948345273,7.786965876656026,,34.79294,0.0,-0.51758766,-0.5000973,26.792938,5.4210987
2025-06-28,37.36210526315789,17.828421052631583,0.0,1021.3,1.8876543209876544,,16.835632790450532,9.672229034550767,,36.898468,5.8847235e-07,-0.3298416,-0.93969136,28.898468,7.5266285
2025-06-29,38.02947368421052,19.29263157894737,4.0989010989010985,1018.732,2.1185185185185187,,17.50300121150316,11.136439560866554,,37.907684,6.297027e-05,-0.25951323,-1.8973299,29.907684,8.535845
2025-06-30,36.973404255319146,20.30638297872341,5.263736263736264,1017.1071428571428,2.68625,,16.446931782611784,12.150190960642592,,36.692413,0.000110145396,-0.2632033,-1.1721655,28.692413,7.320574
2025-07-01,36.43118279569892,18.459139784946235,0.6292134831460674,1014.4724137931034,2.3125000000000004,,15.904710322991562,10.30294776686542,,35.82846,9.468197e-06,-0.5430005,-0.31845212,27.82846,1.5592804
2025-07-02,36.30319148936171,19.860638297872345,15.677777777777775,1014.9214285714286,2.5925,,15.776719016654347,11.704446279791531,,36.4646,8.064012e-06,-0.93801373,-0.56353855,28.4646,2.1954193
2025-07-03,35.85106382978724,19.145744680851063,26.64835164835165,1017.6,2.8512500000000003,,15.324591357079877,10.98955266277025,,35.832245,0.00020464428,-1.4590942,-0.68753177,27.832245,1.5630646
2025-07-04,35.42340425531915,18.8968085106383,16.3,1018.5653846153848,2.4087500000000004,,14.896931782611787,10.740616492557487,,35.85663,3.994368e-05,-0.5443662,0.011979739,27.856628,1.5874481
2025-07-05,34.315053763440865,18.40322580645161,9.233333333333333,1017.15,2.67875,,13.788581290733504,10.247033788370798,,34.98593,6.0158723e-05,-0.5986182,-0.8984911,26.985931,0.7167511
2025-07-06,33.992553191489364,16.87659574468085,0.0,1014.3964285714284,2.69125,,13.466080718782004,8.720403726600034,,34.168793,8.193901e-06,0.2586371,-0.41873094,26.168793,-0.10038757
2025-07-07,33.508602150537634,17.32903225806452,0.0,1012.142857142857,2.886075949367089,,12.982129677830272,9.172840239983705,,34.14157,1.8129741e-08,-1.2213663,-2.3261185,26.141571,-0.12760925
2025-07-08,33.79354838709678,15.13010752688172,0.0,1014.1571428571428,2.636708860759494,,13.267075914389416,6.973915508800905,,33.769287,0.0,-1.6518282,-1.4753987,25.769287,-0.4998932
2025-07-09,34.69438202247191,18.10224719101124,7.162790697674419,1014.6769230769232,2.793589743589744,,14.167909549764552,9.946055172930423,,35.763428,1.704759e-06,0.35261473,0.013206124,27.763428,1.4942474
2025-07-10,33.777173913043484,17.07608695652174,0.0337078651685393,1014.6321428571428,2.47051282051282,,13.250701440336124,8.919894938440924,,34.35617,4.496566e-07,1.6351439,1.4594289,26.35617,0.08699036
2025-07-11,29.27127659574468,15.379787234042556,0.0,1012.5464285714286,3.37625,,8.744804123037316,7.2235952159617405,,31.067688,7.214645e-08,2.39862,1.8837119,23.067688,-3.2014923
2025-07-12,28.14516129032258,14.063440860215056,12.626373626373626,1012.0285714285716,2.6975,,7.618688817615219,5.907248842134242,,28.40689,0.0001534493,1.7981192,1.4413718,20.40689,-5.8622894
2025-07-13,30.51063829787234,14.447872340425532,0.0333333333333333,1014.9892857142858,2.34375,,9.98416582516498,6.291680322344719,,30.778015,1.7466342e-05,1.1393795,1.3717546,22.778015,-3.4911652
2025-07-14,33.87526881720431,15.765591397849466,0.0333333333333333,1018.0785714285714,2.549367088607595,,13.348796344496948,7.609399379768652,,34.64102,3.625949e-08,0.8883559,0.80062246,26.641022,0.37184143
2025-07-15,35.22473118279571,16.42795698924731,0.2,1019.3481481481482,2.036708860759494,,14.698258710088346,8.271764971166496,,35.854675,1.4305114e-07,0.15444946,-0.52147603,27.854675,1.585495
2025-07-16,37.72717391304348,17.433695652173913,0.0561797752808988,1017.377777777778,2.5050632911392405,,17.20070144033612,9.2775036340931,,37.492706,2.1545755e-07,-0.04971075,-0.082575954,29.492706,3.223526
2025-07-17,36.55217391304348,17.822826086956525,0.0111111111111111,1014.2392857142858,3.2367088607594936,,16.02570144033612,9.66663406887571,,37.944916,1.7841121e-07,2.004193,1.2244929,29.944916,3.6757355
2025-07-18,31.40217391304348,15.234782608695651,0.0,1011.6925925925927,3.669230769230769,,10.875701440336115,7.078590590614837,,34.04355,1.0908169e-06,2.5169513,1.8940483,26.043549,-0.22563171
2025-07-19,29.12282608695653,14.561956521739129,0.0,1012.3333333333336,3.5666666666666664,,8.596353614249168,6.405764503658315,,30.918793,5.9081066e-07,2.2604911,0.6876683,22.918793,-3.3503876
2025-07-20,27.68494623655914,13.895698924731182,0.1333333333333333,1010.8357142857144,4.484810126582278,,7.158473763851777,5.739506906650368,,29.289764,3.0584638e-07,2.8714573,1.9853505,21.289764,-4.979416
2025-07-21,29.574193548387097,10.934408602150535,0.0,1014.1142857142858,2.0126582278481013,,9.047721075679735,2.778216584069723,,29.620544,1.8378099e-08,0.43924394,-0.1998802,21.620544,-4.648636
2025-07-22,32.59782608695652,13.345652173913043,0.0,1015.062962962963,2.39493670886076,,12.071353614249162,5.189460155832229,,33.113007,0.0,0.5376498,0.526582,25.113007,-1.1561737
2025-07-23,29.842391304347824,16.070652173913043,0.0,1013.5571428571428,2.566666666666667,,9.315918831640465,7.914460155832229,,31.225739,4.0931675e-07,0.925204,-0.08021927,23.225739,-3.0434418
2025-07-24,28.1483870967742,13.535483870967743,0.0,1015.7428571428572,4.225316455696204,,7.621914624066836,5.379291852886929,,29.149384,5.367006e-07,-2.8041859,-3.052523,21.149384,-5.1197968
2025-07-25,29.3752688172043,11.661290322580646,0.0,1017.7285714285716,2.849367088607595,,8.84879634449694,3.505098304499832,,29.249786,5.3395823e-08,-1.7544022,-1.8523884,21.249786,-5.019394
2025-07-26,32.02258064516129,13.030107526881723,0.0222222222222222,1018.910714285714,2.216455696202532,,11.49610817245393,4.873915508800909,,31.879364,0.0,-1.1197218,-1.5439276,23.879364,-2.3898163
2025-07-27,34.34516129032258,14.923655913978497,0.2666666666666666,1017.6571428571432,2.572151898734177,,13.818688817615218,6.767463895897681,,34.770874,0.0,-0.23714893,-0.8714587,26.770874,0.5016937
2025-07-28,31.54408602150537,15.94516129032258,0.0111111111111111,1017.814285714286,3.711392405063291,,11.017613548798014,7.788969272241765,,32.490326,0.0,-2.1973717,-2.3702145,24.490326,-1.7788544
2025-07-29,30.555913978494623,13.297849462365594,0.0,1019.1678571428572,3.5632911392405062,,10.02944150578726,5.14165744428478,,31.274384,0.0,-2.1185405,-2.2931345,23.274384,-2.9947968
2025-07-30,32.29784946236559,13.916129032258064,0.0111111111111111,1018.5214285714286,2.3265822784810126,,11.77137698965823,5.75993701417725,,31.622131,0.0,-1.5085303,-1.2300718,23.622131,-2.647049
2025-07-31,33.92934782608695,16.028260869565216,2.034482758620689,1016.4333333333332,2.189743589743589,,13.402875353379592,7.872068851484402,,33.8685,6.595626e-07,-0.71883583,-0.90173674,25.8685,-0.40068054
